paging_condition,workload_id,position,query,baseline_repeats,paging_repeats,baseline_total_ms,paging_total_ms,total_ms_delta,total_ms_speedup,baseline_load_ms,paging_load_ms,load_ms_reduction_ratio,paging_fixed_page_cached_gb
pinned_hot,fig1,1,q3,1,1,4178.786,4203.898999999999,25.112999999999374,0.9940262599077667,4178.786,3160.420166015625,0.24369896759115567,0.0
pinned_hot,fig1,2,q5,1,1,4946.071,4739.998,-206.07300000000032,1.0434753347997194,4946.071,3793.330810546875,0.23306179580784928,0.0
pinned_hot,fig1,3,q7,1,1,5333.7789999999995,4611.665999999999,-722.1130000000003,1.1565839763764332,5333.7789999999995,3574.012939453125,0.3299285666966844,0.0
pinned_hot,fig1,4,q8,1,1,6290.7880000000005,7827.897,1537.1089999999995,0.8036370432569566,6290.7880000000005,5163.81396484375,0.17914671979984867,0.0
pinned_hot,fig1,5,q10,1,1,4190.778,4547.749,356.97099999999955,0.9215060022002095,4190.778,3569.22705078125,0.1483139763592226,0.0
pinned_hot,fig1,6,q21,1,1,9495.886,9848.140000000001,352.2540000000008,0.9642314183185859,9495.886,7099.41455078125,0.25236944180024384,0.0
pinned_hot,fig1,7,q3,1,1,3595.97,3941.365,345.395,0.9123666546995775,3595.97,3177.014892578125,0.11650684166494014,0.0
pinned_hot,fig1,8,q5,1,1,4539.383,4695.3009999999995,155.91799999999967,0.9667927572694488,4539.383,3995.89794921875,0.11972663482707889,0.0
pinned_hot,fig1,9,q7,1,1,5043.763,4316.471,-727.2920000000004,1.168492270653504,4203.281982421875,3464.6240234375,0.17573362007912924,0.0
pinned_hot,fig1,10,q8,1,1,6277.004,6707.004000000001,430.0000000000009,0.9358879165719894,4994.7900390625,5016.620849609375,-0.004370716361677646,0.0
pinned_hot,fig1,11,q10,1,1,4116.23,4202.657,86.42700000000059,0.9794351525713375,3286.794921875,3370.026123046875,-0.025322906707058727,0.0
pinned_hot,fig1,12,q21,1,1,9212.707,9304.626,91.91899999999987,0.9901211504900895,7064.10693359375,6913.592041015625,0.02130699520732665,0.0
pinned_hot,fig1,13,q3,1,1,3579.1940000000004,3730.973,151.77899999999954,0.9593191909992381,2933.51904296875,3045.619873046875,-0.03821377275419963,0.0
pinned_hot,fig1,14,q5,1,1,4636.61,4833.941000000001,197.33100000000104,0.9591780288588543,3782.40234375,4091.072021484375,-0.08160678047495856,0.0
pinned_hot,fig1,15,q7,1,1,5234.907,4511.282999999999,-723.6240000000007,1.1604031491706464,4336.26171875,3589.97119140625,0.17210458587330857,0.0
pinned_hot,fig1,16,q8,1,1,6292.091,6691.652999999999,399.561999999999,0.9402894919984645,5035.761962890625,4904.738037109375,0.02601868927617852,0.0
pinned_hot,fig1,17,q10,1,1,4170.51,4473.173,302.66299999999956,0.9323381858917597,3336.67578125,3455.67626953125,-0.03566438457999342,0.0
pinned_hot,fig1,18,q21,1,1,9419.412,9403.342999999999,-16.069000000001324,1.0017088603489208,7268.932861328125,6942.872802734375,0.0448566611927923,0.0
pinned_hot,fig1,19,q3,1,1,3784.981,3880.942,95.96099999999979,0.9752737866219078,3034.027099609375,3084.557861328125,-0.016654683712368862,0.0
pinned_hot,fig1,20,q5,1,1,4749.079,4662.796,-86.28299999999945,1.0185045624985523,3767.51611328125,3820.730224609375,-0.01412445487373885,0.0
pinned_hot,fig1,21,q7,1,1,5305.843999999999,4394.879000000001,-910.9649999999983,1.2072787441929569,4195.8740234375,3531.9599609375,0.1582302182552382,0.0
pinned_hot,fig1,22,q8,1,1,6451.065,6533.879,82.8140000000003,0.987325446338997,4938.335205078125,4924.51904296875,0.0027977367950170217,0.0
pinned_hot,fig1,23,q10,1,1,4286.876,4210.589,-76.28700000000026,1.0181178927698715,3151.008056640625,3370.5810546875,-0.06968341372029614,0.0
pinned_hot,fig1,24,q21,1,1,9213.412,9279.566,66.15400000000045,0.9928710028033638,4109.266845703125,6950.18603515625,-0.691344538119676,0.0
pinned_hot,fig1,25,q3,1,1,3796.696,3727.98,-68.7159999999999,1.0184325023202914,3796.696,3041.945068359375,0.1987915102079874,0.0
pinned_hot,fig1,26,q5,1,1,4728.263,4484.349,-243.91399999999976,1.0543922874869909,4728.263,3781.569091796875,0.20022023060120067,0.0
pinned_hot,fig1,27,q7,1,1,5111.486,4374.729,-736.7569999999996,1.1684120319224345,3295.90185546875,3492.781005859375,-0.05973453064567192,0.0
pinned_hot,fig1,28,q8,1,1,6133.575000000001,6650.844,517.2689999999993,0.9222250589549237,6133.575000000001,4993.376953125,0.18589453082011723,0.0
pinned_hot,fig1,29,q10,1,1,4121.367,4585.056,463.6889999999994,0.898869501266724,2917.243896484375,3546.393798828125,-0.21566585608489927,0.0
pinned_hot,fig1,30,q21,1,1,9286.93,9588.587,301.65699999999924,0.9685399944746813,3854.58837890625,6934.843994140625,-0.79911402008336,0.0
