query,condition,execution,runtime_s,total_ms,total_ms,load_ms,scan_materialize_work_ms,scan_uncompressed_gb,compute_ms,fixed_page_cached_gb,fixed_page_reuse_split_count,fixed_page_materialize_count,fixed_page_fallback_count,fixed_page_extra_stage_ms,page_budget_evicted_pages,page_budget_evicted_gb,demand_load_pages,demand_load_gb,demand_load_ms,demand_load_read_calls,cache_column_materialize_ms,cache_column_view_ms,splice_materialize_ms,splice_view_build_ms,filtered_splice_materialize_ms,filtered_splice_materialize_single_mask_ms,partial_filter_cached_mask_ms,partial_filter_mask_splice_ms,single_mask_filter_apply_ms,cached_filter_select_ms,post_filter_select_ms,inline_assembly_ms,post_filter_project_assembly_ms,benchmark_dir
q1,cold_hot,1,13.139522865007166,13139.522865007166,13139.522865007166,0.0,0.0,0.0,13139.522865007166,0.0,0,0,0,0.0,0,0.0,0,0.0,0.0,0,0.0,0.0,0.0,0.0,0.0,0.0,0.0,0.0,0.0,0.0,0.0,0.0,0.0,/home/dy1013/sirius_multi-gpu/experiment/fixed_page_runs/tpch22_5x_7gb_ws3g/cold_hot/q1
q1,cold_hot,2,11.583796460996382,11583.796460996382,11583.796460996382,0.0,0.0,0.0,11583.796460996382,0.0,0,0,0,0.0,0,0.0,0,0.0,0.0,0,0.0,0.0,0.0,0.0,0.0,0.0,0.0,0.0,0.0,0.0,0.0,0.0,0.0,/home/dy1013/sirius_multi-gpu/experiment/fixed_page_runs/tpch22_5x_7gb_ws3g/cold_hot/q1
q1,cold_hot,3,12.069311085011577,12069.311085011577,12069.311085011577,0.0,0.0,0.0,12069.311085011577,0.0,0,0,0,0.0,0,0.0,0,0.0,0.0,0,0.0,0.0,0.0,0.0,0.0,0.0,0.0,0.0,0.0,0.0,0.0,0.0,0.0,/home/dy1013/sirius_multi-gpu/experiment/fixed_page_runs/tpch22_5x_7gb_ws3g/cold_hot/q1
q1,cold_hot,4,11.757235747005325,11757.235747005325,11757.235747005325,0.0,0.0,0.0,11757.235747005325,0.0,0,0,0,0.0,0,0.0,0,0.0,0.0,0,0.0,0.0,0.0,0.0,0.0,0.0,0.0,0.0,0.0,0.0,0.0,0.0,0.0,/home/dy1013/sirius_multi-gpu/experiment/fixed_page_runs/tpch22_5x_7gb_ws3g/cold_hot/q1
q1,cold_hot,5,12.299085513019236,12299.085513019236,12299.085513019236,0.0,0.0,0.0,12299.085513019236,0.0,0,0,0,0.0,0,0.0,0,0.0,0.0,0,0.0,0.0,0.0,0.0,0.0,0.0,0.0,0.0,0.0,0.0,0.0,0.0,0.0,/home/dy1013/sirius_multi-gpu/experiment/fixed_page_runs/tpch22_5x_7gb_ws3g/cold_hot/q1
q10,cold_hot,1,11.956915797985857,11956.915797985857,11956.915797985857,0.0,0.0,0.0,11956.915797985857,0.0,0,0,0,0.0,0,0.0,0,0.0,0.0,0,0.0,0.0,0.0,0.0,0.0,0.0,0.0,0.0,0.0,0.0,0.0,0.0,0.0,/home/dy1013/sirius_multi-gpu/experiment/fixed_page_runs/tpch22_5x_7gb_ws3g/cold_hot/q10
q10,cold_hot,2,11.184771993983304,11184.771993983304,11184.771993983304,0.0,0.0,0.0,11184.771993983304,0.0,0,0,0,0.0,0,0.0,0,0.0,0.0,0,0.0,0.0,0.0,0.0,0.0,0.0,0.0,0.0,0.0,0.0,0.0,0.0,0.0,/home/dy1013/sirius_multi-gpu/experiment/fixed_page_runs/tpch22_5x_7gb_ws3g/cold_hot/q10
q10,cold_hot,3,11.083564114000183,11083.564114000183,11083.564114000183,0.0,0.0,0.0,11083.564114000183,0.0,0,0,0,0.0,0,0.0,0,0.0,0.0,0,0.0,0.0,0.0,0.0,0.0,0.0,0.0,0.0,0.0,0.0,0.0,0.0,0.0,/home/dy1013/sirius_multi-gpu/experiment/fixed_page_runs/tpch22_5x_7gb_ws3g/cold_hot/q10
q10,cold_hot,4,11.360756387992296,11360.756387992296,11360.756387992296,0.0,0.0,0.0,11360.756387992296,0.0,0,0,0,0.0,0,0.0,0,0.0,0.0,0,0.0,0.0,0.0,0.0,0.0,0.0,0.0,0.0,0.0,0.0,0.0,0.0,0.0,/home/dy1013/sirius_multi-gpu/experiment/fixed_page_runs/tpch22_5x_7gb_ws3g/cold_hot/q10
q10,cold_hot,5,11.441344373015454,11441.344373015454,11441.344373015454,0.0,0.0,0.0,11441.344373015454,0.0,0,0,0,0.0,0,0.0,0,0.0,0.0,0,0.0,0.0,0.0,0.0,0.0,0.0,0.0,0.0,0.0,0.0,0.0,0.0,0.0,/home/dy1013/sirius_multi-gpu/experiment/fixed_page_runs/tpch22_5x_7gb_ws3g/cold_hot/q10
q11,cold_hot,1,1.8052688319876324,1805.2688319876324,1805.2688319876324,0.0,0.0,0.0,1805.2688319876324,0.0,0,0,0,0.0,0,0.0,0,0.0,0.0,0,0.0,0.0,0.0,0.0,0.0,0.0,0.0,0.0,0.0,0.0,0.0,0.0,0.0,/home/dy1013/sirius_multi-gpu/experiment/fixed_page_runs/tpch22_5x_7gb_ws3g/cold_hot/q11
q11,cold_hot,2,1.257547399989562,1257.547399989562,1257.547399989562,0.0,0.0,0.0,1257.547399989562,0.0,0,0,0,0.0,0,0.0,0,0.0,0.0,0,0.0,0.0,0.0,0.0,0.0,0.0,0.0,0.0,0.0,0.0,0.0,0.0,0.0,/home/dy1013/sirius_multi-gpu/experiment/fixed_page_runs/tpch22_5x_7gb_ws3g/cold_hot/q11
q11,cold_hot,3,1.215127825998934,1215.127825998934,1215.127825998934,0.0,0.0,0.0,1215.127825998934,0.0,0,0,0,0.0,0,0.0,0,0.0,0.0,0,0.0,0.0,0.0,0.0,0.0,0.0,0.0,0.0,0.0,0.0,0.0,0.0,0.0,/home/dy1013/sirius_multi-gpu/experiment/fixed_page_runs/tpch22_5x_7gb_ws3g/cold_hot/q11
q11,cold_hot,4,1.2046623159840237,1204.6623159840237,1204.6623159840237,0.0,0.0,0.0,1204.6623159840237,0.0,0,0,0,0.0,0,0.0,0,0.0,0.0,0,0.0,0.0,0.0,0.0,0.0,0.0,0.0,0.0,0.0,0.0,0.0,0.0,0.0,/home/dy1013/sirius_multi-gpu/experiment/fixed_page_runs/tpch22_5x_7gb_ws3g/cold_hot/q11
q11,cold_hot,5,1.196639422007138,1196.639422007138,1196.639422007138,0.0,0.0,0.0,1196.639422007138,0.0,0,0,0,0.0,0,0.0,0,0.0,0.0,0,0.0,0.0,0.0,0.0,0.0,0.0,0.0,0.0,0.0,0.0,0.0,0.0,0.0,/home/dy1013/sirius_multi-gpu/experiment/fixed_page_runs/tpch22_5x_7gb_ws3g/cold_hot/q11
q12,cold_hot,1,8.94857323000906,8948.57323000906,8948.57323000906,0.0,0.0,0.0,8948.57323000906,0.0,0,0,0,0.0,0,0.0,0,0.0,0.0,0,0.0,0.0,0.0,0.0,0.0,0.0,0.0,0.0,0.0,0.0,0.0,0.0,0.0,/home/dy1013/sirius_multi-gpu/experiment/fixed_page_runs/tpch22_5x_7gb_ws3g/cold_hot/q12
q12,cold_hot,2,8.06260277700494,8062.60277700494,8062.60277700494,0.0,0.0,0.0,8062.60277700494,0.0,0,0,0,0.0,0,0.0,0,0.0,0.0,0,0.0,0.0,0.0,0.0,0.0,0.0,0.0,0.0,0.0,0.0,0.0,0.0,0.0,/home/dy1013/sirius_multi-gpu/experiment/fixed_page_runs/tpch22_5x_7gb_ws3g/cold_hot/q12
q12,cold_hot,3,8.207547433004947,8207.547433004947,8207.547433004947,0.0,0.0,0.0,8207.547433004947,0.0,0,0,0,0.0,0,0.0,0,0.0,0.0,0,0.0,0.0,0.0,0.0,0.0,0.0,0.0,0.0,0.0,0.0,0.0,0.0,0.0,/home/dy1013/sirius_multi-gpu/experiment/fixed_page_runs/tpch22_5x_7gb_ws3g/cold_hot/q12
q12,cold_hot,4,8.121081817982486,8121.0818179824855,8121.0818179824855,0.0,0.0,0.0,8121.0818179824855,0.0,0,0,0,0.0,0,0.0,0,0.0,0.0,0,0.0,0.0,0.0,0.0,0.0,0.0,0.0,0.0,0.0,0.0,0.0,0.0,0.0,/home/dy1013/sirius_multi-gpu/experiment/fixed_page_runs/tpch22_5x_7gb_ws3g/cold_hot/q12
q12,cold_hot,5,8.254714415001217,8254.714415001217,8254.714415001217,0.0,0.0,0.0,8254.714415001217,0.0,0,0,0,0.0,0,0.0,0,0.0,0.0,0,0.0,0.0,0.0,0.0,0.0,0.0,0.0,0.0,0.0,0.0,0.0,0.0,0.0,/home/dy1013/sirius_multi-gpu/experiment/fixed_page_runs/tpch22_5x_7gb_ws3g/cold_hot/q12
q14,cold_hot,1,9.244157859007828,9244.157859007828,9244.157859007828,0.0,0.0,0.0,9244.157859007828,0.0,0,0,0,0.0,0,0.0,0,0.0,0.0,0,0.0,0.0,0.0,0.0,0.0,0.0,0.0,0.0,0.0,0.0,0.0,0.0,0.0,/home/dy1013/sirius_multi-gpu/experiment/fixed_page_runs/tpch22_5x_7gb_ws3g/cold_hot/q14
q14,cold_hot,2,8.851292008999735,8851.292008999735,8851.292008999735,0.0,0.0,0.0,8851.292008999735,0.0,0,0,0,0.0,0,0.0,0,0.0,0.0,0,0.0,0.0,0.0,0.0,0.0,0.0,0.0,0.0,0.0,0.0,0.0,0.0,0.0,/home/dy1013/sirius_multi-gpu/experiment/fixed_page_runs/tpch22_5x_7gb_ws3g/cold_hot/q14
q14,cold_hot,3,9.100199664011598,9100.199664011598,9100.199664011598,0.0,0.0,0.0,9100.199664011598,0.0,0,0,0,0.0,0,0.0,0,0.0,0.0,0,0.0,0.0,0.0,0.0,0.0,0.0,0.0,0.0,0.0,0.0,0.0,0.0,0.0,/home/dy1013/sirius_multi-gpu/experiment/fixed_page_runs/tpch22_5x_7gb_ws3g/cold_hot/q14
q14,cold_hot,4,8.932857189007336,8932.857189007336,8932.857189007336,0.0,0.0,0.0,8932.857189007336,0.0,0,0,0,0.0,0,0.0,0,0.0,0.0,0,0.0,0.0,0.0,0.0,0.0,0.0,0.0,0.0,0.0,0.0,0.0,0.0,0.0,/home/dy1013/sirius_multi-gpu/experiment/fixed_page_runs/tpch22_5x_7gb_ws3g/cold_hot/q14
q14,cold_hot,5,8.75433962000534,8754.33962000534,8754.33962000534,0.0,0.0,0.0,8754.33962000534,0.0,0,0,0,0.0,0,0.0,0,0.0,0.0,0,0.0,0.0,0.0,0.0,0.0,0.0,0.0,0.0,0.0,0.0,0.0,0.0,0.0,/home/dy1013/sirius_multi-gpu/experiment/fixed_page_runs/tpch22_5x_7gb_ws3g/cold_hot/q14
q15,cold_hot,1,9.047939690004569,9047.939690004569,9047.939690004569,0.0,0.0,0.0,9047.939690004569,0.0,0,0,0,0.0,0,0.0,0,0.0,0.0,0,0.0,0.0,0.0,0.0,0.0,0.0,0.0,0.0,0.0,0.0,0.0,0.0,0.0,/home/dy1013/sirius_multi-gpu/experiment/fixed_page_runs/tpch22_5x_7gb_ws3g/cold_hot/q15
q15,cold_hot,2,9.047199824010022,9047.199824010022,9047.199824010022,0.0,0.0,0.0,9047.199824010022,0.0,0,0,0,0.0,0,0.0,0,0.0,0.0,0,0.0,0.0,0.0,0.0,0.0,0.0,0.0,0.0,0.0,0.0,0.0,0.0,0.0,/home/dy1013/sirius_multi-gpu/experiment/fixed_page_runs/tpch22_5x_7gb_ws3g/cold_hot/q15
q15,cold_hot,3,8.783302117022686,8783.302117022686,8783.302117022686,0.0,0.0,0.0,8783.302117022686,0.0,0,0,0,0.0,0,0.0,0,0.0,0.0,0,0.0,0.0,0.0,0.0,0.0,0.0,0.0,0.0,0.0,0.0,0.0,0.0,0.0,/home/dy1013/sirius_multi-gpu/experiment/fixed_page_runs/tpch22_5x_7gb_ws3g/cold_hot/q15
q15,cold_hot,4,8.93549647499458,8935.49647499458,8935.49647499458,0.0,0.0,0.0,8935.49647499458,0.0,0,0,0,0.0,0,0.0,0,0.0,0.0,0,0.0,0.0,0.0,0.0,0.0,0.0,0.0,0.0,0.0,0.0,0.0,0.0,0.0,/home/dy1013/sirius_multi-gpu/experiment/fixed_page_runs/tpch22_5x_7gb_ws3g/cold_hot/q15
q15,cold_hot,5,9.096980786998756,9096.980786998756,9096.980786998756,0.0,0.0,0.0,9096.980786998756,0.0,0,0,0,0.0,0,0.0,0,0.0,0.0,0,0.0,0.0,0.0,0.0,0.0,0.0,0.0,0.0,0.0,0.0,0.0,0.0,0.0,/home/dy1013/sirius_multi-gpu/experiment/fixed_page_runs/tpch22_5x_7gb_ws3g/cold_hot/q15
q16,cold_hot,1,0.8730324589996599,873.0324589996599,873.0324589996599,0.0,0.0,0.0,873.0324589996599,0.0,0,0,0,0.0,0,0.0,0,0.0,0.0,0,0.0,0.0,0.0,0.0,0.0,0.0,0.0,0.0,0.0,0.0,0.0,0.0,0.0,/home/dy1013/sirius_multi-gpu/experiment/fixed_page_runs/tpch22_5x_7gb_ws3g/cold_hot/q16
q16,cold_hot,2,0.7398712849826552,739.8712849826552,739.8712849826552,0.0,0.0,0.0,739.8712849826552,0.0,0,0,0,0.0,0,0.0,0,0.0,0.0,0,0.0,0.0,0.0,0.0,0.0,0.0,0.0,0.0,0.0,0.0,0.0,0.0,0.0,/home/dy1013/sirius_multi-gpu/experiment/fixed_page_runs/tpch22_5x_7gb_ws3g/cold_hot/q16
q16,cold_hot,3,0.7300203219929244,730.0203219929244,730.0203219929244,0.0,0.0,0.0,730.0203219929244,0.0,0,0,0,0.0,0,0.0,0,0.0,0.0,0,0.0,0.0,0.0,0.0,0.0,0.0,0.0,0.0,0.0,0.0,0.0,0.0,0.0,/home/dy1013/sirius_multi-gpu/experiment/fixed_page_runs/tpch22_5x_7gb_ws3g/cold_hot/q16
q16,cold_hot,4,0.7293018130003475,729.3018130003475,729.3018130003475,0.0,0.0,0.0,729.3018130003475,0.0,0,0,0,0.0,0,0.0,0,0.0,0.0,0,0.0,0.0,0.0,0.0,0.0,0.0,0.0,0.0,0.0,0.0,0.0,0.0,0.0,/home/dy1013/sirius_multi-gpu/experiment/fixed_page_runs/tpch22_5x_7gb_ws3g/cold_hot/q16
q16,cold_hot,5,0.7400432029971853,740.0432029971853,740.0432029971853,0.0,0.0,0.0,740.0432029971853,0.0,0,0,0,0.0,0,0.0,0,0.0,0.0,0,0.0,0.0,0.0,0.0,0.0,0.0,0.0,0.0,0.0,0.0,0.0,0.0,0.0,/home/dy1013/sirius_multi-gpu/experiment/fixed_page_runs/tpch22_5x_7gb_ws3g/cold_hot/q16
q17,cold_hot,1,15.216629842005204,15216.629842005204,15216.629842005204,0.0,0.0,0.0,15216.629842005204,0.0,0,0,0,0.0,0,0.0,0,0.0,0.0,0,0.0,0.0,0.0,0.0,0.0,0.0,0.0,0.0,0.0,0.0,0.0,0.0,0.0,/home/dy1013/sirius_multi-gpu/experiment/fixed_page_runs/tpch22_5x_7gb_ws3g/cold_hot/q17
q17,cold_hot,2,14.451199179980904,14451.199179980904,14451.199179980904,0.0,0.0,0.0,14451.199179980904,0.0,0,0,0,0.0,0,0.0,0,0.0,0.0,0,0.0,0.0,0.0,0.0,0.0,0.0,0.0,0.0,0.0,0.0,0.0,0.0,0.0,/home/dy1013/sirius_multi-gpu/experiment/fixed_page_runs/tpch22_5x_7gb_ws3g/cold_hot/q17
q17,cold_hot,3,14.010730466980021,14010.730466980021,14010.730466980021,0.0,0.0,0.0,14010.730466980021,0.0,0,0,0,0.0,0,0.0,0,0.0,0.0,0,0.0,0.0,0.0,0.0,0.0,0.0,0.0,0.0,0.0,0.0,0.0,0.0,0.0,/home/dy1013/sirius_multi-gpu/experiment/fixed_page_runs/tpch22_5x_7gb_ws3g/cold_hot/q17
q17,cold_hot,4,13.566767835989594,13566.767835989594,13566.767835989594,0.0,0.0,0.0,13566.767835989594,0.0,0,0,0,0.0,0,0.0,0,0.0,0.0,0,0.0,0.0,0.0,0.0,0.0,0.0,0.0,0.0,0.0,0.0,0.0,0.0,0.0,/home/dy1013/sirius_multi-gpu/experiment/fixed_page_runs/tpch22_5x_7gb_ws3g/cold_hot/q17
q17,cold_hot,5,14.601500830991426,14601.500830991426,14601.500830991426,0.0,0.0,0.0,14601.500830991426,0.0,0,0,0,0.0,0,0.0,0,0.0,0.0,0,0.0,0.0,0.0,0.0,0.0,0.0,0.0,0.0,0.0,0.0,0.0,0.0,0.0,/home/dy1013/sirius_multi-gpu/experiment/fixed_page_runs/tpch22_5x_7gb_ws3g/cold_hot/q17
q18,cold_hot,1,10.135770040011266,10135.770040011266,10135.770040011266,0.0,0.0,0.0,10135.770040011266,0.0,0,0,0,0.0,0,0.0,0,0.0,0.0,0,0.0,0.0,0.0,0.0,0.0,0.0,0.0,0.0,0.0,0.0,0.0,0.0,0.0,/home/dy1013/sirius_multi-gpu/experiment/fixed_page_runs/tpch22_5x_7gb_ws3g/cold_hot/q18
q18,cold_hot,2,9.984978060005233,9984.978060005233,9984.978060005233,0.0,0.0,0.0,9984.978060005233,0.0,0,0,0,0.0,0,0.0,0,0.0,0.0,0,0.0,0.0,0.0,0.0,0.0,0.0,0.0,0.0,0.0,0.0,0.0,0.0,0.0,/home/dy1013/sirius_multi-gpu/experiment/fixed_page_runs/tpch22_5x_7gb_ws3g/cold_hot/q18
q18,cold_hot,3,9.73069553001551,9730.69553001551,9730.69553001551,0.0,0.0,0.0,9730.69553001551,0.0,0,0,0,0.0,0,0.0,0,0.0,0.0,0,0.0,0.0,0.0,0.0,0.0,0.0,0.0,0.0,0.0,0.0,0.0,0.0,0.0,/home/dy1013/sirius_multi-gpu/experiment/fixed_page_runs/tpch22_5x_7gb_ws3g/cold_hot/q18
q18,cold_hot,4,9.689003549021436,9689.003549021436,9689.003549021436,0.0,0.0,0.0,9689.003549021436,0.0,0,0,0,0.0,0,0.0,0,0.0,0.0,0,0.0,0.0,0.0,0.0,0.0,0.0,0.0,0.0,0.0,0.0,0.0,0.0,0.0,/home/dy1013/sirius_multi-gpu/experiment/fixed_page_runs/tpch22_5x_7gb_ws3g/cold_hot/q18
q18,cold_hot,5,9.419546188000822,9419.546188000822,9419.546188000822,0.0,0.0,0.0,9419.546188000822,0.0,0,0,0,0.0,0,0.0,0,0.0,0.0,0,0.0,0.0,0.0,0.0,0.0,0.0,0.0,0.0,0.0,0.0,0.0,0.0,0.0,/home/dy1013/sirius_multi-gpu/experiment/fixed_page_runs/tpch22_5x_7gb_ws3g/cold_hot/q18
q19,cold_hot,1,12.470705389976501,12470.705389976501,12470.705389976501,0.0,0.0,0.0,12470.705389976501,0.0,0,0,0,0.0,0,0.0,0,0.0,0.0,0,0.0,0.0,0.0,0.0,0.0,0.0,0.0,0.0,0.0,0.0,0.0,0.0,0.0,/home/dy1013/sirius_multi-gpu/experiment/fixed_page_runs/tpch22_5x_7gb_ws3g/cold_hot/q19
q19,cold_hot,2,12.024361112009501,12024.361112009501,12024.361112009501,0.0,0.0,0.0,12024.361112009501,0.0,0,0,0,0.0,0,0.0,0,0.0,0.0,0,0.0,0.0,0.0,0.0,0.0,0.0,0.0,0.0,0.0,0.0,0.0,0.0,0.0,/home/dy1013/sirius_multi-gpu/experiment/fixed_page_runs/tpch22_5x_7gb_ws3g/cold_hot/q19
q19,cold_hot,3,11.874869044026127,11874.869044026127,11874.869044026127,0.0,0.0,0.0,11874.869044026127,0.0,0,0,0,0.0,0,0.0,0,0.0,0.0,0,0.0,0.0,0.0,0.0,0.0,0.0,0.0,0.0,0.0,0.0,0.0,0.0,0.0,/home/dy1013/sirius_multi-gpu/experiment/fixed_page_runs/tpch22_5x_7gb_ws3g/cold_hot/q19
q19,cold_hot,4,11.857100610999623,11857.100610999623,11857.100610999623,0.0,0.0,0.0,11857.100610999623,0.0,0,0,0,0.0,0,0.0,0,0.0,0.0,0,0.0,0.0,0.0,0.0,0.0,0.0,0.0,0.0,0.0,0.0,0.0,0.0,0.0,/home/dy1013/sirius_multi-gpu/experiment/fixed_page_runs/tpch22_5x_7gb_ws3g/cold_hot/q19
q19,cold_hot,5,11.03651847000583,11036.51847000583,11036.51847000583,0.0,0.0,0.0,11036.51847000583,0.0,0,0,0,0.0,0,0.0,0,0.0,0.0,0,0.0,0.0,0.0,0.0,0.0,0.0,0.0,0.0,0.0,0.0,0.0,0.0,0.0,/home/dy1013/sirius_multi-gpu/experiment/fixed_page_runs/tpch22_5x_7gb_ws3g/cold_hot/q19
q2,cold_hot,1,1.2736375520180445,1273.6375520180445,1273.6375520180445,0.0,0.0,0.0,1273.6375520180445,0.0,0,0,0,0.0,0,0.0,0,0.0,0.0,0,0.0,0.0,0.0,0.0,0.0,0.0,0.0,0.0,0.0,0.0,0.0,0.0,0.0,/home/dy1013/sirius_multi-gpu/experiment/fixed_page_runs/tpch22_5x_7gb_ws3g/cold_hot/q2
q2,cold_hot,2,1.1635841679817531,1163.5841679817531,1163.5841679817531,0.0,0.0,0.0,1163.5841679817531,0.0,0,0,0,0.0,0,0.0,0,0.0,0.0,0,0.0,0.0,0.0,0.0,0.0,0.0,0.0,0.0,0.0,0.0,0.0,0.0,0.0,/home/dy1013/sirius_multi-gpu/experiment/fixed_page_runs/tpch22_5x_7gb_ws3g/cold_hot/q2
q2,cold_hot,3,1.1642583639768418,1164.2583639768418,1164.2583639768418,0.0,0.0,0.0,1164.2583639768418,0.0,0,0,0,0.0,0,0.0,0,0.0,0.0,0,0.0,0.0,0.0,0.0,0.0,0.0,0.0,0.0,0.0,0.0,0.0,0.0,0.0,/home/dy1013/sirius_multi-gpu/experiment/fixed_page_runs/tpch22_5x_7gb_ws3g/cold_hot/q2
q2,cold_hot,4,1.1638460700050928,1163.8460700050928,1163.8460700050928,0.0,0.0,0.0,1163.8460700050928,0.0,0,0,0,0.0,0,0.0,0,0.0,0.0,0,0.0,0.0,0.0,0.0,0.0,0.0,0.0,0.0,0.0,0.0,0.0,0.0,0.0,/home/dy1013/sirius_multi-gpu/experiment/fixed_page_runs/tpch22_5x_7gb_ws3g/cold_hot/q2
q2,cold_hot,5,1.1623373180045746,1162.3373180045746,1162.3373180045746,0.0,0.0,0.0,1162.3373180045746,0.0,0,0,0,0.0,0,0.0,0,0.0,0.0,0,0.0,0.0,0.0,0.0,0.0,0.0,0.0,0.0,0.0,0.0,0.0,0.0,0.0,/home/dy1013/sirius_multi-gpu/experiment/fixed_page_runs/tpch22_5x_7gb_ws3g/cold_hot/q2
q20,cold_hot,1,9.406719052989502,9406.719052989502,9406.719052989502,0.0,0.0,0.0,9406.719052989502,0.0,0,0,0,0.0,0,0.0,0,0.0,0.0,0,0.0,0.0,0.0,0.0,0.0,0.0,0.0,0.0,0.0,0.0,0.0,0.0,0.0,/home/dy1013/sirius_multi-gpu/experiment/fixed_page_runs/tpch22_5x_7gb_ws3g/cold_hot/q20
q20,cold_hot,2,8.9549475320091,8954.9475320091,8954.9475320091,0.0,0.0,0.0,8954.9475320091,0.0,0,0,0,0.0,0,0.0,0,0.0,0.0,0,0.0,0.0,0.0,0.0,0.0,0.0,0.0,0.0,0.0,0.0,0.0,0.0,0.0,/home/dy1013/sirius_multi-gpu/experiment/fixed_page_runs/tpch22_5x_7gb_ws3g/cold_hot/q20
q20,cold_hot,3,9.09572582700639,9095.72582700639,9095.72582700639,0.0,0.0,0.0,9095.72582700639,0.0,0,0,0,0.0,0,0.0,0,0.0,0.0,0,0.0,0.0,0.0,0.0,0.0,0.0,0.0,0.0,0.0,0.0,0.0,0.0,0.0,/home/dy1013/sirius_multi-gpu/experiment/fixed_page_runs/tpch22_5x_7gb_ws3g/cold_hot/q20
q20,cold_hot,4,9.265640372992493,9265.640372992493,9265.640372992493,0.0,0.0,0.0,9265.640372992493,0.0,0,0,0,0.0,0,0.0,0,0.0,0.0,0,0.0,0.0,0.0,0.0,0.0,0.0,0.0,0.0,0.0,0.0,0.0,0.0,0.0,/home/dy1013/sirius_multi-gpu/experiment/fixed_page_runs/tpch22_5x_7gb_ws3g/cold_hot/q20
q20,cold_hot,5,8.473796783015132,8473.796783015132,8473.796783015132,0.0,0.0,0.0,8473.796783015132,0.0,0,0,0,0.0,0,0.0,0,0.0,0.0,0,0.0,0.0,0.0,0.0,0.0,0.0,0.0,0.0,0.0,0.0,0.0,0.0,0.0,/home/dy1013/sirius_multi-gpu/experiment/fixed_page_runs/tpch22_5x_7gb_ws3g/cold_hot/q20
q21,cold_hot,1,26.632481859007385,26632.481859007385,26632.481859007385,0.0,0.0,0.0,26632.481859007385,0.0,0,0,0,0.0,0,0.0,0,0.0,0.0,0,0.0,0.0,0.0,0.0,0.0,0.0,0.0,0.0,0.0,0.0,0.0,0.0,0.0,/home/dy1013/sirius_multi-gpu/experiment/fixed_page_runs/tpch22_5x_7gb_ws3g/cold_hot/q21
q21,cold_hot,2,25.62483170698397,25624.83170698397,25624.83170698397,0.0,0.0,0.0,25624.83170698397,0.0,0,0,0,0.0,0,0.0,0,0.0,0.0,0,0.0,0.0,0.0,0.0,0.0,0.0,0.0,0.0,0.0,0.0,0.0,0.0,0.0,/home/dy1013/sirius_multi-gpu/experiment/fixed_page_runs/tpch22_5x_7gb_ws3g/cold_hot/q21
q21,cold_hot,3,25.30035258299904,25300.35258299904,25300.35258299904,0.0,0.0,0.0,25300.35258299904,0.0,0,0,0,0.0,0,0.0,0,0.0,0.0,0,0.0,0.0,0.0,0.0,0.0,0.0,0.0,0.0,0.0,0.0,0.0,0.0,0.0,/home/dy1013/sirius_multi-gpu/experiment/fixed_page_runs/tpch22_5x_7gb_ws3g/cold_hot/q21
q21,cold_hot,4,25.245622550020926,25245.622550020926,25245.622550020926,0.0,0.0,0.0,25245.622550020926,0.0,0,0,0,0.0,0,0.0,0,0.0,0.0,0,0.0,0.0,0.0,0.0,0.0,0.0,0.0,0.0,0.0,0.0,0.0,0.0,0.0,/home/dy1013/sirius_multi-gpu/experiment/fixed_page_runs/tpch22_5x_7gb_ws3g/cold_hot/q21
q21,cold_hot,5,25.006371038994985,25006.371038994985,25006.371038994985,0.0,0.0,0.0,25006.371038994985,0.0,0,0,0,0.0,0,0.0,0,0.0,0.0,0,0.0,0.0,0.0,0.0,0.0,0.0,0.0,0.0,0.0,0.0,0.0,0.0,0.0,/home/dy1013/sirius_multi-gpu/experiment/fixed_page_runs/tpch22_5x_7gb_ws3g/cold_hot/q21
q22,cold_hot,1,1.0629174550122116,1062.9174550122116,1062.9174550122116,0.0,0.0,0.0,1062.9174550122116,0.0,0,0,0,0.0,0,0.0,0,0.0,0.0,0,0.0,0.0,0.0,0.0,0.0,0.0,0.0,0.0,0.0,0.0,0.0,0.0,0.0,/home/dy1013/sirius_multi-gpu/experiment/fixed_page_runs/tpch22_5x_7gb_ws3g/cold_hot/q22
q22,cold_hot,2,0.9206791379838251,920.6791379838251,920.6791379838251,0.0,0.0,0.0,920.6791379838251,0.0,0,0,0,0.0,0,0.0,0,0.0,0.0,0,0.0,0.0,0.0,0.0,0.0,0.0,0.0,0.0,0.0,0.0,0.0,0.0,0.0,/home/dy1013/sirius_multi-gpu/experiment/fixed_page_runs/tpch22_5x_7gb_ws3g/cold_hot/q22
q22,cold_hot,3,0.9007734920014627,900.7734920014627,900.7734920014627,0.0,0.0,0.0,900.7734920014627,0.0,0,0,0,0.0,0,0.0,0,0.0,0.0,0,0.0,0.0,0.0,0.0,0.0,0.0,0.0,0.0,0.0,0.0,0.0,0.0,0.0,/home/dy1013/sirius_multi-gpu/experiment/fixed_page_runs/tpch22_5x_7gb_ws3g/cold_hot/q22
q22,cold_hot,4,0.9204676570079755,920.4676570079755,920.4676570079755,0.0,0.0,0.0,920.4676570079755,0.0,0,0,0,0.0,0,0.0,0,0.0,0.0,0,0.0,0.0,0.0,0.0,0.0,0.0,0.0,0.0,0.0,0.0,0.0,0.0,0.0,/home/dy1013/sirius_multi-gpu/experiment/fixed_page_runs/tpch22_5x_7gb_ws3g/cold_hot/q22
q22,cold_hot,5,0.910591961001046,910.591961001046,910.591961001046,0.0,0.0,0.0,910.591961001046,0.0,0,0,0,0.0,0,0.0,0,0.0,0.0,0,0.0,0.0,0.0,0.0,0.0,0.0,0.0,0.0,0.0,0.0,0.0,0.0,0.0,/home/dy1013/sirius_multi-gpu/experiment/fixed_page_runs/tpch22_5x_7gb_ws3g/cold_hot/q22
q3,cold_hot,1,8.224368105002213,8224.368105002213,8224.368105002213,0.0,0.0,0.0,8224.368105002213,0.0,0,0,0,0.0,0,0.0,0,0.0,0.0,0,0.0,0.0,0.0,0.0,0.0,0.0,0.0,0.0,0.0,0.0,0.0,0.0,0.0,/home/dy1013/sirius_multi-gpu/experiment/fixed_page_runs/tpch22_5x_7gb_ws3g/cold_hot/q3
q3,cold_hot,2,8.459818993986119,8459.818993986119,8459.818993986119,0.0,0.0,0.0,8459.818993986119,0.0,0,0,0,0.0,0,0.0,0,0.0,0.0,0,0.0,0.0,0.0,0.0,0.0,0.0,0.0,0.0,0.0,0.0,0.0,0.0,0.0,/home/dy1013/sirius_multi-gpu/experiment/fixed_page_runs/tpch22_5x_7gb_ws3g/cold_hot/q3
q3,cold_hot,3,8.129393976007123,8129.393976007123,8129.393976007123,0.0,0.0,0.0,8129.393976007123,0.0,0,0,0,0.0,0,0.0,0,0.0,0.0,0,0.0,0.0,0.0,0.0,0.0,0.0,0.0,0.0,0.0,0.0,0.0,0.0,0.0,/home/dy1013/sirius_multi-gpu/experiment/fixed_page_runs/tpch22_5x_7gb_ws3g/cold_hot/q3
q3,cold_hot,4,7.751222054997925,7751.222054997925,7751.222054997925,0.0,0.0,0.0,7751.222054997925,0.0,0,0,0,0.0,0,0.0,0,0.0,0.0,0,0.0,0.0,0.0,0.0,0.0,0.0,0.0,0.0,0.0,0.0,0.0,0.0,0.0,/home/dy1013/sirius_multi-gpu/experiment/fixed_page_runs/tpch22_5x_7gb_ws3g/cold_hot/q3
q3,cold_hot,5,8.515083112026332,8515.083112026332,8515.083112026332,0.0,0.0,0.0,8515.083112026332,0.0,0,0,0,0.0,0,0.0,0,0.0,0.0,0,0.0,0.0,0.0,0.0,0.0,0.0,0.0,0.0,0.0,0.0,0.0,0.0,0.0,/home/dy1013/sirius_multi-gpu/experiment/fixed_page_runs/tpch22_5x_7gb_ws3g/cold_hot/q3
q4,cold_hot,1,5.378855882998323,5378.855882998323,5378.855882998323,0.0,0.0,0.0,5378.855882998323,0.0,0,0,0,0.0,0,0.0,0,0.0,0.0,0,0.0,0.0,0.0,0.0,0.0,0.0,0.0,0.0,0.0,0.0,0.0,0.0,0.0,/home/dy1013/sirius_multi-gpu/experiment/fixed_page_runs/tpch22_5x_7gb_ws3g/cold_hot/q4
q4,cold_hot,2,5.274950569000794,5274.950569000794,5274.950569000794,0.0,0.0,0.0,5274.950569000794,0.0,0,0,0,0.0,0,0.0,0,0.0,0.0,0,0.0,0.0,0.0,0.0,0.0,0.0,0.0,0.0,0.0,0.0,0.0,0.0,0.0,/home/dy1013/sirius_multi-gpu/experiment/fixed_page_runs/tpch22_5x_7gb_ws3g/cold_hot/q4
q4,cold_hot,3,5.16811388899805,5168.11388899805,5168.11388899805,0.0,0.0,0.0,5168.11388899805,0.0,0,0,0,0.0,0,0.0,0,0.0,0.0,0,0.0,0.0,0.0,0.0,0.0,0.0,0.0,0.0,0.0,0.0,0.0,0.0,0.0,/home/dy1013/sirius_multi-gpu/experiment/fixed_page_runs/tpch22_5x_7gb_ws3g/cold_hot/q4
q4,cold_hot,4,5.347156475996599,5347.156475996599,5347.156475996599,0.0,0.0,0.0,5347.156475996599,0.0,0,0,0,0.0,0,0.0,0,0.0,0.0,0,0.0,0.0,0.0,0.0,0.0,0.0,0.0,0.0,0.0,0.0,0.0,0.0,0.0,/home/dy1013/sirius_multi-gpu/experiment/fixed_page_runs/tpch22_5x_7gb_ws3g/cold_hot/q4
q4,cold_hot,5,5.327565507002873,5327.565507002873,5327.565507002873,0.0,0.0,0.0,5327.565507002873,0.0,0,0,0,0.0,0,0.0,0,0.0,0.0,0,0.0,0.0,0.0,0.0,0.0,0.0,0.0,0.0,0.0,0.0,0.0,0.0,0.0,/home/dy1013/sirius_multi-gpu/experiment/fixed_page_runs/tpch22_5x_7gb_ws3g/cold_hot/q4
q5,cold_hot,1,11.092959770001471,11092.959770001471,11092.959770001471,0.0,0.0,0.0,11092.959770001471,0.0,0,0,0,0.0,0,0.0,0,0.0,0.0,0,0.0,0.0,0.0,0.0,0.0,0.0,0.0,0.0,0.0,0.0,0.0,0.0,0.0,/home/dy1013/sirius_multi-gpu/experiment/fixed_page_runs/tpch22_5x_7gb_ws3g/cold_hot/q5
q5,cold_hot,2,11.039112057012971,11039.112057012971,11039.112057012971,0.0,0.0,0.0,11039.112057012971,0.0,0,0,0,0.0,0,0.0,0,0.0,0.0,0,0.0,0.0,0.0,0.0,0.0,0.0,0.0,0.0,0.0,0.0,0.0,0.0,0.0,/home/dy1013/sirius_multi-gpu/experiment/fixed_page_runs/tpch22_5x_7gb_ws3g/cold_hot/q5
q5,cold_hot,3,11.06376967500546,11063.76967500546,11063.76967500546,0.0,0.0,0.0,11063.76967500546,0.0,0,0,0,0.0,0,0.0,0,0.0,0.0,0,0.0,0.0,0.0,0.0,0.0,0.0,0.0,0.0,0.0,0.0,0.0,0.0,0.0,/home/dy1013/sirius_multi-gpu/experiment/fixed_page_runs/tpch22_5x_7gb_ws3g/cold_hot/q5
q5,cold_hot,4,11.134107067977311,11134.107067977311,11134.107067977311,0.0,0.0,0.0,11134.107067977311,0.0,0,0,0,0.0,0,0.0,0,0.0,0.0,0,0.0,0.0,0.0,0.0,0.0,0.0,0.0,0.0,0.0,0.0,0.0,0.0,0.0,/home/dy1013/sirius_multi-gpu/experiment/fixed_page_runs/tpch22_5x_7gb_ws3g/cold_hot/q5
q5,cold_hot,5,10.828280963003635,10828.280963003635,10828.280963003635,0.0,0.0,0.0,10828.280963003635,0.0,0,0,0,0.0,0,0.0,0,0.0,0.0,0,0.0,0.0,0.0,0.0,0.0,0.0,0.0,0.0,0.0,0.0,0.0,0.0,0.0,/home/dy1013/sirius_multi-gpu/experiment/fixed_page_runs/tpch22_5x_7gb_ws3g/cold_hot/q5
q6,cold_hot,1,6.294249212020077,6294.249212020077,6294.249212020077,0.0,0.0,0.0,6294.249212020077,0.0,0,0,0,0.0,0,0.0,0,0.0,0.0,0,0.0,0.0,0.0,0.0,0.0,0.0,0.0,0.0,0.0,0.0,0.0,0.0,0.0,/home/dy1013/sirius_multi-gpu/experiment/fixed_page_runs/tpch22_5x_7gb_ws3g/cold_hot/q6
q6,cold_hot,2,6.032722442003433,6032.722442003433,6032.722442003433,0.0,0.0,0.0,6032.722442003433,0.0,0,0,0,0.0,0,0.0,0,0.0,0.0,0,0.0,0.0,0.0,0.0,0.0,0.0,0.0,0.0,0.0,0.0,0.0,0.0,0.0,/home/dy1013/sirius_multi-gpu/experiment/fixed_page_runs/tpch22_5x_7gb_ws3g/cold_hot/q6
q6,cold_hot,3,5.863940298993839,5863.940298993839,5863.940298993839,0.0,0.0,0.0,5863.940298993839,0.0,0,0,0,0.0,0,0.0,0,0.0,0.0,0,0.0,0.0,0.0,0.0,0.0,0.0,0.0,0.0,0.0,0.0,0.0,0.0,0.0,/home/dy1013/sirius_multi-gpu/experiment/fixed_page_runs/tpch22_5x_7gb_ws3g/cold_hot/q6
q6,cold_hot,4,5.982052963983733,5982.052963983733,5982.052963983733,0.0,0.0,0.0,5982.052963983733,0.0,0,0,0,0.0,0,0.0,0,0.0,0.0,0,0.0,0.0,0.0,0.0,0.0,0.0,0.0,0.0,0.0,0.0,0.0,0.0,0.0,/home/dy1013/sirius_multi-gpu/experiment/fixed_page_runs/tpch22_5x_7gb_ws3g/cold_hot/q6
q6,cold_hot,5,6.177673989994219,6177.673989994219,6177.673989994219,0.0,0.0,0.0,6177.673989994219,0.0,0,0,0,0.0,0,0.0,0,0.0,0.0,0,0.0,0.0,0.0,0.0,0.0,0.0,0.0,0.0,0.0,0.0,0.0,0.0,0.0,/home/dy1013/sirius_multi-gpu/experiment/fixed_page_runs/tpch22_5x_7gb_ws3g/cold_hot/q6
q7,cold_hot,1,12.991256094013806,12991.256094013806,12991.256094013806,0.0,0.0,0.0,12991.256094013806,0.0,0,0,0,0.0,0,0.0,0,0.0,0.0,0,0.0,0.0,0.0,0.0,0.0,0.0,0.0,0.0,0.0,0.0,0.0,0.0,0.0,/home/dy1013/sirius_multi-gpu/experiment/fixed_page_runs/tpch22_5x_7gb_ws3g/cold_hot/q7
q7,cold_hot,2,13.376975860999664,13376.975860999664,13376.975860999664,0.0,0.0,0.0,13376.975860999664,0.0,0,0,0,0.0,0,0.0,0,0.0,0.0,0,0.0,0.0,0.0,0.0,0.0,0.0,0.0,0.0,0.0,0.0,0.0,0.0,0.0,/home/dy1013/sirius_multi-gpu/experiment/fixed_page_runs/tpch22_5x_7gb_ws3g/cold_hot/q7
q7,cold_hot,3,12.799089206993813,12799.089206993813,12799.089206993813,0.0,0.0,0.0,12799.089206993813,0.0,0,0,0,0.0,0,0.0,0,0.0,0.0,0,0.0,0.0,0.0,0.0,0.0,0.0,0.0,0.0,0.0,0.0,0.0,0.0,0.0,/home/dy1013/sirius_multi-gpu/experiment/fixed_page_runs/tpch22_5x_7gb_ws3g/cold_hot/q7
q7,cold_hot,4,13.168687166005839,13168.687166005839,13168.687166005839,0.0,0.0,0.0,13168.687166005839,0.0,0,0,0,0.0,0,0.0,0,0.0,0.0,0,0.0,0.0,0.0,0.0,0.0,0.0,0.0,0.0,0.0,0.0,0.0,0.0,0.0,/home/dy1013/sirius_multi-gpu/experiment/fixed_page_runs/tpch22_5x_7gb_ws3g/cold_hot/q7
q7,cold_hot,5,13.000283396977466,13000.283396977466,13000.283396977466,0.0,0.0,0.0,13000.283396977466,0.0,0,0,0,0.0,0,0.0,0,0.0,0.0,0,0.0,0.0,0.0,0.0,0.0,0.0,0.0,0.0,0.0,0.0,0.0,0.0,0.0,/home/dy1013/sirius_multi-gpu/experiment/fixed_page_runs/tpch22_5x_7gb_ws3g/cold_hot/q7
q8,cold_hot,1,14.169528711005114,14169.528711005114,14169.528711005114,0.0,0.0,0.0,14169.528711005114,0.0,0,0,0,0.0,0,0.0,0,0.0,0.0,0,0.0,0.0,0.0,0.0,0.0,0.0,0.0,0.0,0.0,0.0,0.0,0.0,0.0,/home/dy1013/sirius_multi-gpu/experiment/fixed_page_runs/tpch22_5x_7gb_ws3g/cold_hot/q8
q8,cold_hot,2,14.130245298991213,14130.245298991213,14130.245298991213,0.0,0.0,0.0,14130.245298991213,0.0,0,0,0,0.0,0,0.0,0,0.0,0.0,0,0.0,0.0,0.0,0.0,0.0,0.0,0.0,0.0,0.0,0.0,0.0,0.0,0.0,/home/dy1013/sirius_multi-gpu/experiment/fixed_page_runs/tpch22_5x_7gb_ws3g/cold_hot/q8
q8,cold_hot,3,13.080995376018109,13080.995376018109,13080.995376018109,0.0,0.0,0.0,13080.995376018109,0.0,0,0,0,0.0,0,0.0,0,0.0,0.0,0,0.0,0.0,0.0,0.0,0.0,0.0,0.0,0.0,0.0,0.0,0.0,0.0,0.0,/home/dy1013/sirius_multi-gpu/experiment/fixed_page_runs/tpch22_5x_7gb_ws3g/cold_hot/q8
q8,cold_hot,4,13.691554150020238,13691.554150020238,13691.554150020238,0.0,0.0,0.0,13691.554150020238,0.0,0,0,0,0.0,0,0.0,0,0.0,0.0,0,0.0,0.0,0.0,0.0,0.0,0.0,0.0,0.0,0.0,0.0,0.0,0.0,0.0,/home/dy1013/sirius_multi-gpu/experiment/fixed_page_runs/tpch22_5x_7gb_ws3g/cold_hot/q8
q8,cold_hot,5,14.223470512020867,14223.470512020867,14223.470512020867,0.0,0.0,0.0,14223.470512020867,0.0,0,0,0,0.0,0,0.0,0,0.0,0.0,0,0.0,0.0,0.0,0.0,0.0,0.0,0.0,0.0,0.0,0.0,0.0,0.0,0.0,/home/dy1013/sirius_multi-gpu/experiment/fixed_page_runs/tpch22_5x_7gb_ws3g/cold_hot/q8
q9,cold_hot,1,17.646480868017534,17646.480868017534,17646.480868017534,0.0,0.0,0.0,17646.480868017534,0.0,0,0,0,0.0,0,0.0,0,0.0,0.0,0,0.0,0.0,0.0,0.0,0.0,0.0,0.0,0.0,0.0,0.0,0.0,0.0,0.0,/home/dy1013/sirius_multi-gpu/experiment/fixed_page_runs/tpch22_5x_7gb_ws3g/cold_hot/q9
q9,cold_hot,2,17.85372658399865,17853.72658399865,17853.72658399865,0.0,0.0,0.0,17853.72658399865,0.0,0,0,0,0.0,0,0.0,0,0.0,0.0,0,0.0,0.0,0.0,0.0,0.0,0.0,0.0,0.0,0.0,0.0,0.0,0.0,0.0,/home/dy1013/sirius_multi-gpu/experiment/fixed_page_runs/tpch22_5x_7gb_ws3g/cold_hot/q9
q9,cold_hot,3,17.334153534000507,17334.153534000507,17334.153534000507,0.0,0.0,0.0,17334.153534000507,0.0,0,0,0,0.0,0,0.0,0,0.0,0.0,0,0.0,0.0,0.0,0.0,0.0,0.0,0.0,0.0,0.0,0.0,0.0,0.0,0.0,/home/dy1013/sirius_multi-gpu/experiment/fixed_page_runs/tpch22_5x_7gb_ws3g/cold_hot/q9
q9,cold_hot,4,17.42726262297947,17427.26262297947,17427.26262297947,0.0,0.0,0.0,17427.26262297947,0.0,0,0,0,0.0,0,0.0,0,0.0,0.0,0,0.0,0.0,0.0,0.0,0.0,0.0,0.0,0.0,0.0,0.0,0.0,0.0,0.0,/home/dy1013/sirius_multi-gpu/experiment/fixed_page_runs/tpch22_5x_7gb_ws3g/cold_hot/q9
q9,cold_hot,5,17.729482533992268,17729.482533992268,17729.482533992268,0.0,0.0,0.0,17729.482533992268,0.0,0,0,0,0.0,0,0.0,0,0.0,0.0,0,0.0,0.0,0.0,0.0,0.0,0.0,0.0,0.0,0.0,0.0,0.0,0.0,0.0,/home/dy1013/sirius_multi-gpu/experiment/fixed_page_runs/tpch22_5x_7gb_ws3g/cold_hot/q9
q1,paging,1,12.333100660005584,12333.100660005584,12333.100660005584,0.0,0.0,0.0,12333.100660005584,0.0,0,0,0,0.0,0,0.0,0,0.0,0.0,0,0.0,0.0,0.0,0.0,0.0,0.0,0.0,0.0,0.0,0.0,0.0,0.0,0.0,/home/dy1013/sirius_multi-gpu/experiment/fixed_page_runs/tpch22_5x_7gb_ws3g/paging/q1
q1,paging,2,12.102596445998643,12102.596445998643,12102.596445998643,0.0,0.0,0.0,12102.596445998643,0.0,0,0,0,0.0,0,0.0,0,0.0,0.0,0,0.0,0.0,0.0,0.0,0.0,0.0,0.0,0.0,0.0,0.0,0.0,0.0,0.0,/home/dy1013/sirius_multi-gpu/experiment/fixed_page_runs/tpch22_5x_7gb_ws3g/paging/q1
q1,paging,3,12.260156596981687,12260.156596981687,12260.156596981687,0.0,0.0,0.0,12260.156596981687,0.0,0,0,0,0.0,0,0.0,0,0.0,0.0,0,0.0,0.0,0.0,0.0,0.0,0.0,0.0,0.0,0.0,0.0,0.0,0.0,0.0,/home/dy1013/sirius_multi-gpu/experiment/fixed_page_runs/tpch22_5x_7gb_ws3g/paging/q1
q1,paging,4,12.082684285007417,12082.684285007417,12082.684285007417,0.0,0.0,0.0,12082.684285007417,0.0,0,0,0,0.0,0,0.0,0,0.0,0.0,0,0.0,0.0,0.0,0.0,0.0,0.0,0.0,0.0,0.0,0.0,0.0,0.0,0.0,/home/dy1013/sirius_multi-gpu/experiment/fixed_page_runs/tpch22_5x_7gb_ws3g/paging/q1
q1,paging,5,12.081249073002255,12081.249073002255,12081.249073002255,0.0,0.0,0.0,12081.249073002255,0.0,0,0,0,0.0,0,0.0,0,0.0,0.0,0,0.0,0.0,0.0,0.0,0.0,0.0,0.0,0.0,0.0,0.0,0.0,0.0,0.0,/home/dy1013/sirius_multi-gpu/experiment/fixed_page_runs/tpch22_5x_7gb_ws3g/paging/q1
q10,paging,1,11.66034288299852,11660.34288299852,11660.34288299852,0.0,0.0,0.0,11660.34288299852,0.0,0,0,0,0.0,0,0.0,0,0.0,0.0,0,0.0,0.0,0.0,0.0,0.0,0.0,0.0,0.0,0.0,0.0,0.0,0.0,0.0,/home/dy1013/sirius_multi-gpu/experiment/fixed_page_runs/tpch22_5x_7gb_ws3g/paging/q10
q10,paging,2,10.501219283993123,10501.219283993123,10501.219283993123,0.0,0.0,0.0,10501.219283993123,0.0,0,0,0,0.0,0,0.0,0,0.0,0.0,0,0.0,0.0,0.0,0.0,0.0,0.0,0.0,0.0,0.0,0.0,0.0,0.0,0.0,/home/dy1013/sirius_multi-gpu/experiment/fixed_page_runs/tpch22_5x_7gb_ws3g/paging/q10
q10,paging,3,10.444767432985827,10444.767432985827,10444.767432985827,0.0,0.0,0.0,10444.767432985827,0.0,0,0,0,0.0,0,0.0,0,0.0,0.0,0,0.0,0.0,0.0,0.0,0.0,0.0,0.0,0.0,0.0,0.0,0.0,0.0,0.0,/home/dy1013/sirius_multi-gpu/experiment/fixed_page_runs/tpch22_5x_7gb_ws3g/paging/q10
q10,paging,4,10.12620456199511,10126.20456199511,10126.20456199511,0.0,0.0,0.0,10126.20456199511,0.0,0,0,0,0.0,0,0.0,0,0.0,0.0,0,0.0,0.0,0.0,0.0,0.0,0.0,0.0,0.0,0.0,0.0,0.0,0.0,0.0,/home/dy1013/sirius_multi-gpu/experiment/fixed_page_runs/tpch22_5x_7gb_ws3g/paging/q10
q10,paging,5,10.608435734990053,10608.435734990053,10608.435734990053,0.0,0.0,0.0,10608.435734990053,0.0,0,0,0,0.0,0,0.0,0,0.0,0.0,0,0.0,0.0,0.0,0.0,0.0,0.0,0.0,0.0,0.0,0.0,0.0,0.0,0.0,/home/dy1013/sirius_multi-gpu/experiment/fixed_page_runs/tpch22_5x_7gb_ws3g/paging/q10
q11,paging,1,1.9624653180071618,1962.4653180071618,1962.4653180071618,0.0,0.0,0.0,1962.4653180071618,0.0,0,0,0,0.0,0,0.0,0,0.0,0.0,0,0.0,0.0,0.0,0.0,0.0,0.0,0.0,0.0,0.0,0.0,0.0,0.0,0.0,/home/dy1013/sirius_multi-gpu/experiment/fixed_page_runs/tpch22_5x_7gb_ws3g/paging/q11
q11,paging,2,1.2040850089979358,1204.0850089979358,1204.0850089979358,0.0,0.0,0.0,1204.0850089979358,0.0,0,0,0,0.0,0,0.0,0,0.0,0.0,0,0.0,0.0,0.0,0.0,0.0,0.0,0.0,0.0,0.0,0.0,0.0,0.0,0.0,/home/dy1013/sirius_multi-gpu/experiment/fixed_page_runs/tpch22_5x_7gb_ws3g/paging/q11
q11,paging,3,0.7484619650058448,748.4619650058448,748.4619650058448,0.0,0.0,0.0,748.4619650058448,0.0,0,0,0,0.0,0,0.0,0,0.0,0.0,0,0.0,0.0,0.0,0.0,0.0,0.0,0.0,0.0,0.0,0.0,0.0,0.0,0.0,/home/dy1013/sirius_multi-gpu/experiment/fixed_page_runs/tpch22_5x_7gb_ws3g/paging/q11
q11,paging,4,0.7387286240118556,738.7286240118556,738.7286240118556,0.0,0.0,0.0,738.7286240118556,0.0,0,0,0,0.0,0,0.0,0,0.0,0.0,0,0.0,0.0,0.0,0.0,0.0,0.0,0.0,0.0,0.0,0.0,0.0,0.0,0.0,/home/dy1013/sirius_multi-gpu/experiment/fixed_page_runs/tpch22_5x_7gb_ws3g/paging/q11
q11,paging,5,0.6173566929937806,617.3566929937806,617.3566929937806,0.0,0.0,0.0,617.3566929937806,0.0,0,0,0,0.0,0,0.0,0,0.0,0.0,0,0.0,0.0,0.0,0.0,0.0,0.0,0.0,0.0,0.0,0.0,0.0,0.0,0.0,/home/dy1013/sirius_multi-gpu/experiment/fixed_page_runs/tpch22_5x_7gb_ws3g/paging/q11
q12,paging,1,8.637899385998026,8637.899385998026,8637.899385998026,0.0,0.0,0.0,8637.899385998026,0.0,0,0,0,0.0,0,0.0,0,0.0,0.0,0,0.0,0.0,0.0,0.0,0.0,0.0,0.0,0.0,0.0,0.0,0.0,0.0,0.0,/home/dy1013/sirius_multi-gpu/experiment/fixed_page_runs/tpch22_5x_7gb_ws3g/paging/q12
q12,paging,2,8.30316887400113,8303.16887400113,8303.16887400113,0.0,0.0,0.0,8303.16887400113,0.0,0,0,0,0.0,0,0.0,0,0.0,0.0,0,0.0,0.0,0.0,0.0,0.0,0.0,0.0,0.0,0.0,0.0,0.0,0.0,0.0,/home/dy1013/sirius_multi-gpu/experiment/fixed_page_runs/tpch22_5x_7gb_ws3g/paging/q12
q12,paging,3,7.978774140996393,7978.774140996393,7978.774140996393,0.0,0.0,0.0,7978.774140996393,0.0,0,0,0,0.0,0,0.0,0,0.0,0.0,0,0.0,0.0,0.0,0.0,0.0,0.0,0.0,0.0,0.0,0.0,0.0,0.0,0.0,/home/dy1013/sirius_multi-gpu/experiment/fixed_page_runs/tpch22_5x_7gb_ws3g/paging/q12
q12,paging,4,8.663040540996008,8663.040540996008,8663.040540996008,0.0,0.0,0.0,8663.040540996008,0.0,0,0,0,0.0,0,0.0,0,0.0,0.0,0,0.0,0.0,0.0,0.0,0.0,0.0,0.0,0.0,0.0,0.0,0.0,0.0,0.0,/home/dy1013/sirius_multi-gpu/experiment/fixed_page_runs/tpch22_5x_7gb_ws3g/paging/q12
q12,paging,5,8.370291765022557,8370.291765022557,8370.291765022557,0.0,0.0,0.0,8370.291765022557,0.0,0,0,0,0.0,0,0.0,0,0.0,0.0,0,0.0,0.0,0.0,0.0,0.0,0.0,0.0,0.0,0.0,0.0,0.0,0.0,0.0,/home/dy1013/sirius_multi-gpu/experiment/fixed_page_runs/tpch22_5x_7gb_ws3g/paging/q12
q14,paging,1,9.04753198599792,9047.53198599792,9047.53198599792,0.0,0.0,0.0,9047.53198599792,0.0,0,0,0,0.0,0,0.0,0,0.0,0.0,0,0.0,0.0,0.0,0.0,0.0,0.0,0.0,0.0,0.0,0.0,0.0,0.0,0.0,/home/dy1013/sirius_multi-gpu/experiment/fixed_page_runs/tpch22_5x_7gb_ws3g/paging/q14
q14,paging,2,0.435313795984257,435.313795984257,435.313795984257,0.0,0.0,0.0,435.313795984257,0.0,0,0,0,0.0,0,0.0,0,0.0,0.0,0,0.0,0.0,0.0,0.0,0.0,0.0,0.0,0.0,0.0,0.0,0.0,0.0,0.0,/home/dy1013/sirius_multi-gpu/experiment/fixed_page_runs/tpch22_5x_7gb_ws3g/paging/q14
q14,paging,3,0.5059648760070559,505.96487600705586,505.96487600705586,0.0,0.0,0.0,505.96487600705586,0.0,0,0,0,0.0,0,0.0,0,0.0,0.0,0,0.0,0.0,0.0,0.0,0.0,0.0,0.0,0.0,0.0,0.0,0.0,0.0,0.0,/home/dy1013/sirius_multi-gpu/experiment/fixed_page_runs/tpch22_5x_7gb_ws3g/paging/q14
q14,paging,4,0.4674439810041804,467.4439810041804,467.4439810041804,0.0,0.0,0.0,467.4439810041804,0.0,0,0,0,0.0,0,0.0,0,0.0,0.0,0,0.0,0.0,0.0,0.0,0.0,0.0,0.0,0.0,0.0,0.0,0.0,0.0,0.0,/home/dy1013/sirius_multi-gpu/experiment/fixed_page_runs/tpch22_5x_7gb_ws3g/paging/q14
q14,paging,5,0.46807112102396786,468.07112102396786,468.07112102396786,0.0,0.0,0.0,468.07112102396786,0.0,0,0,0,0.0,0,0.0,0,0.0,0.0,0,0.0,0.0,0.0,0.0,0.0,0.0,0.0,0.0,0.0,0.0,0.0,0.0,0.0,/home/dy1013/sirius_multi-gpu/experiment/fixed_page_runs/tpch22_5x_7gb_ws3g/paging/q14
q15,paging,1,8.383239358983701,8383.239358983701,8383.239358983701,0.0,0.0,0.0,8383.239358983701,0.0,0,0,0,0.0,0,0.0,0,0.0,0.0,0,0.0,0.0,0.0,0.0,0.0,0.0,0.0,0.0,0.0,0.0,0.0,0.0,0.0,/home/dy1013/sirius_multi-gpu/experiment/fixed_page_runs/tpch22_5x_7gb_ws3g/paging/q15
q15,paging,2,0.4457535419787746,445.7535419787746,445.7535419787746,0.0,0.0,0.0,445.7535419787746,0.0,0,0,0,0.0,0,0.0,0,0.0,0.0,0,0.0,0.0,0.0,0.0,0.0,0.0,0.0,0.0,0.0,0.0,0.0,0.0,0.0,/home/dy1013/sirius_multi-gpu/experiment/fixed_page_runs/tpch22_5x_7gb_ws3g/paging/q15
q15,paging,3,0.5155411169980653,515.5411169980653,515.5411169980653,0.0,0.0,0.0,515.5411169980653,0.0,0,0,0,0.0,0,0.0,0,0.0,0.0,0,0.0,0.0,0.0,0.0,0.0,0.0,0.0,0.0,0.0,0.0,0.0,0.0,0.0,/home/dy1013/sirius_multi-gpu/experiment/fixed_page_runs/tpch22_5x_7gb_ws3g/paging/q15
q15,paging,4,0.45532713300781325,455.32713300781325,455.32713300781325,0.0,0.0,0.0,455.32713300781325,0.0,0,0,0,0.0,0,0.0,0,0.0,0.0,0,0.0,0.0,0.0,0.0,0.0,0.0,0.0,0.0,0.0,0.0,0.0,0.0,0.0,/home/dy1013/sirius_multi-gpu/experiment/fixed_page_runs/tpch22_5x_7gb_ws3g/paging/q15
q15,paging,5,0.4953460449760314,495.3460449760314,495.3460449760314,0.0,0.0,0.0,495.3460449760314,0.0,0,0,0,0.0,0,0.0,0,0.0,0.0,0,0.0,0.0,0.0,0.0,0.0,0.0,0.0,0.0,0.0,0.0,0.0,0.0,0.0,/home/dy1013/sirius_multi-gpu/experiment/fixed_page_runs/tpch22_5x_7gb_ws3g/paging/q15
q16,paging,1,0.9221894259972032,922.1894259972032,922.1894259972032,0.0,0.0,0.0,922.1894259972032,0.0,0,0,0,0.0,0,0.0,0,0.0,0.0,0,0.0,0.0,0.0,0.0,0.0,0.0,0.0,0.0,0.0,0.0,0.0,0.0,0.0,/home/dy1013/sirius_multi-gpu/experiment/fixed_page_runs/tpch22_5x_7gb_ws3g/paging/q16
q16,paging,2,0.49781789400731213,497.81789400731213,497.81789400731213,0.0,0.0,0.0,497.81789400731213,0.0,0,0,0,0.0,0,0.0,0,0.0,0.0,0,0.0,0.0,0.0,0.0,0.0,0.0,0.0,0.0,0.0,0.0,0.0,0.0,0.0,/home/dy1013/sirius_multi-gpu/experiment/fixed_page_runs/tpch22_5x_7gb_ws3g/paging/q16
q16,paging,3,0.49755091601400636,497.55091601400636,497.55091601400636,0.0,0.0,0.0,497.55091601400636,0.0,0,0,0,0.0,0,0.0,0,0.0,0.0,0,0.0,0.0,0.0,0.0,0.0,0.0,0.0,0.0,0.0,0.0,0.0,0.0,0.0,/home/dy1013/sirius_multi-gpu/experiment/fixed_page_runs/tpch22_5x_7gb_ws3g/paging/q16
q16,paging,4,0.48768682600348257,487.68682600348257,487.68682600348257,0.0,0.0,0.0,487.68682600348257,0.0,0,0,0,0.0,0,0.0,0,0.0,0.0,0,0.0,0.0,0.0,0.0,0.0,0.0,0.0,0.0,0.0,0.0,0.0,0.0,0.0,/home/dy1013/sirius_multi-gpu/experiment/fixed_page_runs/tpch22_5x_7gb_ws3g/paging/q16
q16,paging,5,0.4870092380151618,487.0092380151618,487.0092380151618,0.0,0.0,0.0,487.0092380151618,0.0,0,0,0,0.0,0,0.0,0,0.0,0.0,0,0.0,0.0,0.0,0.0,0.0,0.0,0.0,0.0,0.0,0.0,0.0,0.0,0.0,/home/dy1013/sirius_multi-gpu/experiment/fixed_page_runs/tpch22_5x_7gb_ws3g/paging/q16
q17,paging,1,20.144543356000213,20144.543356000213,20144.543356000213,0.0,0.0,0.0,20144.543356000213,0.0,0,0,0,0.0,956,15.43551064,0,0.0,0.0,0,0.0,0.0,0.0,0.0,0.0,0.0,0.0,0.0,0.0,0.0,0.0,0.0,0.0,/home/dy1013/sirius_multi-gpu/experiment/fixed_page_runs/tpch22_5x_7gb_ws3g/paging/q17
q17,paging,2,18.253692708996823,18253.692708996823,18253.692708996823,0.0,0.0,0.0,18253.692708996823,0.0,0,0,0,0.0,956,15.43551064,0,0.0,0.0,0,0.0,0.0,0.0,0.0,0.0,0.0,0.0,0.0,0.0,0.0,0.0,0.0,0.0,/home/dy1013/sirius_multi-gpu/experiment/fixed_page_runs/tpch22_5x_7gb_ws3g/paging/q17
q17,paging,3,18.298538880015258,18298.538880015258,18298.538880015258,0.0,0.0,0.0,18298.538880015258,0.0,0,0,0,0.0,956,15.43551064,0,0.0,0.0,0,0.0,0.0,0.0,0.0,0.0,0.0,0.0,0.0,0.0,0.0,0.0,0.0,0.0,/home/dy1013/sirius_multi-gpu/experiment/fixed_page_runs/tpch22_5x_7gb_ws3g/paging/q17
q17,paging,4,18.596796403988265,18596.796403988265,18596.796403988265,0.0,0.0,0.0,18596.796403988265,0.0,0,0,0,0.0,956,15.43551064,0,0.0,0.0,0,0.0,0.0,0.0,0.0,0.0,0.0,0.0,0.0,0.0,0.0,0.0,0.0,0.0,/home/dy1013/sirius_multi-gpu/experiment/fixed_page_runs/tpch22_5x_7gb_ws3g/paging/q17
q17,paging,5,18.307094816991594,18307.094816991594,18307.094816991594,0.0,0.0,0.0,18307.094816991594,0.0,0,0,0,0.0,956,15.43551064,0,0.0,0.0,0,0.0,0.0,0.0,0.0,0.0,0.0,0.0,0.0,0.0,0.0,0.0,0.0,0.0,/home/dy1013/sirius_multi-gpu/experiment/fixed_page_runs/tpch22_5x_7gb_ws3g/paging/q17
q19,paging,1,11.961530439992202,11961.530439992202,11961.530439992202,0.0,0.0,0.0,11961.530439992202,0.0,0,0,0,0.0,0,0.0,0,0.0,0.0,0,0.0,0.0,0.0,0.0,0.0,0.0,0.0,0.0,0.0,0.0,0.0,0.0,0.0,/home/dy1013/sirius_multi-gpu/experiment/fixed_page_runs/tpch22_5x_7gb_ws3g/paging/q19
q19,paging,2,11.30246396799339,11302.46396799339,11302.46396799339,0.0,0.0,0.0,11302.46396799339,0.0,0,0,0,0.0,0,0.0,0,0.0,0.0,0,0.0,0.0,0.0,0.0,0.0,0.0,0.0,0.0,0.0,0.0,0.0,0.0,0.0,/home/dy1013/sirius_multi-gpu/experiment/fixed_page_runs/tpch22_5x_7gb_ws3g/paging/q19
q19,paging,3,12.14027599201654,12140.27599201654,12140.27599201654,0.0,0.0,0.0,12140.27599201654,0.0,0,0,0,0.0,0,0.0,0,0.0,0.0,0,0.0,0.0,0.0,0.0,0.0,0.0,0.0,0.0,0.0,0.0,0.0,0.0,0.0,/home/dy1013/sirius_multi-gpu/experiment/fixed_page_runs/tpch22_5x_7gb_ws3g/paging/q19
q19,paging,4,12.097314606013242,12097.314606013242,12097.314606013242,0.0,0.0,0.0,12097.314606013242,0.0,0,0,0,0.0,0,0.0,0,0.0,0.0,0,0.0,0.0,0.0,0.0,0.0,0.0,0.0,0.0,0.0,0.0,0.0,0.0,0.0,/home/dy1013/sirius_multi-gpu/experiment/fixed_page_runs/tpch22_5x_7gb_ws3g/paging/q19
q19,paging,5,12.180651506991126,12180.651506991126,12180.651506991126,0.0,0.0,0.0,12180.651506991126,0.0,0,0,0,0.0,0,0.0,0,0.0,0.0,0,0.0,0.0,0.0,0.0,0.0,0.0,0.0,0.0,0.0,0.0,0.0,0.0,0.0,/home/dy1013/sirius_multi-gpu/experiment/fixed_page_runs/tpch22_5x_7gb_ws3g/paging/q19
q2,paging,1,1.3758286790107377,1375.8286790107377,1375.8286790107377,0.0,0.0,0.0,1375.8286790107377,0.0,0,0,0,0.0,0,0.0,0,0.0,0.0,0,0.0,0.0,0.0,0.0,0.0,0.0,0.0,0.0,0.0,0.0,0.0,0.0,0.0,/home/dy1013/sirius_multi-gpu/experiment/fixed_page_runs/tpch22_5x_7gb_ws3g/paging/q2
q2,paging,2,0.37502104000304826,375.02104000304826,375.02104000304826,0.0,0.0,0.0,375.02104000304826,0.0,0,0,0,0.0,0,0.0,0,0.0,0.0,0,0.0,0.0,0.0,0.0,0.0,0.0,0.0,0.0,0.0,0.0,0.0,0.0,0.0,/home/dy1013/sirius_multi-gpu/experiment/fixed_page_runs/tpch22_5x_7gb_ws3g/paging/q2
q2,paging,3,0.36383069001021795,363.83069001021795,363.83069001021795,0.0,0.0,0.0,363.83069001021795,0.0,0,0,0,0.0,0,0.0,0,0.0,0.0,0,0.0,0.0,0.0,0.0,0.0,0.0,0.0,0.0,0.0,0.0,0.0,0.0,0.0,/home/dy1013/sirius_multi-gpu/experiment/fixed_page_runs/tpch22_5x_7gb_ws3g/paging/q2
q2,paging,4,0.36444513898459263,364.44513898459263,364.44513898459263,0.0,0.0,0.0,364.44513898459263,0.0,0,0,0,0.0,0,0.0,0,0.0,0.0,0,0.0,0.0,0.0,0.0,0.0,0.0,0.0,0.0,0.0,0.0,0.0,0.0,0.0,/home/dy1013/sirius_multi-gpu/experiment/fixed_page_runs/tpch22_5x_7gb_ws3g/paging/q2
q2,paging,5,0.35428550699725747,354.28550699725747,354.28550699725747,0.0,0.0,0.0,354.28550699725747,0.0,0,0,0,0.0,0,0.0,0,0.0,0.0,0,0.0,0.0,0.0,0.0,0.0,0.0,0.0,0.0,0.0,0.0,0.0,0.0,0.0,/home/dy1013/sirius_multi-gpu/experiment/fixed_page_runs/tpch22_5x_7gb_ws3g/paging/q2
q20,paging,1,10.977664790989365,10977.664790989365,10977.664790989365,0.0,0.0,0.0,10977.664790989365,0.0,0,0,0,0.0,13,0.176662896,0,0.0,0.0,0,0.0,0.0,0.0,0.0,0.0,0.0,0.0,0.0,0.0,0.0,0.0,0.0,0.0,/home/dy1013/sirius_multi-gpu/experiment/fixed_page_runs/tpch22_5x_7gb_ws3g/paging/q20
q20,paging,2,11.082902230002219,11082.902230002219,11082.902230002219,0.0,0.0,0.0,11082.902230002219,0.0,0,0,0,0.0,184,2.548484456,0,0.0,0.0,0,0.0,0.0,0.0,0.0,0.0,0.0,0.0,0.0,0.0,0.0,0.0,0.0,0.0,/home/dy1013/sirius_multi-gpu/experiment/fixed_page_runs/tpch22_5x_7gb_ws3g/paging/q20
q20,paging,3,11.097020410001278,11097.020410001278,11097.020410001278,0.0,0.0,0.0,11097.020410001278,0.0,0,0,0,0.0,330,4.47704584,0,0.0,0.0,0,0.0,0.0,0.0,0.0,0.0,0.0,0.0,0.0,0.0,0.0,0.0,0.0,0.0,/home/dy1013/sirius_multi-gpu/experiment/fixed_page_runs/tpch22_5x_7gb_ws3g/paging/q20
q20,paging,4,11.673090702010086,11673.090702010086,11673.090702010086,0.0,0.0,0.0,11673.090702010086,0.0,0,0,0,0.0,316,4.463922968,0,0.0,0.0,0,0.0,0.0,0.0,0.0,0.0,0.0,0.0,0.0,0.0,0.0,0.0,0.0,0.0,/home/dy1013/sirius_multi-gpu/experiment/fixed_page_runs/tpch22_5x_7gb_ws3g/paging/q20
q20,paging,5,11.414027544989949,11414.02754498995,11414.02754498995,0.0,0.0,0.0,11414.02754498995,0.0,0,0,0,0.0,308,4.477197816,0,0.0,0.0,0,0.0,0.0,0.0,0.0,0.0,0.0,0.0,0.0,0.0,0.0,0.0,0.0,0.0,/home/dy1013/sirius_multi-gpu/experiment/fixed_page_runs/tpch22_5x_7gb_ws3g/paging/q20
q22,paging,1,1.0829814439930487,1082.9814439930487,1082.9814439930487,0.0,0.0,0.0,1082.9814439930487,0.0,0,0,0,0.0,0,0.0,0,0.0,0.0,0,0.0,0.0,0.0,0.0,0.0,0.0,0.0,0.0,0.0,0.0,0.0,0.0,0.0,/home/dy1013/sirius_multi-gpu/experiment/fixed_page_runs/tpch22_5x_7gb_ws3g/paging/q22
q22,paging,2,0.5060667479992844,506.0667479992844,506.0667479992844,0.0,0.0,0.0,506.0667479992844,0.0,0,0,0,0.0,0,0.0,0,0.0,0.0,0,0.0,0.0,0.0,0.0,0.0,0.0,0.0,0.0,0.0,0.0,0.0,0.0,0.0,/home/dy1013/sirius_multi-gpu/experiment/fixed_page_runs/tpch22_5x_7gb_ws3g/paging/q22
q22,paging,3,0.5057434070040472,505.7434070040472,505.7434070040472,0.0,0.0,0.0,505.7434070040472,0.0,0,0,0,0.0,0,0.0,0,0.0,0.0,0,0.0,0.0,0.0,0.0,0.0,0.0,0.0,0.0,0.0,0.0,0.0,0.0,0.0,/home/dy1013/sirius_multi-gpu/experiment/fixed_page_runs/tpch22_5x_7gb_ws3g/paging/q22
q22,paging,4,0.4958662739954889,495.8662739954889,495.8662739954889,0.0,0.0,0.0,495.8662739954889,0.0,0,0,0,0.0,0,0.0,0,0.0,0.0,0,0.0,0.0,0.0,0.0,0.0,0.0,0.0,0.0,0.0,0.0,0.0,0.0,0.0,/home/dy1013/sirius_multi-gpu/experiment/fixed_page_runs/tpch22_5x_7gb_ws3g/paging/q22
q22,paging,5,0.5066456570057198,506.64565700571984,506.64565700571984,0.0,0.0,0.0,506.64565700571984,0.0,0,0,0,0.0,0,0.0,0,0.0,0.0,0,0.0,0.0,0.0,0.0,0.0,0.0,0.0,0.0,0.0,0.0,0.0,0.0,0.0,/home/dy1013/sirius_multi-gpu/experiment/fixed_page_runs/tpch22_5x_7gb_ws3g/paging/q22
q3,paging,1,11.171650765987579,11171.650765987579,11171.650765987579,0.0,0.0,0.0,11171.650765987579,0.0,0,0,0,0.0,417,6.462670504,0,0.0,0.0,0,0.0,0.0,0.0,0.0,0.0,0.0,0.0,0.0,0.0,0.0,0.0,0.0,0.0,/home/dy1013/sirius_multi-gpu/experiment/fixed_page_runs/tpch22_5x_7gb_ws3g/paging/q3
q3,paging,2,10.880313592992024,10880.313592992024,10880.313592992024,0.0,0.0,0.0,10880.313592992024,0.0,0,0,0,0.0,700,10.7595986,0,0.0,0.0,0,0.0,0.0,0.0,0.0,0.0,0.0,0.0,0.0,0.0,0.0,0.0,0.0,0.0,/home/dy1013/sirius_multi-gpu/experiment/fixed_page_runs/tpch22_5x_7gb_ws3g/paging/q3
q3,paging,3,10.871391979977489,10871.391979977489,10871.391979977489,0.0,0.0,0.0,10871.391979977489,0.0,0,0,0,0.0,705,10.738870284,0,0.0,0.0,0,0.0,0.0,0.0,0.0,0.0,0.0,0.0,0.0,0.0,0.0,0.0,0.0,0.0,/home/dy1013/sirius_multi-gpu/experiment/fixed_page_runs/tpch22_5x_7gb_ws3g/paging/q3
q3,paging,4,11.102580264006974,11102.580264006974,11102.580264006974,0.0,0.0,0.0,11102.580264006974,0.0,0,0,0,0.0,700,10.756230396,0,0.0,0.0,0,0.0,0.0,0.0,0.0,0.0,0.0,0.0,0.0,0.0,0.0,0.0,0.0,0.0,/home/dy1013/sirius_multi-gpu/experiment/fixed_page_runs/tpch22_5x_7gb_ws3g/paging/q3
q3,paging,5,10.631881697976496,10631.881697976496,10631.881697976496,0.0,0.0,0.0,10631.881697976496,0.0,0,0,0,0.0,700,10.752711456,0,0.0,0.0,0,0.0,0.0,0.0,0.0,0.0,0.0,0.0,0.0,0.0,0.0,0.0,0.0,0.0,/home/dy1013/sirius_multi-gpu/experiment/fixed_page_runs/tpch22_5x_7gb_ws3g/paging/q3
q4,paging,1,7.201994139992166,7201.994139992166,7201.994139992166,0.0,0.0,0.0,7201.994139992166,0.0,0,0,0,0.0,324,5.310525384,0,0.0,0.0,0,0.0,0.0,0.0,0.0,0.0,0.0,0.0,0.0,0.0,0.0,0.0,0.0,0.0,/home/dy1013/sirius_multi-gpu/experiment/fixed_page_runs/tpch22_5x_7gb_ws3g/paging/q4
q4,paging,2,7.0395903720054775,7039.590372005478,7039.590372005478,0.0,0.0,0.0,7039.590372005478,0.0,0,0,0,0.0,587,9.600606432,0,0.0,0.0,0,0.0,0.0,0.0,0.0,0.0,0.0,0.0,0.0,0.0,0.0,0.0,0.0,0.0,/home/dy1013/sirius_multi-gpu/experiment/fixed_page_runs/tpch22_5x_7gb_ws3g/paging/q4
q4,paging,3,7.0709013319865335,7070.9013319865335,7070.9013319865335,0.0,0.0,0.0,7070.9013319865335,0.0,0,0,0,0.0,587,9.600606432,0,0.0,0.0,0,0.0,0.0,0.0,0.0,0.0,0.0,0.0,0.0,0.0,0.0,0.0,0.0,0.0,/home/dy1013/sirius_multi-gpu/experiment/fixed_page_runs/tpch22_5x_7gb_ws3g/paging/q4
q4,paging,4,7.104074800998205,7104.074800998205,7104.074800998205,0.0,0.0,0.0,7104.074800998205,0.0,0,0,0,0.0,587,9.600606432,0,0.0,0.0,0,0.0,0.0,0.0,0.0,0.0,0.0,0.0,0.0,0.0,0.0,0.0,0.0,0.0,/home/dy1013/sirius_multi-gpu/experiment/fixed_page_runs/tpch22_5x_7gb_ws3g/paging/q4
q4,paging,5,7.0610278570093215,7061.027857009321,7061.027857009321,0.0,0.0,0.0,7061.027857009321,0.0,0,0,0,0.0,587,9.600606432,0,0.0,0.0,0,0.0,0.0,0.0,0.0,0.0,0.0,0.0,0.0,0.0,0.0,0.0,0.0,0.0,/home/dy1013/sirius_multi-gpu/experiment/fixed_page_runs/tpch22_5x_7gb_ws3g/paging/q4
q5,paging,1,14.808363449992612,14808.363449992612,14808.363449992612,0.0,0.0,0.0,14808.363449992612,0.0,0,0,0,0.0,947,15.551193976,0,0.0,0.0,0,0.0,0.0,0.0,0.0,0.0,0.0,0.0,0.0,0.0,0.0,0.0,0.0,0.0,/home/dy1013/sirius_multi-gpu/experiment/fixed_page_runs/tpch22_5x_7gb_ws3g/paging/q5
q5,paging,2,14.929718377999961,14929.718377999961,14929.718377999961,0.0,0.0,0.0,14929.718377999961,0.0,0,0,0,0.0,1181,19.39799008,0,0.0,0.0,0,0.0,0.0,0.0,0.0,0.0,0.0,0.0,0.0,0.0,0.0,0.0,0.0,0.0,/home/dy1013/sirius_multi-gpu/experiment/fixed_page_runs/tpch22_5x_7gb_ws3g/paging/q5
q5,paging,3,15.015489020006498,15015.489020006498,15015.489020006498,0.0,0.0,0.0,15015.489020006498,0.0,0,0,0,0.0,1180,19.381212864,0,0.0,0.0,0,0.0,0.0,0.0,0.0,0.0,0.0,0.0,0.0,0.0,0.0,0.0,0.0,0.0,/home/dy1013/sirius_multi-gpu/experiment/fixed_page_runs/tpch22_5x_7gb_ws3g/paging/q5
q5,paging,4,14.871791407000273,14871.791407000273,14871.791407000273,0.0,0.0,0.0,14871.791407000273,0.0,0,0,0,0.0,1180,19.381212864,0,0.0,0.0,0,0.0,0.0,0.0,0.0,0.0,0.0,0.0,0.0,0.0,0.0,0.0,0.0,0.0,/home/dy1013/sirius_multi-gpu/experiment/fixed_page_runs/tpch22_5x_7gb_ws3g/paging/q5
q5,paging,5,15.028214436984854,15028.214436984854,15028.214436984854,0.0,0.0,0.0,15028.214436984854,0.0,0,0,0,0.0,1180,19.381212864,0,0.0,0.0,0,0.0,0.0,0.0,0.0,0.0,0.0,0.0,0.0,0.0,0.0,0.0,0.0,0.0,/home/dy1013/sirius_multi-gpu/experiment/fixed_page_runs/tpch22_5x_7gb_ws3g/paging/q5
q6,paging,1,5.858242943009827,5858.242943009827,5858.242943009827,0.0,0.0,0.0,5858.242943009827,0.0,0,0,0,0.0,0,0.0,0,0.0,0.0,0,0.0,0.0,0.0,0.0,0.0,0.0,0.0,0.0,0.0,0.0,0.0,0.0,0.0,/home/dy1013/sirius_multi-gpu/experiment/fixed_page_runs/tpch22_5x_7gb_ws3g/paging/q6
q6,paging,2,0.3338755320000928,333.8755320000928,333.8755320000928,0.0,0.0,0.0,333.8755320000928,0.0,0,0,0,0.0,0,0.0,0,0.0,0.0,0,0.0,0.0,0.0,0.0,0.0,0.0,0.0,0.0,0.0,0.0,0.0,0.0,0.0,/home/dy1013/sirius_multi-gpu/experiment/fixed_page_runs/tpch22_5x_7gb_ws3g/paging/q6
q6,paging,3,0.3438618829823099,343.8618829823099,343.8618829823099,0.0,0.0,0.0,343.8618829823099,0.0,0,0,0,0.0,0,0.0,0,0.0,0.0,0,0.0,0.0,0.0,0.0,0.0,0.0,0.0,0.0,0.0,0.0,0.0,0.0,0.0,/home/dy1013/sirius_multi-gpu/experiment/fixed_page_runs/tpch22_5x_7gb_ws3g/paging/q6
q6,paging,4,0.3744039589946624,374.4039589946624,374.4039589946624,0.0,0.0,0.0,374.4039589946624,0.0,0,0,0,0.0,0,0.0,0,0.0,0.0,0,0.0,0.0,0.0,0.0,0.0,0.0,0.0,0.0,0.0,0.0,0.0,0.0,0.0,/home/dy1013/sirius_multi-gpu/experiment/fixed_page_runs/tpch22_5x_7gb_ws3g/paging/q6
q6,paging,5,0.3743511409847997,374.3511409847997,374.3511409847997,0.0,0.0,0.0,374.3511409847997,0.0,0,0,0,0.0,0,0.0,0,0.0,0.0,0,0.0,0.0,0.0,0.0,0.0,0.0,0.0,0.0,0.0,0.0,0.0,0.0,0.0,/home/dy1013/sirius_multi-gpu/experiment/fixed_page_runs/tpch22_5x_7gb_ws3g/paging/q6
q8,paging,1,18.69768945200485,18697.68945200485,18697.68945200485,0.0,0.0,0.0,18697.68945200485,0.0,0,0,0,0.0,1378,20.80388924,0,0.0,0.0,0,0.0,0.0,0.0,0.0,0.0,0.0,0.0,0.0,0.0,0.0,0.0,0.0,0.0,/home/dy1013/sirius_multi-gpu/experiment/fixed_page_runs/tpch22_5x_7gb_ws3g/paging/q8
q8,paging,2,19.196837543015135,19196.837543015135,19196.837543015135,0.0,0.0,0.0,19196.837543015135,0.0,0,0,0,0.0,1603,24.198293296,0,0.0,0.0,0,0.0,0.0,0.0,0.0,0.0,0.0,0.0,0.0,0.0,0.0,0.0,0.0,0.0,/home/dy1013/sirius_multi-gpu/experiment/fixed_page_runs/tpch22_5x_7gb_ws3g/paging/q8
q8,paging,3,17.522160079010064,17522.160079010064,17522.160079010064,0.0,0.0,0.0,17522.160079010064,0.0,0,0,0,0.0,1602,24.18151608,0,0.0,0.0,0,0.0,0.0,0.0,0.0,0.0,0.0,0.0,0.0,0.0,0.0,0.0,0.0,0.0,/home/dy1013/sirius_multi-gpu/experiment/fixed_page_runs/tpch22_5x_7gb_ws3g/paging/q8
q8,paging,4,18.374197272991296,18374.197272991296,18374.197272991296,0.0,0.0,0.0,18374.197272991296,0.0,0,0,0,0.0,1602,24.18151608,0,0.0,0.0,0,0.0,0.0,0.0,0.0,0.0,0.0,0.0,0.0,0.0,0.0,0.0,0.0,0.0,/home/dy1013/sirius_multi-gpu/experiment/fixed_page_runs/tpch22_5x_7gb_ws3g/paging/q8
q8,paging,5,19.619791081000585,19619.791081000585,19619.791081000585,0.0,0.0,0.0,19619.791081000585,0.0,0,0,0,0.0,1602,24.18151608,0,0.0,0.0,0,0.0,0.0,0.0,0.0,0.0,0.0,0.0,0.0,0.0,0.0,0.0,0.0,0.0,/home/dy1013/sirius_multi-gpu/experiment/fixed_page_runs/tpch22_5x_7gb_ws3g/paging/q8
