condition,workload_id,repeat,position,query,query_sequence,total_ms,cumulative_total_ms,load_ms,scan_materialize_wall_ms,scan_materialize_work_ms,scan_uncompressed_gb,computation_ms,fixed_page_cached_gb,fixed_page_reuse_split_count,fixed_page_materialize_count,fixed_page_materialize_view_count,fixed_page_fallback_count,page_pruning_matched_cols,page_pruning_pages,page_pruning_all_fail_pages,page_pruning_all_pass_pages,page_pruning_partial_pages,page_pruning_unknown_pages,page_pruning_skip_reuse_count,page_pruning_keep_reuse_count,cache_column_view_ms,cache_column_materialize_ms,splice_view_build_ms,splice_materialize_ms,filtered_splice_materialize_ms,filtered_splice_materialize_single_mask_ms,single_mask_filter_apply_ms,post_filter_select_ms,inline_assembly_ms,post_filter_project_assembly_ms,assembly_ms,fixed_page_extra_stage_ms,benchmark_dir
baseline,q12x3,0,1,q12,"q12,q12,q12",3013.515,3013.515,2001.583984375,2001.583984375,5592.177,9.141245847,1011.9310156249999,0.0,0,0,0,0,0,0,0,0,0,0,0,0,0.0,0.0,0.0,0.0,0.0,0.0,0.0,0.0,0.0,0.0,0.0,0.0,/home/dy1013/sirius_multi-gpu/experiment/fixed_page_runs/q6q12_admit4/baseline/workloads/q12x3_iter0
baseline,q12x3,0,2,q12,"q12,q12,q12",2691.288,5704.803,1972.319091796875,1972.319091796875,5864.831999999999,9.141245847,718.968908203125,0.0,0,0,0,0,0,0,0,0,0,0,0,0,0.0,0.0,0.0,0.0,0.0,0.0,0.0,0.0,0.0,0.0,0.0,0.0,/home/dy1013/sirius_multi-gpu/experiment/fixed_page_runs/q6q12_admit4/baseline/workloads/q12x3_iter0
baseline,q12x3,0,3,q12,"q12,q12,q12",2662.6690000000003,8367.472,1947.738037109375,1947.738037109375,5901.695,9.141245847,714.9309628906253,0.0,0,0,0,0,0,0,0,0,0,0,0,0,0.0,0.0,0.0,0.0,0.0,0.0,0.0,0.0,0.0,0.0,0.0,0.0,/home/dy1013/sirius_multi-gpu/experiment/fixed_page_runs/q6q12_admit4/baseline/workloads/q12x3_iter0
baseline,q6x3,0,1,q6,"q6,q6,q6",2614.125,2614.125,1935.14501953125,1935.14501953125,4685.516000000001,5.103751393,678.97998046875,0.0,0,0,0,0,0,0,0,0,0,0,0,0,0.0,0.0,0.0,0.0,0.0,0.0,0.0,0.0,1.109,0.0,1.109,0.0,/home/dy1013/sirius_multi-gpu/experiment/fixed_page_runs/q6q12_admit4/baseline/workloads/q6x3_iter0
baseline,q6x3,0,2,q6,"q6,q6,q6",2612.061,5226.186,2069.48779296875,2069.48779296875,5553.638000000001,5.103751393,542.5732070312501,0.0,0,0,0,0,0,0,0,0,0,0,0,0,0.0,0.0,0.0,0.0,0.0,0.0,0.0,0.0,7.896999999999999,0.0,7.896999999999999,0.0,/home/dy1013/sirius_multi-gpu/experiment/fixed_page_runs/q6q12_admit4/baseline/workloads/q6x3_iter0
baseline,q6x3,0,3,q6,"q6,q6,q6",2444.334,7670.5199999999995,1985.35693359375,1985.35693359375,5074.91,5.103751393,458.97706640624983,0.0,0,0,0,0,0,0,0,0,0,0,0,0,0.0,0.0,0.0,0.0,0.0,0.0,0.0,0.0,0.9500000000000001,0.0,0.9500000000000001,0.0,/home/dy1013/sirius_multi-gpu/experiment/fixed_page_runs/q6q12_admit4/baseline/workloads/q6x3_iter0
paging_filter_aware,q12x3,0,1,q12,"q12,q12,q12",3840.78,3840.78,2014.77197265625,2014.77197265625,5254.14,9.141245847,1826.0080273437502,0.0,0,0,0,0,0,0,0,0,0,0,0,0,0.0,0.0,0.0,0.0,0.0,0.0,0.0,0.0,0.0,0.0,0.0,0.0,/home/dy1013/sirius_multi-gpu/experiment/fixed_page_runs/q6q12_admit4/paging_filter_aware/workloads/q12x3_iter0
paging_filter_aware,q12x3,0,2,q12,"q12,q12,q12",2379.685,6220.465,1643.90380859375,1643.90380859375,3987.6940000000004,8.189069986,735.78119140625,2.400151608,14,0,14,0,14,1158,0,0,1158,0,0,14,51.864999999999995,0.0,52.06600000000001,0.0,0.0,0.0,0.0,183.362,0.0,0.0,0.0,52.06600000000001,/home/dy1013/sirius_multi-gpu/experiment/fixed_page_runs/q6q12_admit4/paging_filter_aware/workloads/q12x3_iter0
paging_filter_aware,q12x3,0,3,q12,"q12,q12,q12",2453.286,8673.751,1640.94189453125,1640.94189453125,4509.199,8.189069986,812.3441054687501,2.400151608,14,0,14,0,14,1158,0,0,1158,0,0,14,85.48299999999998,0.0,85.749,0.0,0.0,0.0,0.0,289.638,0.0,0.0,0.0,85.749,/home/dy1013/sirius_multi-gpu/experiment/fixed_page_runs/q6q12_admit4/paging_filter_aware/workloads/q12x3_iter0
paging_filter_aware,q6x3,0,1,q6,"q6,q6,q6",3401.831,3401.831,1900.583984375,1900.583984375,3579.755,5.103751393,1501.2470156250001,0.0,0,0,0,0,0,0,0,0,0,0,0,0,0.0,0.0,0.0,0.0,0.0,0.0,0.0,0.0,0.206,0.0,0.206,0.0,/home/dy1013/sirius_multi-gpu/experiment/fixed_page_runs/q6q12_admit4/paging_filter_aware/workloads/q6x3_iter0
paging_filter_aware,q6x3,0,2,q6,"q6,q6,q6",2231.591,5633.4220000000005,1658.568115234375,1658.568115234375,5186.695999999999,5.103751393,573.0228847656249,2.400151608,14,0,14,0,14,1158,0,0,1158,0,0,14,34.453,0.0,34.673,0.0,0.0,0.0,0.0,158.50300000000001,0.0,0.07400000000000001,0.07400000000000001,34.673,/home/dy1013/sirius_multi-gpu/experiment/fixed_page_runs/q6q12_admit4/paging_filter_aware/workloads/q6x3_iter0
paging_filter_aware,q6x3,0,3,q6,"q6,q6,q6",2099.0609999999997,7732.483,1599.05908203125,1599.05908203125,5176.825000000001,5.103751393,500.0019179687497,2.400151608,14,0,14,0,14,1158,0,0,1158,0,0,14,59.416000000000004,0.0,59.584,0.0,0.0,0.0,0.0,166.01,0.0,0.19800000000000004,0.19800000000000004,59.584,/home/dy1013/sirius_multi-gpu/experiment/fixed_page_runs/q6q12_admit4/paging_filter_aware/workloads/q6x3_iter0
