query,series,samples,total_ms,total_ms_std,stage_total_work_ms,stage_total_work_ms_std,stage_total_wall_ms,stage_total_wall_ms_std,stage_task_count,stage_task_count_std,scan_work_ms,scan_work_ms_std,scan_wall_ms,scan_wall_ms_std,scan_input_gb,scan_input_gb_std,scan_output_gb,scan_output_gb_std,scan_task_count,scan_task_count_std,filter_work_ms,filter_work_ms_std,filter_wall_ms,filter_wall_ms_std,filter_input_gb,filter_input_gb_std,filter_output_gb,filter_output_gb_std,filter_task_count,filter_task_count_std,projection_work_ms,projection_work_ms_std,projection_wall_ms,projection_wall_ms_std,projection_input_gb,projection_input_gb_std,projection_output_gb,projection_output_gb_std,projection_task_count,projection_task_count_std,join_work_ms,join_work_ms_std,join_wall_ms,join_wall_ms_std,join_input_gb,join_input_gb_std,join_output_gb,join_output_gb_std,join_task_count,join_task_count_std,partition_work_ms,partition_work_ms_std,partition_wall_ms,partition_wall_ms_std,partition_input_gb,partition_input_gb_std,partition_output_gb,partition_output_gb_std,partition_task_count,partition_task_count_std,concat_work_ms,concat_work_ms_std,concat_wall_ms,concat_wall_ms_std,concat_input_gb,concat_input_gb_std,concat_output_gb,concat_output_gb_std,concat_task_count,concat_task_count_std,aggregate_work_ms,aggregate_work_ms_std,aggregate_wall_ms,aggregate_wall_ms_std,aggregate_input_gb,aggregate_input_gb_std,aggregate_output_gb,aggregate_output_gb_std,aggregate_task_count,aggregate_task_count_std,sort_work_ms,sort_work_ms_std,sort_wall_ms,sort_wall_ms_std,sort_input_gb,sort_input_gb_std,sort_output_gb,sort_output_gb_std,sort_task_count,sort_task_count_std,result_work_ms,result_work_ms_std,result_wall_ms,result_wall_ms_std,result_input_gb,result_input_gb_std,result_output_gb,result_output_gb_std,result_task_count,result_task_count_std,other_work_ms,other_work_ms_std,other_wall_ms,other_wall_ms_std,other_input_gb,other_input_gb_std,other_output_gb,other_output_gb_std,other_task_count,other_task_count_std,scan_work_share_of_latency,filter_work_share_of_latency,projection_work_share_of_latency,join_work_share_of_latency,partition_work_share_of_latency,concat_work_share_of_latency,aggregate_work_share_of_latency,sort_work_share_of_latency,result_work_share_of_latency,other_work_share_of_latency
q1,cold,1,11227.112036984181,,17216.851,,4020.096923828125,,241.0,,15416.216999999999,,3883.501953125,,0.0,,13.496004772,,47.0,,0.0,,0.0,,0.0,,0.0,,0.0,,193.682,,176.682373046875,,29.557039416,,32.122069288,,94.0,,0.0,,0.0,,0.0,,0.0,,0.0,,0.31500000000000017,,0.075927734375,,3.3088e-05,,3.3088e-05,,47.0,,0.0,,0.0,,0.0,,0.0,,0.0,,1588.0260000000005,,1123.986572265625,,16.061067732,,3.352e-05,,48.0,,18.6,,18.599853515625,,1.752e-06,,1.752e-06,,4.0,,0.011,,0.010986328125,,4.32e-07,,4.32e-07,,1.0,,0.0,,0.0,,0.0,,0.0,,0.0,,1.3731240010089978,0.0,0.017251275248877512,0.0,2.8057081728794724e-05,0.0,0.14144563577603478,0.0016567038735097828,9.797711079896564e-07,0.0
q1,hot,4,10172.818912251387,403.14838454566313,16200.802249999999,926.4951238451928,3930.2774658203125,693.096351559959,241.0,0.0,14487.717749999998,876.2470610968788,3831.9357299804688,616.235085239605,0.0,0.0,13.496004772,0.0,47.0,0.0,0.0,0.0,0.0,0.0,0.0,0.0,0.0,0.0,0.0,0.0,118.24400000000001,17.458335143993548,106.2427978515625,21.680770455195542,29.557039416,0.0,32.122069288,0.0,94.0,0.0,0.0,0.0,0.0,0.0,0.0,0.0,0.0,0.0,0.0,0.0,0.8327499999999999,0.2719636924297059,0.26824951171875,0.058100809717253656,3.3088e-05,0.0,3.3088e-05,0.0,47.0,0.0,0.0,0.0,0.0,0.0,0.0,0.0,0.0,0.0,0.0,0.0,1589.2945,52.740887683719265,1126.365234375,38.18112519358772,16.061067732,0.0,3.352e-05,0.0,48.0,0.0,4.709,1.025511579651834,4.2457275390625,0.8911236822488037,1.752e-06,0.0,1.752e-06,0.0,4.0,0.0,0.00425,0.0038622100754188227,0.00421142578125,0.0038928756638432556,4.32e-07,0.0,4.32e-07,0.0,1.0,0.0,0.0,0.0,0.0,0.0,0.0,0.0,0.0,0.0,0.0,0.0,1.4241596036426116,0.0,0.01162352353068978,0.0,8.186029921333777e-05,0.0,0.15622950862577253,0.00046290020894098786,4.177799719684006e-07,0.0
q1,paging,4,10370.206213490746,264.6069998543073,16376.7315,620.4785204176421,3682.8594970703125,282.36917333911936,241.0,0.0,14728.1805,645.2910065892752,3621.9517211914062,269.1032025687732,0.0,0.0,13.496004772,0.0,47.0,0.0,0.0,0.0,0.0,0.0,0.0,0.0,0.0,0.0,0.0,0.0,140.98125000000002,19.030833251594622,125.95562744140625,18.10118670465184,29.557039416,0.0,32.122069288,0.0,94.0,0.0,0.0,0.0,0.0,0.0,0.0,0.0,0.0,0.0,0.0,0.0,1.352,1.328967519041254,0.547607421875,0.7104470653872721,3.3088e-05,0.0,3.3088e-05,0.0,47.0,0.0,0.0,0.0,0.0,0.0,0.0,0.0,0.0,0.0,0.0,0.0,1502.63425,81.0822273348684,1074.8720703125,71.33697207800125,16.061067732,0.0,3.352e-05,0.0,48.0,0.0,3.581,0.902567818319857,3.36151123046875,0.9864585135613142,1.752e-06,0.0,1.752e-06,0.0,4.0,0.0,0.0025,0.0005773502691896258,0.00244140625,0.0005638186222554939,4.32e-07,0.0,4.32e-07,0.0,1.0,0.0,0.0,0.0,0.0,0.0,0.0,0.0,0.0,0.0,0.0,0.0,1.4202398869214292,0.0,0.01359483573398912,0.0,0.00013037349230733371,0.0,0.14489916777596978,0.0003453161804382855,2.410752446511348e-07,0.0
q2,cold,1,1273.350739007583,,1787.874,,1063.7001953125,,91.0,,1708.537,,991.18701171875,,0.0,,4.071724511,,15.0,,3.373,,3.373046875,,0.012853599,,0.008715824,,1.0,,0.065,,0.06494140625,,0.011559776,,0.01050555,,3.0,,22.502,,22.5009765625,,0.498147054,,0.089259145,,10.0,,0.17500000000000004,,0.16943359375,,0.493003119,,0.493003119,,26.0,,9.748,,9.74072265625,,0.491857623,,0.485816535,,18.0,,17.81,,17.81005859375,,0.002175528,,0.001905192,,3.0,,0.0,,0.0,,0.0,,0.0,,0.0,,0.004,,0.00390625,,1.831e-05,,1.831e-05,,1.0,,25.660000000000004,,23.02978515625,,4.078354325,,0.426653658,,14.0,,1.3417646432055241,0.002648916670538732,5.104642264601766e-05,0.01767148619047214,0.00013743267635466297,0.007655392737744309,0.013986719805008837,0.0,3.14131831667801e-06,0.020151557001489434
q2,hot,4,1155.949824489653,17.938060020467567,1713.22675,18.00299992362382,989.8592529296875,10.532974408556822,91.0,0.0,1672.70575,17.560161585721918,955.5776977539062,11.66959644560845,0.0,0.0,4.071724511,0.0,15.0,0.0,0.63725,0.05506586964717806,0.6373291015625,0.05505880824229164,0.012853599,0.0,0.008715824,0.0,1.0,0.0,0.058499999999999996,0.01135781669160054,0.05853271484375,0.011375267766239252,0.011559776,0.0,0.01050555,0.0,3.0,0.0,10.953999999999999,0.629790970613795,10.95263671875,0.6291762378629874,0.498147054,0.0,0.089259145,0.0,10.0,0.0,0.15750000000000003,0.03531288716601916,0.14935302734375,0.034559698684601854,0.493003119,0.0,0.493003119,0.0,26.0,0.0,9.747,0.028248893783650694,9.744140625,0.030750736920383666,0.491857623,0.0,0.485816535,0.0,18.0,0.0,0.525,0.05718391382198319,0.5250244140625,0.05711168861138411,0.002175528,0.0,0.001905192,0.0,3.0,0.0,0.0,0.0,0.0,0.0,0.0,0.0,0.0,0.0,0.0,0.0,0.00175,0.0005,0.001708984375,0.00048828125,1.831e-05,0.0,1.831e-05,0.0,1.0,0.0,18.439999999999998,0.868195062567546,17.23388671875,0.8198769033504617,4.078354325,0.0,0.426653658,0.0,14.0,0.0,1.4470401003248496,0.0005512782531727475,5.0607732931511535e-05,0.009476189855244057,0.00013625158866176185,0.008432026886896461,0.00045417196220587277,0.0,1.5139065406862426e-06,0.01595224949157389
q2,paging,4,1201.0491507535335,18.034302086621395,1773.1687499999998,9.542989272235337,1029.2442016601562,7.315781893060113,91.0,0.0,1736.28375,8.506894865343043,1000.5344848632812,5.9548622706115255,0.0,0.0,4.071724511,0.0,15.0,0.0,0.63525,0.02670049937111042,0.63531494140625,0.026744544087829978,0.012853599,0.0,0.008715824,0.0,1.0,0.0,0.059,0.010456258094238748,0.0589599609375,0.010351293788277252,0.011559776,0.0,0.01050555,0.0,3.0,0.0,10.644,1.2086662070232617,10.642822265625,1.2093723970659553,0.504023478,0.0,0.089259145,0.0,10.0,0.0,0.16175000000000003,0.020838665984174713,0.14886474609375,0.019080882355102968,0.494548191,0.0,0.494548191,0.0,26.0,0.0,9.807,0.0506162029393747,9.806640625,0.05077929370730996,0.493402695,0.0,0.487361607,0.0,18.0,0.0,0.57775,0.27649999999999997,0.5750732421875,0.27958585998560803,0.002175528,0.0,0.001905192,0.0,3.0,0.0,0.0,0.0,0.0,0.0,0.0,0.0,0.0,0.0,0.0,0.0,0.002,0.0008164965809277261,0.001953125,0.0007973599423122325,1.831e-05,0.0,1.831e-05,0.0,1.0,0.0,14.99825,0.8314330500206653,14.84503173828125,0.8647313977426405,4.078354325,0.0,0.426653658,0.0,14.0,0.0,1.445639213774609,0.000528912575810446,4.9123718178380654e-05,0.008862251801537012,0.00013467392229411988,0.00816536108771829,0.00048103776572134616,0.0,1.6652107857078189e-06,0.012487623833371148
q2,pin_table,4,159.65468425565632,5.011909228256672,75.57425,1.0381369129358622,40.310546875,0.31743432825102097,91.0,0.0,27.685,0.3901905517393588,11.81048583984375,0.19925169578845314,0.0,0.0,4.071724511,0.0,15.0,0.0,0.6194999999999999,0.047641018740856765,0.61944580078125,0.04764074479810867,0.012853599,0.0,0.008715824,0.0,1.0,0.0,0.04875,0.013351029922818688,0.0487060546875,0.013352059486206365,0.011559776,0.0,0.01050555,0.0,3.0,0.0,9.89775,0.42976534294891616,9.8968505859375,0.4296845638290425,0.498147054,0.0,0.089259145,0.0,10.0,0.0,0.08925000000000002,0.014591664287073857,0.079345703125,0.013620917405625287,0.493003119,0.0,0.493003119,0.0,26.0,0.0,8.70625,0.014974979131871407,8.7008056640625,0.01536922923392299,0.491857623,0.0,0.485816535,0.0,18.0,0.0,0.58025,0.09846276792100991,0.58013916015625,0.09850791854624778,0.002175528,0.0,0.001905192,0.0,3.0,0.0,0.0,0.0,0.0,0.0,0.0,0.0,0.0,0.0,0.0,0.0,0.001,0.0,0.0009765625,0.0,1.831e-05,0.0,1.831e-05,0.0,1.0,0.0,27.9465,0.5895679208821781,13.06097412109375,0.27037347058189753,4.078354325,0.0,0.426653658,0.0,14.0,0.0,0.17340549780342046,0.003880249445158713,0.00030534650597495926,0.061994735990023656,0.0005590189878618486,0.054531754208092094,0.003634406360860926,0.0,6.263518071281216e-06,0.1750434077790605
q3,cold,1,7977.041795995319,,12547.738999999998,,4812.331787109375,,251.0,,11236.410999999998,,4471.739990234375,,0.0,,9.649443544,,36.0,,0.0,,0.0,,0.0,,0.0,,0.0,,21.951,,10.111083984375,,0.132013472,,0.10806872,,28.0,,505.27000000000004,,107.93212890625,,12.667871064,,0.450307352,,27.0,,285.8379999999999,,147.5068359375,,8.60141084,,8.479196184,,63.0,,249.597,,150.88330078125,,8.44296172,,8.43557484,,30.0,,228.98400000000007,,72.806884765625,,0.10806872,,0.072468928,,28.0,,0.0,,0.0,,0.0,,0.0,,0.0,,0.002,,0.001953125,,3.2e-07,,3.2e-07,,1.0,,19.68600000000001,,14.7060546875,,9.661303456,,8.1862738,,38.0,,1.4085937227558425,0.0,0.0027517719677763214,0.06334052308133306,0.03583258146440927,0.031289418606945764,0.028705377990492158,0.0,2.507195087035963e-07,0.0024678321241695
q3,hot,4,7936.2304149981355,350.68477754772846,12242.831249999997,305.7083975047408,4611.00537109375,122.66238516088812,253.5,5.0,11051.443249999997,301.51252930116016,4305.75390625,109.79150911129257,0.0,0.0,9.649443544,0.0,36.0,0.0,0.0,0.0,0.0,0.0,0.0,0.0,0.0,0.0,0.0,0.0,23.95975,8.207475632007688,16.062255859375,6.138614370667607,0.132013472,0.0,0.10806872,0.0,28.5,1.0,476.732,75.64002395998207,102.322265625,3.1073778917807173,12.756043902,0.1763456760000004,0.450307352,0.0,27.5,1.0,303.303,55.6893032876751,163.50189208984375,34.252995538337835,8.60141084,0.0,8.479196184,0.0,63.5,1.0,240.3265,40.03129542828545,153.7764892578125,10.91236524280222,8.44296172,0.0,8.43557484,0.0,30.5,1.0,133.50350000000003,36.70576857025791,64.68988037109375,10.424507434665923,0.10806872,0.0,0.072468928,0.0,28.5,1.0,0.0,0.0,0.0,0.0,0.0,0.0,0.0,0.0,0.0,0.0,0.0015,0.0005773502691896258,0.00146484375,0.0005638186222554939,3.2e-07,0.0,3.2e-07,0.0,1.0,0.0,13.561750000000004,0.5555504027538903,10.28582763671875,0.38815730423744854,9.661303456,0.0,8.1862738,0.0,38.0,0.0,1.392530543104524,0.0,0.003019034068708504,0.06007033252198135,0.038217514378968705,0.030282197899121413,0.016822029227843607,0.0,1.8900660912834048e-07,0.001708840254230848
q3,paging,4,9083.581596496515,512.727177152511,10140.205750000001,241.80740464451708,5668.6513671875,99.55000010011744,251.0,0.0,9598.1105,242.72053802607445,5296.3095703125,93.33954718750806,0.0,0.0,9.649443544,0.0,36.0,0.0,0.0,0.0,0.0,0.0,0.0,0.0,0.0,0.0,0.0,0.0,13.68,2.024777683269613,12.98736572265625,2.751819184985061,0.132013472,0.0,0.10806872,0.0,28.0,0.0,204.14299999999997,13.012579785218097,151.16845703125,6.062933473722566,12.667871064,0.0,0.450307352,0.0,27.0,0.0,128.46275,1.6144605652250317,88.56646728515625,7.2058986070152615,8.60141084,0.0,8.479196184,0.0,63.0,0.0,147.32774999999998,8.970675053565735,133.3388671875,9.391145034837113,8.44296172,0.0,8.43557484,0.0,30.0,0.0,37.37324999999999,8.051715609110886,30.1500244140625,6.55860704424815,0.10806872,0.0,0.072468928,0.0,28.0,0.0,0.0,0.0,0.0,0.0,0.0,0.0,0.0,0.0,0.0,0.0,0.0035,0.0026457513110645908,0.00347900390625,0.002692012517419123,3.2e-07,0.0,3.2e-07,0.0,1.0,0.0,11.104999999999997,0.23773234249185823,9.00250244140625,0.509557391590527,9.661303456,0.0,8.1862738,0.0,38.0,0.0,1.056643835698238,0.0,0.0015060138839151614,0.02247384446667345,0.014142301539906608,0.016219125510671194,0.0041143737856017765,0.0,3.8531056971513636e-07,0.001222535393339025
q4,cold,1,4700.060197006678,,9137.989,,2336.36572265625,,154.0,,8450.609,,2195.616943359375,,0.0,,9.944133518,,23.0,,77.34299999999999,,63.8408203125,,9.82562256,,3.082271952,,19.0,,0.189,,0.10107421875,,0.23233184,,0.11616592,,10.0,,416.483,,68.852783203125,,3.616152524,,0.41610123,,16.0,,86.19100000000002,,46.900146484375,,3.409485826,,3.360630546,,41.0,,44.486,,27.9189453125,,3.314720726,,3.314003134,,16.0,,41.761,,23.2099609375,,0.111168252,,0.045909926,,5.0,,10.993,,10.65478515625,,4.4e-07,,4.4e-07,,4.0,,0.009,,0.009033203125,,1.06e-07,,1.06e-07,,1.0,,9.924999999999999,,9.92236328125,,9.82562256,,9.82562256,,19.0,,1.7979788866070119,0.016455746683682337,4.021225092401332e-05,0.08861226932055999,0.01833827576397689,0.009464985156643685,0.008885205348347726,0.0023389062137972403,1.9148690916196816e-06,0.0021116750815917042
q4,hot,4,4518.521184996644,58.85150557349445,7933.1015,876.8443409714553,2498.8112182617188,273.78292239612546,154.0,0.0,7377.808,868.3341623441974,2399.7950439453125,253.0538497862182,0.0,0.0,9.944133518,0.0,23.0,0.0,52.61925,24.078549615442643,46.66851806640625,20.14649734570617,9.82562256,0.0,3.082271952,0.0,19.0,0.0,0.1595,0.030610455730027943,0.067138671875,0.014802252335179802,0.23233184,0.0,0.11616592,0.0,10.0,0.0,375.92474999999996,12.230069347718349,60.28314208984375,1.2483844390115817,3.616152524,0.0,0.41610123,0.0,16.0,0.0,96.00099999999999,15.77265393014125,76.262451171875,14.575976466593726,3.409485826,0.0,3.360630546,0.0,41.0,0.0,17.86875,6.749368235867218,17.06402587890625,6.771837565091649,3.314720726,0.0,3.314003134,0.0,16.0,0.0,11.30175,0.2171871312946513,6.94775390625,0.18168568479516742,0.111168252,0.0,0.045909926,0.0,5.0,0.0,1.3615,0.23856305944830036,1.12054443359375,0.2091829182731205,4.4e-07,0.0,4.4e-07,0.0,4.0,0.0,0.0015,0.0005773502691896258,0.00146484375,0.0005638186222554939,1.06e-07,0.0,1.06e-07,0.0,1.0,0.0,0.055500000000000015,0.00925562891794322,0.050537109375,0.010417302430142902,9.82562256,0.0,9.82562256,0.0,19.0,0.0,1.6327926102233115,0.011645236980346058,3.529915949705091e-05,0.08319641196952343,0.02124611041301808,0.003954557092557545,0.0025012054911962077,0.000301315395957585,3.319670172136449e-07,1.2282779636904866e-05
q4,paging,4,5524.724239257921,286.4856711604024,6222.534250000001,280.8467062869891,3410.970703125,45.871105125330764,154.0,0.0,5875.39675,232.92778900104844,3272.3510131835938,48.04550669652352,0.0,0.0,9.944133518,0.0,23.0,0.0,52.867749999999994,11.288605268883597,52.8677978515625,11.288842196663392,9.82562256,0.0,3.082271952,0.0,19.0,0.0,2.0432499999999996,3.885441748801972,1.04656982421875,1.9323532736451985,0.23233184,0.0,0.11616592,0.0,10.0,0.0,179.06824999999998,43.789942409758886,76.63165283203125,9.574070604699035,3.616152524,0.0,0.41610123,0.0,16.0,0.0,71.25125,9.816716537790692,52.7432861328125,7.920394248688524,3.432440646,0.0,3.360630546,0.0,41.0,0.0,15.067,1.1682037493519695,13.75421142578125,1.37359410537011,3.314720726,0.0,3.314003134,0.0,16.0,0.0,11.217500000000001,0.20270586243783464,6.87249755859375,0.8288046818669327,0.111168252,0.0,0.045909926,0.0,5.0,0.0,1.36175,0.08297138060801446,1.198486328125,0.1121005206538101,4.4e-07,0.0,4.4e-07,0.0,4.0,0.0,0.002,0.0,0.001953125,0.0,1.06e-07,0.0,1.06e-07,0.0,1.0,0.0,14.258749999999996,14.11377292753429,14.25799560546875,14.113687354561637,9.82562256,0.0,9.82562256,0.0,19.0,0.0,1.0634733057353793,0.009569301147074296,0.0003698374636476785,0.03241216072425225,0.012896797543974872,0.0027271949417739254,0.002030418083185041,0.00024648289055290655,3.6200901862002063e-07,0.0025808980471241087
q5,cold,1,14589.030944975093,,17395.162000000004,,6295.57421875,,308.0,,16311.424000000003,,5588.993896484375,,0.0,,20.067101205,,46.0,,0.0,,0.0,,0.0,,0.0,,0.0,,5.418,,5.417724609375,,0.029407665,,0.014611793,,3.0,,402.5640000000001,,225.18505859375,,23.216689492,,0.940063693,,51.0,,232.25299999999996,,174.234619140625,,20.830740156,,20.524276168,,97.0,,398.04699999999997,,325.927978515625,,20.524275736,,20.523706796,,58.0,,26.472,,19.426025390625,,0.014612225,,5.76e-07,,4.0,,16.133000000000003,,16.078857421875,,5.92e-07,,5.92e-07,,4.0,,0.003,,0.0029296875,,1.44e-07,,1.44e-07,,1.0,,2.8479999999999928,,2.839599609375,,20.054851025,,19.907833516,,44.0,,1.1180608267623255,0.0,0.00037137490628643327,0.027593607931762965,0.015919700278653186,0.027283991753893667,0.001814513938577789,0.001105830816374867,2.0563394589503503e-07,0.00019521515930301942
q5,hot,4,11834.779139746388,495.896093116071,15970.066,254.74608642463122,5923.2437744140625,48.89996258495157,321.75,4.425306015783918,15104.350750000001,271.7401074327864,5324.169250488281,60.78692737870738,0.0,0.0,20.067101205,0.0,46.0,0.0,0.0,0.0,0.0,0.0,0.0,0.0,0.0,0.0,0.0,0.0,0.45725,0.16755571212783724,0.45721435546875,0.1675696992571399,0.029407635,6.536053855321907e-08,0.014611795,2.3094010765444792e-09,3.5,0.5773502691896257,310.77675000000005,18.682046147304,173.04510498046875,21.437521173019075,23.455505893999998,0.10876109562025968,0.940063678,5.9453062743083346e-08,55.25,1.5,203.42000000000002,12.895694449440576,186.51324462890625,14.67058444398636,20.832229466,0.0012824510896653155,20.525765478,0.0012824510896634798,101.25,1.5,341.89124999999996,23.500148742437037,308.73333740234375,17.44025126595445,20.525764974,0.001282414001398045,20.523706798,2.309401267839205e-09,62.25,1.5,5.532,1.0422402154334032,5.53204345703125,1.0422510041959248,0.014612298999999999,8.544783984015808e-08,6.48e-07,8.313843876330612e-08,4.5,0.5773502691896257,2.395,0.7951528155015236,2.2801513671875,0.7397959542335987,5.92e-07,0.0,5.92e-07,0.0,4.0,0.0,0.0015,0.0005773502691896258,0.00146484375,0.0005638186222554939,1.44e-07,0.0,1.44e-07,0.0,1.0,0.0,1.2414999999999992,0.15640652160316054,1.2340087890625,0.15683414621308023,20.054851025,0.0,19.907833516,0.0,44.0,0.0,1.2762680715580872,0.0,3.863612447691175e-05,0.026259615522209043,0.01718832245181714,0.028888688666084097,0.0004674358460498104,0.00020236964050782645,1.2674507756231302e-07,0.00010490267586240766
q5,paging,4,13657.734466505644,412.51980399069214,13474.851749999998,303.1022511093982,7673.726867675781,88.12999107696157,324.75,10.07885575516057,12718.505749999997,294.85808158883947,7030.520690917969,87.98675736606822,0.0,0.0,20.067101205,0.0,46.0,0.0,0.0,0.0,0.0,0.0,0.0,0.0,0.0,0.0,0.0,0.0,0.5307499999999999,0.13511569116871658,0.47833251953125,0.10630773116563164,0.02940767,1.0941663493178003e-07,0.014611797999999999,5.033222957184907e-09,4.25,1.2583057392117916,234.77474999999998,7.051960927051879,204.23101806640625,17.957528190355887,23.45158223925,0.11030407287654558,0.9400637119999999,1.1437365662663141e-07,55.75,2.6299556396765835,180.0075,0.8515795128269981,163.0914306640625,24.4389928526811,20.830988626,0.0004967213389207137,20.524524638,0.0004967213389207137,101.75,2.6299556396765835,323.82975000000005,17.65942355372904,306.58050537109375,20.622109110724466,20.524524026,0.0004965533333795261,20.523706801,5.033223373297901e-09,62.75,2.6299556396765835,7.8445,3.5282621312292917,7.473876953125,3.7177692209895725,0.01461241,1.8622924940354886e-07,7.559999999999999e-07,1.8119602644649798e-07,5.25,1.2583057392117916,2.317,0.6308021348515978,2.18341064453125,0.546073485158987,5.92e-07,0.0,5.92e-07,0.0,4.0,0.0,0.0022500000000000003,0.0015,0.002197265625,0.00146484375,1.44e-07,0.0,1.44e-07,0.0,1.0,0.0,7.039500000000005,6.798910770606329,7.03753662109375,6.798919765881625,20.054851025,0.0,19.907833516,0.0,44.0,0.0,0.9312310018320373,0.0,3.886076430184056e-05,0.01718987512722288,0.013179894545574309,0.023710356266931618,0.0005743631946599874,0.00016964746281180327,1.6474181757727985e-07,0.0005154222332601165
q6,cold,1,4922.6490809815,,9588.848,,2569.869873046875,,59.0,,9516.292,,2567.616943359375,,0.0,,0.185661344,,19.0,,0.0,,0.0,,0.0,,0.0,,0.0,,21.509,,17.206787109375,,0.185661344,,0.092830672,,19.0,,0.0,,0.0,,0.0,,0.0,,0.0,,0.0,,0.0,,0.0,,0.0,,0.0,,0.0,,0.0,,0.0,,0.0,,0.0,,51.04399999999999,,50.22314453125,,0.092830976,,3.2e-07,,20.0,,0.0,,0.0,,0.0,,0.0,,0.0,,0.003,,0.0029296875,,1.6e-08,,1.6e-08,,1.0,,0.0,,0.0,,0.0,,0.0,,0.0,,1.9331648150110667,0.0,0.004369395349162576,0.0,0.0,0.0,0.010369213640924939,0.0,6.094279625964819e-07,0.0
q6,hot,4,4714.888004753448,285.4064310086643,8627.74475,223.20405696936479,2760.7598876953125,30.450815528825345,59.0,0.0,8608.83525,219.92935278156222,2758.9332275390625,30.411288145899764,0.0,0.0,0.185661344,0.0,19.0,0.0,0.0,0.0,0.0,0.0,0.0,0.0,0.0,0.0,0.0,0.0,8.18975,1.5543550377353725,7.9580078125,1.520699373206805,0.185661344,0.0,0.092830672,0.0,19.0,0.0,0.0,0.0,0.0,0.0,0.0,0.0,0.0,0.0,0.0,0.0,0.0,0.0,0.0,0.0,0.0,0.0,0.0,0.0,0.0,0.0,0.0,0.0,0.0,0.0,0.0,0.0,0.0,0.0,0.0,0.0,10.712250000000001,3.5265113426728125,10.00323486328125,3.2526962355305638,0.092830976,0.0,3.2e-07,0.0,20.0,0.0,0.0,0.0,0.0,0.0,0.0,0.0,0.0,0.0,0.0,0.0,0.0075,0.00532290647422377,0.0074462890625,0.0053358365780551776,1.6e-08,0.0,1.6e-08,0.0,1.0,0.0,0.0,0.0,0.0,0.0,0.0,0.0,0.0,0.0,0.0,0.0,1.8258832959172646,0.0,0.0017369977805927251,0.0,0.0,0.0,0.0022720051863798552,0.0,1.5907058645801688e-06,0.0
q6,paging,4,4949.74181924772,107.04139193670234,7981.972500000001,718.3401669332337,2818.9257202148438,70.50504699450781,59.0,0.0,7962.347750000001,711.5898095946261,2811.91552734375,73.9776920857201,0.0,0.0,0.185661344,0.0,19.0,0.0,0.0,0.0,0.0,0.0,0.0,0.0,0.0,0.0,0.0,0.0,9.23125,5.9144620141367605,9.18682861328125,5.909885106545275,0.185661344,0.0,0.092830672,0.0,19.0,0.0,0.0,0.0,0.0,0.0,0.0,0.0,0.0,0.0,0.0,0.0,0.0,0.0,0.0,0.0,0.0,0.0,0.0,0.0,0.0,0.0,0.0,0.0,0.0,0.0,0.0,0.0,0.0,0.0,0.0,0.0,10.3835,5.945314373521386,10.38323974609375,5.9453195458235495,0.092830976,0.0,3.2e-07,0.0,20.0,0.0,0.0,0.0,0.0,0.0,0.0,0.0,0.0,0.0,0.0,0.0,0.01,0.003559026084010437,0.00994873046875,0.0035901955981085796,1.6e-08,0.0,1.6e-08,0.0,1.0,0.0,0.0,0.0,0.0,0.0,0.0,0.0,0.0,0.0,0.0,0.0,1.6086390039652914,0.0,0.0018649962638663442,0.0,0.0,0.0,0.0020977861834373663,0.0,2.0203073948450584e-06,0.0
q7,cold,1,11433.06643300457,,23587.576000000005,,5357.355224609375,,204.0,,23085.924000000003,,5147.06494140625,,0.0,,9.310288914,,51.0,,9.025,,9.025390625,,0.05389605,,0.026963988,,4.0,,9.17,,9.170166015625,,0.026963656,,0.024626744,,2.0,,289.04800000000006,,74.8701171875,,5.367398037,,1.281357137,,11.0,,71.45000000000002,,31.891845703125,,4.215200033,,4.177699749,,62.0,,60.291000000000004,,50.02685546875,,4.177699141,,4.167148085,,17.0,,22.418,,22.418212890625,,0.024627352,,8.16e-07,,3.0,,16.649,,16.2578125,,8.56e-07,,8.56e-07,,4.0,,0.004,,0.00390625,,2.08e-07,,2.08e-07,,1.0,,23.596999999999998,,23.214111328125,,9.310287896,,2.987736988,,49.0,,2.019224163113089,0.000789377027841538,0.0008020595396461942,0.025281756359395113,0.006249417023742703,0.005273388408376084,0.0019608037905985147,0.0014562147519705004,3.4986239461120795e-07,0.002063925731410168
q7,hot,4,11392.742319236277,276.80686559829127,23364.670499999993,711.0816618525606,5179.788330078125,126.52359724954333,204.0,0.0,22910.685499999996,686.7945506993584,5025.676452636719,112.49013091038786,0.0,0.0,9.310288914,0.0,51.0,0.0,1.658,0.21702688005559737,1.65802001953125,0.21701527955351402,0.053884514,5.117699483166697e-06,0.026958164,2.5126283715127514e-06,4.0,0.0,0.27275,0.048148208689420616,0.27276611328125,0.04813405426525463,0.026957832,2.5126283715127514e-06,0.02462092,2.5126283715127514e-06,2.0,0.0,282.5885,0.49542338795555935,65.1651611328125,0.4676148338854537,5.367252213,6.35191428992361e-05,1.281345585,5.09929145405666e-06,11.0,0.0,78.2245,24.985086825277726,38.91375732421875,25.49332717339669,4.215200017000001,3.199999998315661e-08,4.177699733000001,3.199999998315661e-08,62.0,0.0,53.2675,0.4367283671421718,43.04693603515625,0.43654384465772794,4.177699125,3.199999998315661e-08,4.167002261,6.35191428992361e-05,17.0,0.0,4.644,1.0080701033823656,4.64404296875,1.0080926195349573,0.024621528,2.5126283715127514e-06,8.16e-07,0.0,3.0,0.0,4.457000000000001,0.7417200729835125,4.126708984375,0.9045407190978765,8.56e-07,0.0,8.56e-07,0.0,4.0,0.0,0.0022500000000000003,0.0005,0.002197265625,0.00048828125,2.08e-07,0.0,2.08e-07,0.0,1.0,0.0,28.8705,10.120074489185676,24.6766357421875,3.6139248468946237,9.310287896,0.0,2.987736988,0.0,49.0,0.0,2.010989528071397,0.00014553124731001075,2.3940680159110634e-05,0.02480425626083533,0.0068661695145970664,0.004675564364346198,0.00040762793275493967,0.00039121397422238723,1.9749415346654054e-07,0.00253411331451367
q7,paging,4,13545.384453500446,733.057367342094,13409.756250000002,403.01368034792733,7557.907897949219,205.65763526694715,204.0,0.0,13187.630750000002,403.50120079158137,7404.770202636719,200.7050752584242,0.0,0.0,9.310288914,0.0,51.0,0.0,1.71225,0.20007561070755228,1.71221923828125,0.19995404102842662,0.053892546,4.157004049393979e-06,0.026962212,2.1617573098446115e-06,4.0,0.0,0.243,0.004966554808583784,0.24298095703125,0.004948994034039066,0.02696188,2.1617573098446115e-06,0.024624968,2.1617573098446115e-06,2.0,0.0,111.089,1.6730477179885341,87.60150146484375,6.597426675687425,5.596464522,0.0835359546667639,1.2813536010000002,4.15733247807506e-06,11.0,0.0,33.29475000000001,0.9822360120324041,32.7987060546875,1.4485313039484249,4.296286642,0.08242663438086494,4.258786358,0.08242663438086494,62.0,0.0,50.609750000000005,1.3421009338595478,48.578125,3.198950216336243,4.25878575,0.08242663438086494,4.220754706,0.0835359546667636,17.0,0.0,4.425,0.5379175897229365,4.42498779296875,0.5379161855423142,0.024625576,2.1617573098446115e-06,8.16e-07,0.0,3.0,0.0,4.08825,1.0767297324150882,3.88262939453125,1.139704613825148,8.56e-07,0.0,8.56e-07,0.0,4.0,0.0,0.004,0.004,0.00396728515625,0.0040283203125,2.08e-07,0.0,2.08e-07,0.0,1.0,0.0,16.659499999999998,0.5001236513770055,16.65972900390625,0.49980161128526657,9.310287896,0.0,3.029997218,0.08452046000000002,49.0,0.0,0.9735885160935397,0.00012640837223025546,1.7939690145686716e-05,0.00820124378022301,0.00245801439702923,0.003736309602266125,0.0003266795427763939,0.00030181867587697004,2.9530354149278544e-07,0.0012299023373747646
q8,cold,1,18913.44929698971,,21939.985999999997,,8301.087646484375,,399.0,,20719.971999999998,,7587.96533203125,,0.0,,25.502214985,,58.0,,0.0,,0.0,,0.0,,0.0,,0.0,,18.541000000000004,,18.541015625,,0.01417739,,0.012427647,,3.0,,452.69400000000013,,277.146484375,,33.50763303,,1.6545411,,70.0,,249.537,,220.243896484375,,27.00220063,,26.608952694,,128.0,,469.1160000000001,,417.01025390625,,26.608952614,,26.608922022,,79.0,,11.298,,11.298095703125,,0.0058244,,1.6e-07,,2.0,,16.038,,16.037841796875,,1.28e-07,,1.28e-07,,4.0,,0.01,,0.010009765625,,3.2e-08,,3.2e-08,,1.0,,2.7799999999999923,,2.7666015625,,25.488881144,,25.341899624,,54.0,,1.0955152428646537,0.0,0.0009803077010892463,0.023935031251652836,0.013193627248083015,0.02480330227626249,0.0005973526997953887,0.0008479680119772034,5.287242873034065e-07,0.0001469853518703466
q8,hot,4,15457.618237502174,367.394176338998,20582.299250000004,483.0420211260918,7814.427551269531,185.64444686268337,404.25,10.5,19447.674000000003,503.18830645858975,7147.79931640625,226.28213328156764,0.0,0.0,25.502214985,0.0,58.0,0.0,0.0,0.0,0.0,0.0,0.0,0.0,0.0,0.0,0.0,0.0,0.54,0.26493017948131165,0.4720458984375,0.31786456201486496,0.01417739,0.0,0.012427647,0.0,3.0,0.0,380.97149999999993,9.658277089281189,256.29583740234375,12.98684605578105,33.922914456,0.3360819649756552,1.654541052,6.127533498011202e-08,71.75,3.5,324.2082499999994,64.55924454006053,276.64483642578125,68.36362706687567,27.002200582,6.127533501876503e-08,26.608952646,6.1275334709541e-08,129.75,3.5,427.1005,35.10486829011991,385.5567626953125,21.110987638142408,26.608952566,6.1275334709541e-08,26.608922022,0.0,80.75,3.5,0.519,0.1604680653588121,0.5167236328125,0.1616486893650786,0.0058244,0.0,1.6e-07,0.0,2.0,0.0,0.30325,0.021929812280698315,0.166259765625,0.04629196393970226,1.28e-07,0.0,1.28e-07,0.0,4.0,0.0,0.004,0.004082482904638631,0.00396728515625,0.004106476277504141,3.2e-08,0.0,3.2e-08,0.0,1.0,0.0,0.9787499999999998,0.06787918188467847,0.96844482421875,0.06779563606222097,25.488881144,0.0,25.341899624,0.0,54.0,0.0,1.2581287557495398,0.0,3.493423059769263e-05,0.02464619672620158,0.020974010679952516,0.027630421028499667,3.357567718556013e-05,1.9618158201389425e-05,2.5877207850142683e-07,6.331829295831786e-05
q8,paging,4,17886.50183199934,172.09221131702913,17771.4245,473.09257561249564,9862.689453125,147.8998039074613,402.0,7.3484692283495345,16786.409,479.56931791139243,9047.927307128906,160.34617252899838,0.0,0.0,25.502214985,0.0,58.0,0.0,0.0,0.0,0.0,0.0,0.0,0.0,0.0,0.0,0.0,0.0,0.45125,0.052614161591723566,0.31048583984375,0.0440705387186539,0.01417739,0.0,0.012427647,0.0,3.0,0.0,332.20524999999986,9.024238079564745,278.2132568359375,9.31973138059696,33.890765136,0.2760450705711839,1.654541004,8.262364476159962e-08,71.0,2.449489742783178,229.11200000000002,6.082303565810225,217.19580078125,2.0117676071604373,27.002200534,8.262364513425549e-08,26.608952598000002,8.262364421694877e-08,129.0,2.449489742783178,406.5835000000001,23.83607510336661,359.09283447265625,19.280335812584582,26.608952518000002,8.262364421694877e-08,26.608922022,0.0,80.0,2.449489742783178,0.44125000000000003,0.05715111547467819,0.4359130859375,0.054649885048008086,0.0058244,0.0,1.6e-07,0.0,2.0,0.0,0.381,0.055515763527128045,0.23907470703125,0.0619586306831837,1.28e-07,0.0,1.28e-07,0.0,4.0,0.0,0.00475,0.0025,0.00482177734375,0.0025634765625,3.2e-08,0.0,3.2e-08,0.0,1.0,0.0,15.83650000000001,6.761177535508636,15.83380126953125,6.761418231784856,25.488881144,0.0,25.341899624,0.0,54.0,0.0,0.938495920424683,0.0,2.522852172204539e-05,0.018572958151362916,0.012809212340789505,0.022731303405152895,2.4669440908260454e-05,2.130097900520619e-05,2.655633865478462e-07,0.0008853883307505198
q9,cold,1,14759.03986999765,,31679.370000000003,,6627.562744140625,,302.0,,30281.314000000002,,6191.220947265625,,0.0,,33.060436829,,66.0,,0.0,,0.0,,0.0,,0.0,,0.0,,70.478,,16.617919921875,,1.535423115,,0.883679355,,10.0,,737.7829999999999,,275.087890625,,14.196257858,,7.40345804,,26.0,,213.37400000000002,,83.99658203125,,11.302148144,,11.230574512,,92.0,,174.72899999999998,,115.95068359375,,11.230512762,,11.198236562,,37.0,,128.90300000000002,,32.233154296875,,0.883741105,,6.7893e-05,,11.0,,17.531,,17.531005859375,,2.4608e-05,,2.4608e-05,,4.0,,0.011,,0.010986328125,,6.143e-06,,6.143e-06,,1.0,,55.247,,46.770751953125,,29.25186,,1.62547464,,55.0,,2.0517130021144676,0.0,0.0047752428762841475,0.04998854983106143,0.01445717349363282,0.011838778236190766,0.008733833713806516,0.001187814394053994,7.453059343217121e-07,0.0037432651775883303
q9,hot,4,14652.366023998184,107.99638132436286,30870.395500000002,773.4985682945222,6757.37353515625,180.04833265824243,303.5,1.7320508075688772,29725.15,804.4603692849068,6396.298583984375,180.10553664967355,0.0,0.0,33.060436829,0.0,66.0,0.0,0.0,0.0,0.0,0.0,0.0,0.0,0.0,0.0,0.0,0.0,17.67875,0.5512593914543934,6.5491943359375,0.617306742033999,1.535423099,3.199999998315661e-08,0.8836793390000001,3.2000000038667764e-08,10.0,0.0,684.2705000000001,22.5350854225139,256.13995361328125,14.884631058163446,14.196715266,0.0003731080999819039,7.40382996,0.0003037367466475193,26.5,0.5773502691896257,183.96849999999995,2.3381195435648587,75.79913330078125,0.7164585898667793,11.30252008,0.000303736756199288,11.230574512,0.0,92.5,0.5773502691896257,149.31725,7.035634649174623,96.68231201171875,2.969491466987356,11.230512762,0.0,11.19869397,0.0003731080999819025,37.5,0.5773502691896257,38.10275,10.797238609169169,18.1109619140625,7.7705106519088485,0.883741089,3.2000000038667764e-08,6.7893e-05,0.0,11.0,0.0,3.5412500000000002,1.1654962819903518,3.2354736328125,1.132366899566306,2.4608e-05,0.0,2.4608e-05,0.0,4.0,0.0,0.002,0.0,0.001953125,0.0,6.143e-06,0.0,6.143e-06,0.0,1.0,0.0,68.3645,16.549912960496197,52.46673583984375,7.907073497920045,29.25186,0.0,1.62547464,0.0,55.0,0.0,2.0286928371373647,0.0,0.0012065457531599399,0.046700341697666896,0.012555549028647632,0.01019065792892716,0.0026004503257421986,0.0002416845166302842,1.3649672665317852e-07,0.004665765234640611
q10,paging,4,10836.63987199543,85.08987456679452,14260.216999999999,303.9524222451061,4523.588317871094,83.99157338232347,218.5,7.0,13118.69425,326.5431656605051,4270.9378662109375,79.02407792718593,0.0,0.0,6.21277012,0.0,40.0,0.0,0.0,0.0,0.0,0.0,0.0,0.0,0.0,0.0,0.0,0.0,3.9604999999999997,0.66820281352296,1.1949462890625,0.4968308507150693,2.9141353580000002,0.0012767891220818563,2.822314497,0.0012767891220818563,9.5,1.0,416.36525,32.057846292548525,97.614501953125,1.5316251567671446,10.287572809,0.15324942201397326,5.069496524,0.0012767891220820682,25.5,1.9148542155126762,350.5915,41.331596610018984,152.17803955078125,16.9778627667759,10.067113262,0.05370846712308891,9.781411175999999,0.00043281822450824876,65.5,1.9148542155126762,80.316,26.122769416736805,69.93548583984375,9.12500323634112,9.066775921000001,0.02617083505975511,9.059742631,0.024808362612240703,30.5,1.9148542155126762,283.06775,31.615368734999738,55.53826904296875,1.1187717857406274,2.8229228429999997,0.0017096073159648497,1.473990836,0.00043249689000803346,9.5,1.0,0.0,0.0,0.0,0.0,0.0,0.0,0.0,0.0,0.0,0.0,0.0085,0.004509249752822894,0.00848388671875,0.0045209983526017464,3.713e-06,0.0,3.713e-06,0.0,1.0,0.0,7.21325,1.7459647524124497,5.3485107421875,1.619252660025031,6.856235257,0.0,6.119547453,0.0,37.0,0.0,1.2105868982415817,0.0,0.00036547306607788226,0.03842198826556849,0.03235241773660999,0.007411522478250523,0.026121358035669097,0.0,7.843759782002272e-07,0.0006656352970297398
q11,cold,1,1221.6127249994315,,2898.9350000000004,,945.076171875,,91.0,,2688.0190000000002,,867.63330078125,,0.0,,4.562251076,,11.0,,0.0,,0.0,,0.0,,0.0,,0.0,,26.739,,23.31591796875,,0.23506596,,0.129345888,,12.0,,97.588,,64.041015625,,4.62420764,,0.235721808,,11.0,,21.673000000000005,,6.464111328125,,4.696989088,,4.696611872,,21.0,,1.97,,1.9658203125,,4.62420764,,4.62420764,,15.0,,61.589,,49.315673828125,,0.201750192,,0.145185808,,14.0,,0.019000000000000003,,0.010986328125,,0.0,,0.0,,4.0,,0.002,,0.001953125,,0.0,,0.0,,1.0,,1.3359999999999999,,1.3359375,,0.012906,,0.00114654,,2.0,,2.2003855599991815,0.0,0.021888278873333153,0.07988456407086411,0.01774130176976512,0.0016126223636062048,0.05041614149854952,1.555321061346086e-05,1.6371800645748273e-06,0.0010936362831359845
q11,hot,4,1140.0433712406084,14.737759737627123,1985.1057499999997,9.790931497224047,898.2046508789062,5.30983374155387,91.0,0.0,1898.6877499999998,11.470427872722775,836.7887573242188,3.805821157176962,0.0,0.0,4.562251076,0.0,11.0,0.0,0.0,0.0,0.0,0.0,0.0,0.0,0.0,0.0,0.0,0.0,4.4704999999999995,1.4146539034925345,4.10260009765625,1.768312039818617,0.23506596,0.0,0.129345888,0.0,12.0,0.0,59.604499999999994,5.666275231578494,50.27288818359375,1.054330711297616,4.62420764,0.0,0.235721808,0.0,11.0,0.0,3.55225,1.0336393229748952,1.5533447265625,0.14858339067002646,4.696989088,0.0,4.696611872,0.0,21.0,0.0,1.70525,0.01732772345116351,1.69366455078125,0.013647693866341098,4.62420764,0.0,4.62420764,0.0,15.0,0.0,16.959,6.094197294694904,15.79986572265625,6.2490415708478775,0.201750192,0.0,0.145185808,0.0,14.0,0.0,0.032,0.019899748742132396,0.02581787109375,0.020001038484632878,0.0,0.0,0.0,0.0,4.0,0.0,0.00125,0.0005,0.001220703125,0.00048828125,0.0,0.0,0.0,0.0,1.0,0.0,0.09325,0.0041932485418030435,0.09320068359375,0.004178420020229916,0.012906,0.0,0.00114654,0.0,2.0,0.0,1.6654522081329466,0.0,0.003921342040816526,0.05228266003172992,0.0031158902280484296,0.0014957764265971102,0.014875749842345928,2.806910755086206e-05,1.0964495137055492e-06,8.179513372243398e-05
q11,paging,4,1482.3934879968874,343.51054916493104,1943.6525,234.04096052400732,1152.1015625,239.31289501071242,91.0,0.0,1830.85725,224.924343254015,1071.8014526367188,243.13878629183603,0.0,0.0,4.562251076,0.0,11.0,0.0,0.0,0.0,0.0,0.0,0.0,0.0,0.0,0.0,0.0,0.0,3.3102500000000004,0.3702173910915946,3.03228759765625,0.5685608103772004,0.23506596,0.0,0.129345888,0.0,12.0,0.0,56.49975,6.501020195579562,50.802001953125,0.7510670647491036,4.62420764,0.0,0.235721808,0.0,11.0,0.0,5.434000000000001,1.1157977714024472,2.2559814453125,0.5026661401466797,4.696989088,0.0,4.696611872,0.0,21.0,0.0,1.7325,0.032470499431535314,1.72454833984375,0.028174981105226073,4.62420764,0.0,4.62420764,0.0,15.0,0.0,45.693749999999994,23.383817158810203,40.02093505859375,23.698495388335477,0.201750192,0.0,0.145185808,0.0,14.0,0.0,0.0195,0.007852812659593164,0.0115966796875,0.005915059296672714,0.0,0.0,0.0,0.0,4.0,0.0,0.001,0.0,0.0009765625,0.0,0.0,0.0,0.0,0.0,1.0,0.0,0.10450000000000001,0.016114175953695763,0.1044921875,0.016261793894078325,0.012906,0.0,0.00114654,0.0,2.0,0.0,1.2350683302541898,0.0,0.0022330440782447306,0.03811386818512429,0.003665693383032057,0.0011687180320395726,0.03082430567186621,1.3154402092220297e-05,6.745847226779639e-07,7.049410351984724e-05
q12,cold,1,7943.676304013934,,11898.537,,3533.031005859375,,147.0,,10898.975,,3373.015869140625,,0.0,,5.659903977,,33.0,,34.712999999999994,,29.319580078125,,2.562378869,,0.056875087,,29.0,,46.427,,6.8740234375,,0.070191309,,0.060025916,,8.0,,243.63099999999997,,31.240966796875,,3.303151248,,0.070191309,,8.0,,558.508,,109.315185546875,,3.154400643,,3.135261383,,41.0,,2.869999999999999,,2.849853515625,,3.135260935,,3.134869095,,10.0,,104.53899999999999,,14.493896484375,,0.060026364,,5.04e-07,,9.0,,8.863,,8.60009765625,,2.28e-07,,2.28e-07,,4.0,,0.002,,0.001953125,,5.6e-08,,5.6e-08,,1.0,,0.009000000000000001,,0.0087890625,,3.097525108,,3.097525108,,4.0,,1.372031611420616,0.004369891051887341,0.0058445231430868435,0.0306698045937362,0.07030850435305204,0.0003612936743847166,0.013160027674740032,0.0011157302564709908,2.5177259539004647e-07,1.1329766792552093e-06
q12,hot,4,7050.868748003268,309.34572144120034,11084.560249999999,759.9168944524432,3370.4889526367188,283.0231633979544,147.0,0.0,10573.963,741.836364237197,3272.7230224609375,286.35786194726916,0.0,0.0,5.659903977,0.0,33.0,0.0,35.870000000000005,3.642425107900869,30.77978515625,4.639863929034508,2.562378869,0.0,0.056875087,0.0,29.0,0.0,18.277,1.411659779597526,3.98046875,1.0209279827432898,0.070191309,0.0,0.060025916,0.0,8.0,0.0,224.67325,2.4817992633034085,29.09295654296875,0.6759227501642425,3.303151248,0.0,0.070191309,0.0,8.0,0.0,212.226,46.147840823452064,72.07305908203125,9.8731789446461,3.154400643,0.0,3.135261383,0.0,41.0,0.0,4.727,6.622206933241114,4.60162353515625,6.709039624397115,3.135260935,0.0,3.134869095,0.0,10.0,0.0,14.09375,1.337711572051313,3.63201904296875,0.8407591185710962,0.060026364,0.0,5.04e-07,0.0,9.0,0.0,0.7222500000000001,0.17512543123905983,0.4522705078125,0.17111993876650064,2.28e-07,0.0,2.28e-07,0.0,4.0,0.0,0.001,0.0,0.0009765625,0.0,5.6e-08,0.0,5.6e-08,0.0,1.0,0.0,0.007,0.0008164965809277261,0.00634765625,0.0012607367663435602,3.097525108,0.0,3.097525108,0.0,4.0,0.0,1.4996681086985821,0.005087316369370514,0.0025921628459153853,0.031864619528426924,0.030099269690717217,0.0006704138410374802,0.0019988671614389647,0.00010243418588731122,1.4182649482493765e-07,9.927854637745635e-07
q12,paging,4,7188.583356495656,163.4276701271694,11234.990250000003,341.6374693837289,3228.8184814453125,86.40296643027003,147.0,0.0,10759.528750000001,342.8800700637442,3137.8217163085938,83.13915973168031,0.0,0.0,5.659903977,0.0,33.0,0.0,35.65025,13.967880521038259,31.46173095703125,9.939275719629887,2.562378869,0.0,0.056875087,0.0,29.0,0.0,17.72775,1.2087324972879656,3.67755126953125,0.740211865595356,0.070191309,0.0,0.060025916,0.0,8.0,0.0,224.90699999999998,2.4135195600339907,29.21099853515625,0.6973784076791804,3.303151248,0.0,0.070191309,0.0,8.0,0.0,175.82324999999997,19.287249369726148,65.42120361328125,5.125255986833581,3.154400643,0.0,3.135261383,0.0,41.0,0.0,5.599749999999999,9.295506777470498,5.23480224609375,9.479372571535878,3.135260935,0.0,3.134869095,0.0,10.0,0.0,15.097249999999999,1.4620892300631547,3.481689453125,0.3929191360854498,0.060026364,0.0,5.04e-07,0.0,9.0,0.0,0.64625,0.03444198019858908,0.34326171875,0.10001922263721265,2.28e-07,0.0,2.28e-07,0.0,4.0,0.0,0.00125,0.0005,0.001220703125,0.00048828125,5.6e-08,0.0,5.6e-08,0.0,1.0,0.0,0.00875,0.004349329450233296,0.00836181640625,0.004659505538084061,3.097525108,0.0,3.097525108,0.0,4.0,0.0,1.496752310770329,0.004959287279848564,0.002466097855564418,0.031286692919373665,0.024458678613099034,0.0007789782384508381,0.0021001704023308034,8.989949312002397e-05,1.7388683388786068e-07,1.2172078372150247e-06
q13,cold,1,2730.3086209867615,,4447.0289999999995,,2446.208984375,,38.0,,4003.883,,2205.82080078125,,0.0,,2.533088752,,6.0,,0.0,,0.0,,0.0,,0.0,,0.0,,0.056,,0.042724609375,,2.7132936,,2.5932936,,4.0,,260.17,,130.924072265625,,2.494117808,,2.4732936,,2.0,,37.935,,30.89306640625,,2.773090176,,2.734119232,,10.0,,10.695,,10.695068359375,,2.494117808,,2.494117808,,4.0,,121.96499999999999,,62.837890625,,2.833295024,,0.480002144,,7.0,,12.324,,12.114990234375,,2.88e-06,,2.88e-06,,4.0,,0.001,,0.0009765625,,7.2e-07,,7.2e-07,,1.0,,0.0,,0.0,,0.0,,0.0,,0.0,,1.466458029405099,0.0,2.051050184200826e-05,0.09528959400420159,0.013894033703153274,0.003917139592862113,0.04467077423500959,0.0045137754410876745,3.662589614644332e-07,0.0
q13,hot,4,2485.7576055146637,12.053347205739957,4243.10675,16.04738160105862,2312.9878540039062,9.059903062962105,38.0,0.0,3900.39525,16.038980025238278,2137.6590576171875,8.351627304401436,0.0,0.0,2.533088752,0.0,6.0,0.0,0.0,0.0,0.0,0.0,0.0,0.0,0.0,0.0,0.0,0.0,0.04625,0.0080156097709407,0.0380859375,0.013530178576801924,2.7132936,0.0,2.5932936,0.0,4.0,0.0,246.09175,0.2502896655211132,123.66754150390625,0.5150413436945214,2.494117808,0.0,2.4732936,0.0,2.0,0.0,27.633750000000003,0.555139246796092,21.3192138671875,0.40886912551371496,2.773090176,0.0,2.734119232,0.0,10.0,0.0,7.237,0.015513435037626613,7.2369384765625,0.01564342683790316,2.494117808,0.0,2.494117808,0.0,4.0,0.0,61.268249999999995,0.20545944449777567,31.77880859375,1.1453572353423211,2.833295024,0.0,0.480002144,0.0,7.0,0.0,0.43325,0.04031025510545258,0.2275390625,0.018638022152336245,2.88e-06,0.0,2.88e-06,0.0,4.0,0.0,0.00125,0.0005,0.001220703125,0.00048828125,7.2e-07,0.0,7.2e-07,0.0,1.0,0.0,0.0,0.0,0.0,0.0,0.0,0.0,0.0,0.0,0.0,0.0,1.5690971804117009,0.0,1.8605997582947823e-05,0.09900070282558701,0.011116832123411555,0.002911386043411749,0.024647717003490655,0.00017429293952026258,5.028647995391303e-07,0.0
q13,paging,4,2566.207410993229,7.592014751635885,4351.32325,10.728752160277635,2373.4057006835938,5.451347073535004,38.0,0.0,3996.6775000000002,11.171422365422437,2197.9943237304688,3.4421975744743296,0.0,0.0,2.533088752,0.0,6.0,0.0,0.0,0.0,0.0,0.0,0.0,0.0,0.0,0.0,0.0,0.0,0.06675,0.00939414711402797,0.0450439453125,0.010161452305940412,2.7132936,0.0,2.5932936,0.0,4.0,0.0,245.59425,0.5225580510016685,123.323486328125,0.43896823835068144,2.494117808,0.0,2.4732936,0.0,2.0,0.0,37.77125,1.6355790768613634,20.62591552734375,2.4102647603409344,2.773090176,0.0,2.734119232,0.0,10.0,0.0,7.3317499999999995,0.3405802646464804,7.33172607421875,0.34078628821994333,2.494117808,0.0,2.494117808,0.0,4.0,0.0,63.214999999999996,0.2961294761867991,33.0228271484375,0.894629005299151,2.833295024,0.0,0.480002144,0.0,7.0,0.0,0.664,0.1101635148313633,0.48858642578125,0.21705226346976744,2.88e-06,0.0,2.88e-06,0.0,4.0,0.0,0.00275,0.0015,0.002685546875,0.00146484375,7.2e-07,0.0,7.2e-07,0.0,1.0,0.0,0.0,0.0,0.0,0.0,0.0,0.0,0.0,0.0,0.0,0.0,1.5574257493290924,0.0,2.601114770148878e-05,0.09570319567620016,0.0147187050579754,0.002857037185923451,0.02463362849362716,0.0002587475966110644,1.0716203172897998e-06,0.0
q14,paging,4,7378.901895506715,94.713265896795,15244.943000000001,422.381574103321,3770.48681640625,68.96612027698396,71.0,0.0,15191.241750000001,423.2534621637282,3740.4791870117188,71.66222565387746,0.0,0.0,0.845551358,0.0,29.0,0.0,0.0,0.0,0.0,0.0,0.0,0.0,0.0,0.0,0.0,0.0,2.7505,0.12045607774897314,1.90399169921875,0.4590791374482662,0.31502632,0.0,0.123765688,0.0,3.0,0.0,20.22475,0.19653901224269243,10.34100341796875,0.4694117378642249,0.840147778,0.0,0.315026288,0.0,2.0,0.0,23.25875,3.719966879332842,20.09326171875,3.6888370729944313,0.845551358,0.0,0.840147778,0.0,29.0,0.0,4.79325,5.4192113432983335,4.47503662109375,5.32483761997643,0.840147778,0.0,0.840147778,0.0,4.0,0.0,2.6685,0.39067846967380554,2.25836181640625,0.3559177553183602,0.123765744,0.0,9.6e-08,0.0,3.0,0.0,0.0,0.0,0.0,0.0,0.0,0.0,0.0,0.0,0.0,0.0,0.0055,0.003109126351029605,0.00555419921875,0.0031542049115044746,8e-09,0.0,8e-09,0.0,1.0,0.0,0.0,0.0,0.0,0.0,0.0,0.0,0.0,0.0,0.0,0.0,2.058740170979981,0.0,0.00037275194045808917,0.0027408888594000137,0.003152061150746984,0.0006495885252138649,0.0003616391758270899,0.0,7.45368359396288e-07,0.0
q15,cold,1,7320.3451320005115,,14779.988,,3719.84130859375,,147.0,,14503.956,,3644.919921875,,0.0,,0.637806644,,29.0,,0.0,,0.0,,0.0,,0.0,,0.0,,38.94200000000001,,37.947021484375,,0.583309449,,0.388873065,,33.0,,8.644,,8.64404296875,,0.102372528,,3.37e-07,,3.0,,71.061,,28.59619140625,,0.478603396,,0.476528784,,33.0,,0.641,,0.635009765625,,0.102372528,,0.102372528,,6.0,,151.95600000000005,,125.944091796875,,0.76302908,,0.40010592,,35.0,,4.761,,4.5439453125,,1.188e-06,,1.188e-06,,5.0,,0.009,,0.009033203125,,2.97e-07,,2.97e-07,,1.0,,0.018,,0.009033203125,,0.024,,0.024,,2.0,,1.9813213364212439,0.0,0.005319694535953921,0.0011808186423087075,0.009707329192630619,8.756417743173085e-05,0.02075803766897987,0.000650379171220703,1.229450229150667e-06,2.458900458301334e-06
q15,hot,4,7221.797209502256,59.46573504461039,14869.095749999999,210.8479851700025,3720.8612670898438,47.43290955551317,147.0,0.0,14624.5685,125.47803236821822,3670.9874877929688,50.130253936763346,0.0,0.0,0.637806644,0.0,29.0,0.0,0.0,0.0,0.0,0.0,0.0,0.0,0.0,0.0,0.0,0.0,21.17825,1.8309497307863651,20.492431640625,1.1431485656734177,0.583309449,0.0,0.388873065,0.0,33.0,0.0,1.523,0.11949895397031718,1.49078369140625,0.1553081577597166,0.102372528,0.0,3.37e-07,0.0,3.0,0.0,161.81099999999998,96.31298369724956,32.32244873046875,17.966903658422144,0.478603396,0.0,0.476528784,0.0,33.0,0.0,0.67225,0.012579745625409136,0.6688232421875,0.012142570689907112,0.102372528,0.0,0.102372528,0.0,6.0,0.0,58.43124999999999,4.785178671342037,49.4649658203125,5.0987520153424795,0.76302908,0.0,0.40010592,0.0,35.0,0.0,0.87825,0.170096786173833,0.58074951171875,0.3015877862979086,1.188e-06,0.0,1.188e-06,0.0,5.0,0.0,0.00425,0.0015,0.004150390625,0.00146484375,2.97e-07,0.0,2.97e-07,0.0,1.0,0.0,0.029,0.03470830832332032,0.0233154296875,0.031253496610206294,0.024,0.0,0.024,0.0,2.0,0.0,2.0250594243711753,0.0,0.0029325456511204995,0.000210889333474509,0.02240591854159145,9.308624716233664e-05,0.008090956905175577,0.00012161100270780535,5.884961702341847e-07,4.015620926303849e-06
q15,paging,4,7122.613027509942,356.48452786447655,13997.122249999999,1922.8562685143447,3969.4342651367188,374.07650348311813,147.0,0.0,13769.23275,1895.0631027339368,3924.2387084960938,371.2463432321569,0.0,0.0,0.637806644,0.0,29.0,0.0,0.0,0.0,0.0,0.0,0.0,0.0,0.0,0.0,0.0,0.0,13.7405,1.8164761673819632,13.7174072265625,1.8182113975138159,0.583309449,0.0,0.388873065,0.0,33.0,0.0,1.637,0.19002105146535747,1.6370849609375,0.18998203970697958,0.102372528,0.0,3.37e-07,0.0,3.0,0.0,148.78625,72.24587446295232,30.336181640625,14.213227179675403,0.478603396,0.0,0.476528784,0.0,33.0,0.0,0.66625,0.012632629707758145,0.6646728515625,0.012907167859263968,0.102372528,0.0,0.102372528,0.0,6.0,0.0,62.19525,12.693239286460072,54.87078857421875,12.659867554397607,0.76302908,0.0,0.40010592,0.0,35.0,0.0,0.8322499999999999,0.12780029994748315,0.5966796875,0.11231760144274683,1.188e-06,0.0,1.188e-06,0.0,5.0,0.0,0.005,0.0029439202887759485,0.00494384765625,0.0029859439793224825,2.97e-07,0.0,2.97e-07,0.0,1.0,0.0,0.027,0.02598717632474397,0.022705078125,0.021625402722439988,0.024,0.0,0.024,0.0,2.0,0.0,1.933171533651844,0.0,0.0019291375155339114,0.00022983138262283126,0.020889278896008688,9.354010914628058e-05,0.00873208326210913,0.00011684616260711747,7.019895620734003e-07,3.7907436351963613e-06
q16,cold,1,1053.545157017652,,1289.417,,808.385498046875,,49.0,,648.2929999999999,,469.235107421875,,0.0,,2.212363936,,5.0,,25.838,,25.837890625,,1.5035954,,0.7250956,,3.0,,0.02,,0.02001953125,,0.579077902,,0.579077902,,2.0,,106.245,,46.258056640625,,2.14990746,,1.172335784,,6.0,,35.912000000000006,,30.1572265625,,2.124618546,,2.10387605,,11.0,,31.127000000000002,,31.127197265625,,2.00637937,,2.004632282,,9.0,,421.55,,219.239990234375,,0.676574582,,0.098851104,,4.0,,20.421,,18.319091796875,,0.00541832,,0.005418312,,5.0,,0.008,,0.008056640625,,0.001354568,,0.001354568,,1.0,,0.003,,0.0029296875,,1.300000128,,1.300000128,,3.0,,0.6153442932006548,0.024524814933553997,1.8983524215151323e-05,0.10084522651193763,0.034086816080725724,0.029545007912250766,0.40012523164485203,0.01938312739988026,7.59340968606053e-06,2.847528632272699e-06
q16,hot,4,830.881556510576,8.16683932522284,998.8805,86.58351361354342,689.9146728515625,12.689054430714117,49.0,0.0,616.382,32.16074556557005,433.85052490234375,17.398562161387705,0.0,0.0,2.212363936,0.0,5.0,0.0,15.11175,2.8195812189046805,15.1116943359375,2.8195953478828955,1.503354952,0.00048149351859395824,0.724855248,0.0004813015186678707,3.0,0.0,0.01475,0.0009574271077563381,0.014892578125,0.0009349874099182989,0.57883755,0.00048130151866785216,0.5788375495,0.0004813011845081933,2.0,0.0,65.73725,3.316993857395575,23.21221923828125,3.525227423330791,2.149667012,0.00048149351859395824,1.172095336,0.00048149351859395824,6.0,0.0,20.9295,1.052867987926313,14.89300537109375,1.0992722996887783,2.12461682675,3.275253819684908e-06,2.10387433075,3.275253819684908e-06,11.0,0.0,32.35725,1.8244170530153827,32.31585693359375,1.7935421801677969,2.00637937,0.0,2.004391834,0.00048149351859395824,9.0,0.0,241.84900000000002,59.43040408747028,184.833740234375,3.5893207732248213,0.67633251025,0.00048457426235572367,0.09884938474999999,3.27525381967865e-06,4.0,0.0,6.4902500000000005,0.8100655837646729,4.815673828125,0.8085104980856648,0.00541832,0.0,0.005418312,0.0,5.0,0.0,0.00325,0.0038622100754188223,0.00323486328125,0.0038928756638432556,0.001354568,0.0,0.001354568,0.0,1.0,0.0,0.0055,0.003,0.00518798828125,0.0025634765625,1.300000128,0.0,1.300000128,0.0,3.0,0.0,0.7418409942670983,0.01818761035383224,1.77522294055305e-05,0.07911747406703118,0.025189510870715297,0.03894327626658317,0.29107518166089125,0.0078112818236775825,3.9115081740999405e-06,6.619475371553746e-06
q16,paging,4,884.8449472570792,17.460644404140357,966.5439999999999,9.679603745333127,707.4713134765625,9.081887828282388,49.0,0.0,634.6502499999999,7.8048856226939245,448.3065185546875,4.737072575846868,0.0,0.0,2.212363936,0.0,5.0,0.0,12.673,0.17483134730362265,12.67315673828125,0.17479552346188953,1.50278644,0.00030643200000002313,0.724286928,0.00030623999999995766,3.0,0.0,0.02025,0.0032015621187164245,0.02032470703125,0.003247315055782678,0.57826923,0.00030624000000001317,0.5782692285,0.0003062409999999849,2.0,0.0,61.628,9.456100711533624,22.6541748046875,3.7504481604125806,2.172863076,0.02761902060635221,1.1715268879999998,0.0003065600000000668,6.0,0.0,22.20275,3.893698102917928,19.1646728515625,0.5299355382824891,2.12461315725,2.7924999999040523e-06,2.10387066125,2.7924999999040523e-06,11.0,0.0,33.194250000000004,4.417695581408932,32.078125,6.619630578034698,2.006379434,1.2800000015467106e-07,2.003823322,0.00030643200000013415,9.0,0.0,193.251,1.8790387613529036,186.91351318359375,0.5304995968388982,0.67576045575,0.0003089055000000118,0.09884565125,2.6644999999991814e-06,4.0,0.0,8.9155,1.7896037736512138,7.0086669921875,1.9616252761947905,0.005418340000000001,8.000000000125962e-09,0.005418332,8.000000000125962e-09,5.0,0.0,0.0052499999999999995,0.004924428900898052,0.0052490234375,0.0049494958331819565,0.001354568,0.0,0.001354568,0.0,1.0,0.0,0.00375,0.0009574271077563381,0.003662109375,0.0009349874099182989,1.300000128,0.0,1.300000128,0.0,3.0,0.0,0.7172445884076584,0.014322283287354343,2.2885365467444602e-05,0.06964836064334202,0.02509224929048423,0.03751419963791225,0.21840097589872282,0.010075776583950733,5.933242898967118e-06,4.2380306421193706e-06
q16,pin_table,4,439.6768240039819,10.410640824343682,342.58500000000004,3.5034150006339044,273.906005859375,4.158836597205664,49.0,0.0,18.926000000000002,0.3575201626015887,15.8828125,0.2301765788229977,0.0,0.0,2.212363936,0.0,5.0,0.0,12.45125,0.4618747124491655,12.4512939453125,0.46187614516484926,1.5034213840000001,0.0002019709805689588,0.7249215840000001,0.00020197098056902286,3.0,0.0,0.0235,0.021671794265050292,0.023681640625,0.021652029913460134,0.578903886,0.0002019709805689588,0.578903884,0.00020197098056902286,2.0,0.0,61.85525,0.3150792228419192,19.98114013671875,0.28373898201891834,2.1497334439999998,0.00020197098056908697,1.172161896,0.00020182317889999582,6.0,0.0,27.0985,1.4095820893678612,13.616943359375,0.6451231733401117,2.124617782,5.958254778746701e-07,2.103875286,5.958254778746701e-07,11.0,0.0,28.4215,2.9210656160609134,27.55517578125,4.097665894008812,2.0063794980000003,1.4780166909114295e-07,2.0044582660000003,0.00020197098056908697,9.0,0.0,185.02925,0.639839237621459,179.43133544921875,0.8226797038348918,0.6763996720000001,0.00020271460771573228,0.09885021199999999,7.436271467174304e-07,4.0,0.0,8.766,1.3115230332200298,7.06317138671875,1.5394049245791306,0.005418336,0.0,0.005418328,0.0,5.0,0.0,0.00475,0.0032015621187164245,0.0047607421875,0.0032663789453758916,0.001354568,0.0,0.001354568,0.0,1.0,0.0,0.009000000000000001,0.00496655480858378,0.0064697265625,0.004802811419166504,1.300000128,0.0,1.300000128,0.0,3.0,0.0,0.043045252710041865,0.028319095572540882,5.3448348234491374e-05,0.14068344434602223,0.061632768707760195,0.0646417969934722,0.42083011861986225,0.01993737109036389,1.0803389536758894e-05,2.0469580174911592e-05
q17,cold,1,11714.690271008294,,23600.720000000005,,5923.76513671875,,239.0,,23206.938000000006,,5609.719970703125,,0.0,,24.376706952,,48.0,,0.58,,0.580078125,,0.014555352,,0.000433832,,1.0,,4.829,,4.815185546875,,0.01495292,,0.01012628,,21.0,,234.454,,216.5693359375,,9.80450588,,0.067951152,,22.0,,0.4140000000000002,,0.197265625,,9.793888756,,9.793888756,,71.0,,5.904,,5.850830078125,,9.785352952,,9.785123896,,24.0,,106.42599999999999,,105.783203125,,0.018774852,,0.008856908,,23.0,,0.0,,0.0,,0.0,,0.0,,0.0,,0.006,,0.006103515625,,8e-09,,8e-09,,1.0,,41.169,,37.433349609375,,14.625926544,,0.014708952,,28.0,,1.9810116582794266,4.951048526100544e-05,0.0004122174712506815,0.020013674674799604,3.5340242927683216e-05,0.0005039825947947864,0.009084832593772008,0.0,5.121774337345391e-07,0.0035143054615695397
q17,hot,4,10890.087748484802,281.1684820721994,23013.61,234.7940388354582,5993.96337890625,190.89999318273138,239.0,0.0,22790.566000000003,243.4851680246659,5823.33251953125,187.421434866529,0.0,0.0,24.376706952,0.0,48.0,0.0,0.148,0.03252691193458119,0.14801025390625,0.032570210813621485,0.014555352,0.0,0.000433832,0.0,1.0,0.0,2.7497499999999997,4.17901945237556,2.7471923828125,4.179929206965822,0.01495292,0.0,0.01012628,0.0,21.0,0.0,164.33425,11.275741228407117,160.0374755859375,2.8599453306919633,9.80450588,0.0,0.067951152,0.0,22.0,0.0,0.4650000000000002,0.1026287808885337,0.2579345703125,0.1130005438856241,9.793888756,0.0,9.793888756,0.0,71.0,0.0,0.39100000000000007,0.2318260842384509,0.35565185546875,0.2130020619883597,9.785352952,0.0,9.785123896,0.0,24.0,0.0,13.044250000000002,3.257285308862786,12.76434326171875,3.4760996042467696,0.018774852,0.0,0.008856908,0.0,23.0,0.0,0.0,0.0,0.0,0.0,0.0,0.0,0.0,0.0,0.0,0.0,0.003,0.0016329931618554521,0.0029296875,0.001594719884624465,8e-09,0.0,8e-09,0.0,1.0,0.0,41.90875,5.1161580230351245,36.2222900390625,1.5232128858040768,14.625926544,0.0,0.014708952,0.0,28.0,0.0,2.092780749463748,1.3590340447035613e-05,0.00025250026110970386,0.015090259490596366,4.269938045859164e-05,3.590421023507382e-05,0.0011978094484881372,0.0,2.7547987392639754e-07,0.003848339055470971
q17,paging,4,12348.815188503067,261.9859490417458,17102.046000000002,322.27659130732366,7547.1566162109375,266.27709818960443,239.0,0.0,16484.240250000003,377.76623702970716,7157.115783691406,344.3982746740311,0.0,0.0,24.376706952,0.0,48.0,0.0,0.14450000000000002,0.03328162656281491,0.14453125,0.03332318310374217,0.014555352,0.0,0.000433832,0.0,1.0,0.0,0.7144999999999999,0.531695088059563,0.71380615234375,0.5312475830845924,0.01495292,0.0,0.01012628,0.0,21.0,0.0,160.46025,2.446030576941613,158.8419189453125,0.894138844250658,9.80450588,0.0,0.067951152,0.0,22.0,0.0,0.32275000000000015,0.0529551697193013,0.16754150390625,0.019471522240506224,9.793888756,0.0,9.793888756,0.0,71.0,0.0,0.26675000000000004,0.006701989754294394,0.26007080078125,0.012194614453145632,9.785352952,0.0,9.785123896,0.0,24.0,0.0,416.397,123.46703727176204,304.9271240234375,64.67140048902792,0.018774852,0.0,0.008856908,0.0,23.0,0.0,0.0,0.0,0.0,0.0,0.0,0.0,0.0,0.0,0.0,0.0,0.002,0.0008164965809277261,0.001953125,0.0007973599423122325,8e-09,0.0,8e-09,0.0,1.0,0.0,39.498,8.625855358552373,39.49810791015625,8.626177984628585,14.625926544,0.0,0.014708952,0.0,28.0,0.0,1.3348843592174802,1.170152745783512e-05,5.785980185898402e-05,0.012993979385924483,2.613611063679091e-05,2.1601262625449954e-05,0.03371959120318457,0.0,1.619588575478909e-07,0.0031985254777132975
q18,cold,1,8563.473683985649,,13658.810999999998,,4713.248291015625,,183.0,,12280.068999999998,,4412.207275390625,,0.0,,24.229985988,,48.0,,42.705000000000005,,7.925048828125,,3.6,,5.1184e-05,,6.0,,0.028,,0.028076171875,,0.002597592,,0.002597592,,1.0,,20.283,,12.970947265625,,0.453321032,,0.00309754,,4.0,,277.1429999999998,,46.9697265625,,4.074386584,,4.05376118,,58.0,,1.1760000000000002,,1.176025390625,,0.453338572,,0.453321032,,8.0,,972.511,,486.915283203125,,13.353637512,,7.219595344,,27.0,,0.0,,0.0,,0.0,,0.0,,0.0,,0.009,,0.009033203125,,6.604e-06,,6.604e-06,,1.0,,64.88700000000001,,63.880615234375,,14.026047532,,0.000925568,,30.0,,1.4340055745094034,0.004986878173031771,3.2697011788991823e-06,0.0023685481789861474,0.032363385493701984,0.00013732744951376567,0.11356501297115795,0.0,1.05097537893188e-06,0.007577182156972546
q18,hot,4,7996.108869992895,216.82785522191742,13418.771750000002,85.77011579944418,4552.1820068359375,111.00831726929171,183.0,0.0,12114.737250000002,80.36013376617008,4336.480407714844,122.6388390819453,0.0,0.0,24.229985988,0.0,48.0,0.0,15.652000000000001,0.7184042501730247,3.29473876953125,0.3173787043378954,3.6,0.0,5.1184e-05,0.0,6.0,0.0,0.02,0.014674240468703425,0.02001953125,0.014668768443163869,0.002597592,0.0,0.002597592,0.0,1.0,0.0,6.0915,0.5580827298289506,3.85125732421875,0.30067431212658674,0.453321032,0.0,0.00309754,0.0,4.0,0.0,168.47450000000003,21.063664915362377,32.03497314453125,2.6574673303487226,4.074386584,0.0,4.05376118,0.0,58.0,0.0,0.62225,0.1558982039665628,0.61773681640625,0.15193086083491125,0.453338572,0.0,0.453321032,0.0,8.0,0.0,1076.71875,27.377749072011028,421.466796875,8.102954530326537,13.353637512,0.0,7.219595344,0.0,27.0,0.0,0.0,0.0,0.0,0.0,0.0,0.0,0.0,0.0,0.0,0.0,0.00375,0.00206155281280883,0.00372314453125,0.0021037216723161726,6.604e-06,0.0,6.604e-06,0.0,1.0,0.0,36.451750000000004,1.962496093414371,33.714111328125,1.9975419337136526,14.026047532,0.0,0.000925568,0.0,30.0,0.0,1.5150790774576792,0.0019574520875694267,2.5012165698561544e-06,0.0007618080367639382,0.021069560549911538,7.78191005296496e-05,0.13465533892874032,0.0,4.689781068480289e-07,0.004558686055012705
q19,cold,1,10423.782186000608,,16066.646999999999,,4244.49072265625,,143.0,,15673.231,,4129.666015625,,0.0,,6.85815243,,43.0,,55.85400000000001,,45.903076171875,,7.247373105,,0.696729632,,44.0,,5.859,,3.862060546875,,0.00018096,,9.048e-05,,2.0,,71.507,,35.800048828125,,1.402320073,,1.110713796,,2.0,,239.81600000000003,,55.52587890625,,1.418041793,,1.402320073,,43.0,,3.868,,1.968994140625,,1.402320073,,1.402320073,,4.0,,16.509,,8.680908203125,,9.0512e-05,,4.8e-08,,3.0,,0.0,,0.0,,0.0,,0.0,,0.0,,0.001,,0.0009765625,,1.6e-08,,1.6e-08,,1.0,,0.002,,0.001953125,,0.721493121,,0.721493121,,1.0,,1.5036030799885216,0.005358323783378099,0.000562080048820358,0.006859986013141721,0.023006620410975082,0.0003710745227576625,0.0015837821344897236,0.0,9.59344681379686e-08,1.918689362759372e-07
q19,hot,4,10459.105989997624,107.9700195649848,16545.7895,803.7100344064795,4304.835021972656,126.22231806702669,143.0,0.0,16256.19325,770.2802031717074,4223.587341308594,129.78953870848105,0.0,0.0,6.85815243,0.0,43.0,0.0,81.13,46.59307128032377,64.7271728515625,37.664803281181555,7.247373105,0.0,0.696729632,0.0,44.0,0.0,0.15375,0.008693867570496637,0.135009765625,0.04029281963814508,0.00018096,0.0,9.048e-05,0.0,2.0,0.0,61.89,0.10712298228360514,31.012451171875,0.09668235903558471,1.402320073,0.0,1.110713796,0.0,2.0,0.0,143.2315,99.84458087948492,36.5780029296875,16.22692447834699,1.418041793,0.0,1.402320073,0.0,43.0,0.0,2.41175,0.013913422775627016,2.262451171875,0.08807737501979036,1.402320073,0.0,1.402320073,0.0,4.0,0.0,0.76825,0.023171462333367476,0.737060546875,0.08442630856107687,9.0512e-05,0.0,4.8e-08,0.0,3.0,0.0,0.0,0.0,0.0,0.0,0.0,0.0,0.0,0.0,0.0,0.0,0.00825,0.0035,0.00823974609375,0.0035400390625,1.6e-08,0.0,1.6e-08,0.0,1.0,0.0,0.00275,0.0028722813232690144,0.00274658203125,0.002925445876956167,0.721493121,0.0,0.721493121,0.0,1.0,0.0,1.5542622156756338,0.007756877124831433,1.4700109182088412e-05,0.005917331754663102,0.013694430493101116,0.00023058854191806004,7.345274067732958e-05,0.0,7.887863463559637e-07,2.629287821186545e-07
q19,paging,4,10263.72815099603,226.7607044151699,16575.954250000003,322.33618282095756,4439.5404052734375,151.58582989566762,143.0,0.0,16327.926500000001,326.85107807328524,4362.693420410156,157.465960022158,0.0,0.0,6.85815243,0.0,43.0,0.0,73.08924999999999,17.670521599073787,59.15606689453125,20.418640777011444,7.247373105,0.0,0.696729632,0.0,44.0,0.0,0.241,0.12803384969087928,0.177734375,0.07584748928983379,0.00018096,0.0,9.048e-05,0.0,2.0,0.0,62.19475,0.09119347564381897,31.2122802734375,0.07956949609691277,1.402320073,0.0,1.110713796,0.0,2.0,0.0,108.93325000000002,31.542283613957522,32.259521484375,5.799374068263853,1.418041793,0.0,1.402320073,0.0,43.0,0.0,2.7635,0.5419904673208439,2.3404541015625,0.9508161773995013,1.402320073,0.0,1.402320073,0.0,4.0,0.0,0.79625,0.2607609058122018,0.6640625,0.24388813441089127,9.0512e-05,0.0,4.8e-08,0.0,3.0,0.0,0.0,0.0,0.0,0.0,0.0,0.0,0.0,0.0,0.0,0.0,0.008749999999999999,0.004031128874149275,0.00872802734375,0.0040529059561444794,1.6e-08,0.0,1.6e-08,0.0,1.0,0.0,0.001,0.0,0.0009765625,0.0,0.721493121,0.0,0.721493121,0.0,1.0,0.0,1.590837779390667,0.00712112099275614,2.348074661122162e-05,0.0060596645862999,0.010613419256377004,0.0002692491421581367,7.757902277670214e-05,0.0,8.525167338099135e-07,9.743048386399013e-08
q20,cold,1,7350.800192012684,,17105.074000000004,,4352.980224609375,,137.0,,16997.084000000003,,4266.397705078125,,0.0,,4.233933196,,35.0,,2.7,,2.699951171875,,0.027977152,,0.004746304,,1.0,,5.988,,5.988037109375,,0.05872528,,0.04284464,,2.0,,23.323,,23.322021484375,,0.131048738,,0.112912926,,6.0,,0.18800000000000003,,0.16259765625,,0.143807106,,0.143807106,,42.0,,15.224000000000002,,15.22412109375,,0.110849282,,0.110147522,,10.0,,15.72,,15.72021484375,,0.056778784,,0.051981504,,3.0,,23.35,,23.26416015625,,0.003630004,,0.003625524,,4.0,,0.001,,0.0009765625,,0.000902771,,0.000902771,,1.0,,21.496000000000006,,20.899658203125,,4.232164096,,0.047950347,,33.0,,2.3122766985924725,0.00036730695019214325,0.0008146051917594644,0.0031728518516042064,2.5575446902267754e-05,0.002071067040638959,0.0021385426877853675,0.0031765249211061276,1.3603961118227528e-07,0.00292430748197419
q20,hot,4,7106.624394247774,236.08616163932066,16718.181,496.98612314496825,4106.6131591796875,55.417610735906585,137.0,0.0,16671.94525,500.9566562484043,4075.9835815429688,51.445713300357795,0.0,0.0,4.233933196,0.0,35.0,0.0,0.28425,0.03594787893603738,0.28424072265625,0.0358836198568237,0.027977152,0.0,0.004746304,0.0,1.0,0.0,0.266,0.07777746031681244,0.2659912109375,0.0776956842131343,0.05872528,0.0,0.04284464,0.0,2.0,0.0,4.780749999999999,0.5189196308999434,4.7769775390625,0.5187992876836199,0.13104869,3.919183588656433e-08,0.112912926,0.0,6.0,0.0,0.22100000000000009,0.04676893555912233,0.176025390625,0.019210211451708918,0.143807058,3.9191835875233164e-08,0.143807058,3.9191835875233164e-08,42.0,0.0,11.002999999999998,8.802730144676705,11.00115966796875,8.802402206246658,0.110849234,3.919183588089875e-08,0.110147474,3.919183588089875e-08,10.0,0.0,1.36475,0.14728062782774015,1.3609619140625,0.14885352210867883,0.056778784,0.0,0.051981504,0.0,3.0,0.0,10.77075,1.1448870031579537,10.6461181640625,1.1670789018705965,0.003630004,0.0,0.003625524,0.0,4.0,0.0,0.00375,0.002217355782608345,0.00372314453125,0.002249761710087742,0.000902771,0.0,0.000902771,0.0,1.0,0.0,17.5415,1.9611296914448741,16.7457275390625,1.8134709366516157,4.232164096,0.0,0.047950299,3.919183588373154e-08,33.0,0.0,2.3459724793524424,3.999789270276855e-05,3.742986617040082e-05,0.0006727174161433974,3.10977459536037e-05,0.0015482737498981962,0.00019203913479719743,0.0015155929738903935,5.276766847330943e-07,0.0024683308173988196
q20,paging,4,8972.16650275368,210.64357165799737,10969.184000000001,65.52615023535708,5760.8914794921875,31.87545156377184,137.0,0.0,10929.72325,65.7282333165635,5731.3419189453125,33.197234317101724,0.0,0.0,4.233933196,0.0,35.0,0.0,0.296,0.025729360660537215,0.2960205078125,0.0257685003640642,0.027977152,0.0,0.004746304,0.0,1.0,0.0,0.372,0.05073460357586329,0.37200927734375,0.05076300464433456,0.05872528,0.0,0.04284464,0.0,2.0,0.0,5.22125,0.18861314022799863,5.2181396484375,0.1898617352625235,0.131048714,2.7712812922539924e-08,0.112912926,0.0,6.0,0.0,0.4567500000000001,0.12721733372461475,0.272216796875,0.059222430246515426,0.14380708199999997,2.7712812922539924e-08,0.14380708199999997,2.7712812922539924e-08,42.0,0.0,0.9195,0.10586311916810295,0.91583251953125,0.10395104821670371,0.110849258,2.771281291452758e-08,0.110147498,2.7712812922539924e-08,10.0,0.0,1.4665,0.19478107368701578,1.4656982421875,0.1934609194677251,0.056778784,0.0,0.051981504,0.0,3.0,0.0,20.1075,1.1997251074030808,19.8555908203125,1.1688805957663373,0.003629378,6.799999999998647e-08,0.003624898,6.799999999998647e-08,4.0,0.0,0.009,0.0033665016461206926,0.00897216796875,0.0034085097443706815,0.000902771,0.0,0.000902771,0.0,1.0,0.0,10.612250000000001,1.3739047456064766,10.6121826171875,1.3739742513355848,4.232164096,0.0,0.047950323,2.7712812918533752e-08,33.0,0.0,1.218181054335708,3.2990916955136035e-05,4.146155779496826e-05,0.0005819385984865002,5.090743688938645e-05,0.00010248360858191753,0.00016344993146860472,0.0022410975090385067,1.0031022047169741e-06,0.0011827968191119678
q21,cold,1,17759.05414801673,,37300.53700000001,,10245.809814453125,,602.0,,31742.218000000015,,9134.12890625,,0.0,,39.78057004,,80.0,,171.24299999999997,,133.48681640625,,29.401863328,,12.329088832,,56.0,,1.4269999999999998,,1.178466796875,,0.764587552,,0.764587552,,44.0,,3819.8679999999986,,728.76513671875,,36.99754362,,6.26997437,,95.0,,802.2499999999992,,429.33251953125,,28.30142229,,27.95167765,,166.0,,700.4819999999995,,550.730224609375,,28.26733368,,28.2664152,,94.0,,48.76100000000001,,32.44287109375,,0.241757888,,0.234227592,,7.0,,0.0,,0.0,,0.0,,0.0,,0.0,,0.008,,0.008056640625,,3.004e-06,,3.004e-06,,1.0,,14.279999999999994,,14.264892578125,,29.437443698,,29.40324716,,59.0,,1.7873822409367943,0.009642574349553621,8.035337851365031e-05,0.2150941130176456,0.045174140092905324,0.039443654721793106,0.0027456980306265616,0.0,4.5047444156216015e-07,0.0008040968781884555
q21,hot,4,16778.583708248334,246.0579499839478,36607.39675,442.2957516439065,10125.294921875,295.7595528874021,611.5,7.54983443527075,31090.802499999998,359.45388659882553,8969.402526855469,223.88897992005877,0.0,0.0,39.78057004,0.0,80.0,0.0,161.12475,26.14071412407603,126.8214111328125,21.583607378407976,29.401863328,0.0,12.329088832,0.0,56.0,0.0,1.7667499999999994,0.7096334147525278,1.274658203125,0.5295774647497342,0.764587552,0.0,0.764587552,0.0,44.75,0.9574271077563381,3796.593,59.43031853075174,692.0563354492188,18.77526219377395,36.898113048,0.3241684672837994,6.269974578,2.479569855440714e-07,99.25,2.6299556396765835,924.937,98.42052944042393,479.72259521484375,48.968514013776684,28.301422338000002,6.1275334709541e-08,27.95167765,0.0,168.25,2.0615528128088303,606.6935,67.18807996710919,476.6290283203125,33.10156272238145,28.267333728,1.396376258696294e-07,28.2664152,0.0,96.25,2.0615528128088303,21.724,0.4184853641407305,16.34814453125,0.5912939773882512,0.241757888,0.0,0.234227592,0.0,7.0,0.0,0.0,0.0,0.0,0.0,0.0,0.0,0.0,0.0,0.0,0.0,0.004,0.0016329931618554521,0.00396728515625,0.0016958549791808843,3.004e-06,0.0,3.004e-06,0.0,1.0,0.0,3.75125,0.2299874996603072,3.73651123046875,0.23000468931738977,29.437443698,0.0,29.40324716,0.0,59.0,0.0,1.853005178542918,0.009603000634719321,0.00010529792208453608,0.22627613069234198,0.055126047351976556,0.03615880282563719,0.001294745753142472,0.0,2.3839914438270522e-07,0.00022357369759140575
q22,pin_table,4,258.12484624475474,10.153437613957415,145.60925,5.257995903066741,106.54937744140625,4.004935246803144,57.0,0.0,21.22075,1.061566256371533,15.65020751953125,0.5432917368383875,0.0,0.0,1.398348354,0.0,7.0,0.0,0.0,0.0,0.0,0.0,0.0,0.0,0.0,0.0,0.0,0.0,1.07,0.8347794119805944,0.8046875,0.8312680082354345,0.325230576,0.0,0.164127176,0.0,6.0,0.0,73.85425000000001,0.2843288882028355,70.80023193359375,0.8279687596129315,1.69799128,0.0,0.489361654,0.0,7.0,0.0,36.9195,0.6519844067664992,36.91180419921875,0.65238895754536,1.553092078,0.0,1.55070379,0.0,13.0,0.0,6.88875,0.059309217945723906,6.8853759765625,0.0590492346666371,1.617500905,0.0,1.615925733,0.0,10.0,0.0,4.39675,2.6107805186699755,3.71710205078125,2.606778605306944,0.055188388,0.0,0.015268722,0.0,9.0,0.0,1.257,0.3608074278614563,1.05828857421875,0.3972024850547188,8.64e-07,0.0,8.64e-07,0.0,4.0,0.0,0.0022500000000000003,0.0018929694486000913,0.002197265625,0.0018486029771485266,2.14e-07,0.0,2.14e-07,0.0,1.0,0.0,0.0,0.0,0.0,0.0,0.0,0.0,0.0,0.0,0.0,0.0,0.0822111869846052,0.0,0.004145280919549383,0.28611833023610284,0.14302962514888173,0.026687667228547488,0.017033424189746495,0.004869736556891191,8.716712214005714e-06,0.0
