query,series,hot_total_ms,target_total_ms,total_speedup,hot_scan_work_ms,target_scan_work_ms,scan_work_reduction_ratio,target_fixed_page_extra_stage_ms,target_fixed_page_cached_gb
q1,paging,10172.818912251387,10370.206213490746,0.9809659232250777,0.0,0.0,,0.0,0.0
q2,pin_table,1155.949824489653,159.65468425565632,7.240312615185292,0.0,0.0,,0.0,0.0
q2,paging,1155.949824489653,1201.0491507535335,0.9624500577386153,0.0,0.0,,0.0,0.0
q3,paging,7936.2304149981355,9083.581596496515,0.873689560741007,0.0,0.0,,0.0,0.0
q4,paging,4518.521184996644,5524.724239257921,0.8178727098972038,0.0,0.0,,0.0,0.0
q5,paging,11834.779139746388,13657.734466505644,0.8665257893811094,0.0,0.0,,0.0,0.0
q6,paging,4714.888004753448,4949.74181924772,0.9525523101869652,0.0,0.0,,0.0,0.0
q7,paging,11392.742319236277,13545.384453500446,0.8410792885463007,0.0,0.0,,0.0,0.0
q8,paging,15457.618237502174,17886.50183199934,0.8642057783399636,0.0,0.0,,0.0,0.0
q11,paging,1140.0433712406084,1482.3934879968874,0.7690558414291969,0.0,0.0,,0.0,0.0
q12,paging,7050.868748003268,7188.583356495656,0.9808425941993218,0.0,0.0,,0.0,0.0
q13,paging,2485.7576055146637,2566.207410993229,0.9686503105189662,0.0,0.0,,0.0,0.0
q15,paging,7221.797209502256,7122.613027509942,1.0139252520962785,0.0,0.0,,0.0,0.0
q16,pin_table,830.881556510576,439.6768240039819,1.8897551818720635,0.0,0.0,,0.0,0.0
q16,paging,830.881556510576,884.8449472570792,0.939013732390309,0.0,0.0,,0.0,0.0
q17,paging,10890.087748484802,12348.815188503067,0.8818730851704412,0.0,0.0,,0.0,0.0
q19,paging,10459.105989997624,10263.72815099603,1.019035757390226,0.0,0.0,,0.0,0.0
q20,paging,7106.624394247774,8972.16650275368,0.7920745108850414,0.0,0.0,,0.0,0.0
