workload_id,edge_index,previous_query,second_query,overlap_uncompressed_gb,overlap_byte_ratio_of_second,shared_loaded_tables,second_loaded_tables
max_overlap_gb_10,1,q20,q9,31.376585423,0.9446770958109272,lineitem part partsupp supplier nation,lineitem orders part partsupp supplier nation
max_overlap_gb_10,2,q9,q21,40.409577432,1.0,lineitem orders supplier nation,lineitem orders supplier nation
max_overlap_gb_10,3,q21,q7,24.426128378,0.992533488075358,lineitem orders supplier nation,lineitem orders customer supplier nation
max_overlap_gb_10,4,q7,q18,24.28997661,1.0,lineitem orders customer,lineitem orders customer
max_overlap_gb_10,5,q18,q5,22.12247306,0.9994465426732071,lineitem orders customer,lineitem orders customer supplier nation region
max_overlap_gb_10,6,q5,q8,27.628779477,0.9941528427918755,lineitem orders customer supplier nation region,lineitem orders customer part supplier nation region
max_overlap_gb_10,7,q8,q17,24.53902931,1.0,lineitem part,lineitem part
max_overlap_gb_10,8,q17,q19,22.642262976,1.0,lineitem part,lineitem part
max_overlap_gb_10,9,q19,q1,24.754772085,1.0,lineitem,lineitem
max_overlap_gb_8,1,q20,q9,31.376585423,0.9446770958109272,lineitem part partsupp supplier nation,lineitem orders part partsupp supplier nation
max_overlap_gb_8,2,q9,q21,40.409577432,1.0,lineitem orders supplier nation,lineitem orders supplier nation
max_overlap_gb_8,3,q21,q7,24.426128378,0.992533488075358,lineitem orders supplier nation,lineitem orders customer supplier nation
max_overlap_gb_8,4,q7,q18,24.28997661,1.0,lineitem orders customer,lineitem orders customer
max_overlap_gb_8,5,q18,q8,27.616528749,0.9937120308451296,lineitem orders customer,lineitem orders customer part supplier nation region
max_overlap_gb_8,6,q8,q17,24.53902931,1.0,lineitem part,lineitem part
max_overlap_gb_8,7,q17,q1,24.754772085,1.0,lineitem,lineitem
clean_high_ratio_10,1,q8,q5,22.134723685,1.0,lineitem orders customer supplier nation region,lineitem orders customer supplier nation region
clean_high_ratio_10,2,q5,q7,24.609878328,1.0,lineitem orders customer supplier nation,lineitem orders customer supplier nation
clean_high_ratio_10,3,q7,q21,40.409577432,1.0,lineitem orders supplier nation,lineitem orders supplier nation
clean_high_ratio_10,4,q21,q18,23.776222756,0.9788491416748218,lineitem orders,lineitem orders customer
clean_high_ratio_10,5,q18,q3,18.422791865,1.0,lineitem orders customer,lineitem orders customer
clean_high_ratio_10,6,q3,q12,16.898499478,1.0,lineitem orders,lineitem orders
clean_high_ratio_10,7,q12,q4,11.720109723,1.0,lineitem orders,lineitem orders
clean_high_ratio_10,8,q4,q1,24.754772085,1.0,lineitem,lineitem
clean_high_ratio_10,9,q1,q6,9.750611732,1.0,lineitem,lineitem
lineitem_filter_heavy_6,1,q8,q17,24.53902931,1.0,lineitem part,lineitem part
lineitem_filter_heavy_6,2,q17,q19,22.642262976,1.0,lineitem part,lineitem part
lineitem_filter_heavy_6,3,q19,q1,24.754772085,1.0,lineitem,lineitem
lineitem_filter_heavy_6,4,q1,q6,9.750611732,1.0,lineitem,lineitem
lineitem_filter_heavy_6,5,q6,q12,15.004004137,0.8878897298859922,lineitem,lineitem orders
all_valid_high_overlap_20,1,q6,q1,24.754772085,1.0,lineitem,lineitem
all_valid_high_overlap_20,2,q1,q17,24.37652933,0.9933778969841411,lineitem,lineitem part
all_valid_high_overlap_20,3,q17,q21,39.152452228,0.9688904145034565,lineitem,lineitem orders supplier nation
all_valid_high_overlap_20,4,q21,q9,31.101585344,0.9363974735233133,lineitem orders supplier nation,lineitem orders part partsupp supplier nation
all_valid_high_overlap_20,5,q9,q8,27.607529487,0.9933882148072993,lineitem orders part supplier nation,lineitem orders customer part supplier nation region
all_valid_high_overlap_20,6,q8,q7,24.609878328,1.0,lineitem orders customer supplier nation,lineitem orders customer supplier nation
all_valid_high_overlap_20,7,q7,q5,22.134723665,0.9999999990964423,lineitem orders customer supplier nation,lineitem orders customer supplier nation region
all_valid_high_overlap_20,8,q5,q18,24.28997661,1.0,lineitem orders customer,lineitem orders customer
all_valid_high_overlap_20,9,q18,q3,18.422791865,1.0,lineitem orders customer,lineitem orders customer
all_valid_high_overlap_20,10,q3,q19,22.204458961,0.9806642995241219,lineitem,lineitem part
all_valid_high_overlap_20,11,q19,q15,14.625917598,0.9938505308235094,lineitem,lineitem supplier
all_valid_high_overlap_20,12,q15,q12,15.004004137,0.8878897298859922,lineitem,lineitem orders
all_valid_high_overlap_20,13,q12,q4,11.720109723,1.0,lineitem orders,lineitem orders
all_valid_high_overlap_20,14,q4,q20,14.625917598,0.8700768182265525,lineitem,lineitem part partsupp supplier nation
all_valid_high_overlap_20,15,q20,q2,4.338222914,0.9999999907796348,part partsupp supplier nation,part partsupp supplier nation region
all_valid_high_overlap_20,16,q2,q16,1.751456478,1.0,part partsupp supplier,part partsupp supplier
all_valid_high_overlap_20,17,q16,q11,4.562249399,0.999999977423418,partsupp supplier,partsupp supplier nation
all_valid_high_overlap_20,18,q11,q22,0.0,0.0,,orders customer
all_valid_high_overlap_20,19,q22,q13,2.559374621,1.0,orders customer,orders customer
