query,lineitem,orders,customer,part,partsupp,supplier,nation,region
q1,24.754772085,0.0,0.0,0.0,0.0,0.0,0.0,0.0
q2,0.0,0.0,0.0,0.252603558,3.89999949,0.185619049,8.17e-07,4e-08
q3,14.625917598,3.674999292,0.121874975,0.0,0.0,0.0,0.0,0.0
q4,9.825614382,1.894495341,0.0,0.0,0.0,0.0,0.0,0.0
q5,19.501223464,2.437499646,0.18374995,0.0,0.0,0.012249994,6.11e-07,2e-08
q6,9.750611732,0.0,0.0,0.0,0.0,0.0,0.0,0.0
q7,21.976377722,2.437499646,0.18374995,0.0,0.0,0.012249994,1.016e-06,0.0
q8,24.37652933,3.056249469,0.18374995,0.16249998,0.0,0.012249994,7.14e-07,2e-08
q9,29.251835196,1.837499646,0.0,0.16249998,1.949999745,0.012249994,5.08e-07,0.0
q11,0.0,0.0,0.0,0.0,4.549999405,0.012249994,1.03e-07,0.0
q12,15.004004137,1.894495341,0.0,0.0,0.0,0.0,0.0,0.0
q13,0.0,2.437499646,0.121874975,0.0,0.0,0.0,0.0,0.0
q15,14.625917598,0.0,0.0,0.0,0.0,0.090498145,0.0,0.0
q16,0.0,0.0,0.0,0.443331651,1.29999983,0.008124997,0.0,0.0
q17,24.37652933,0.0,0.0,0.16249998,0.0,0.0,0.0,0.0
q18,19.501223464,4.274999292,0.513753854,0.0,0.0,0.0,0.0,0.0
q19,22.204458961,0.0,0.0,0.437804015,0.0,0.0,0.0,0.0
q20,14.625917598,0.0,0.0,0.16249998,1.949999745,0.07149785,1.03e-07,0.0
q21,39.152452228,1.218749823,0.0,0.0,0.0,0.038375278,1.03e-07,0.0
q22,0.0,1.218749823,0.712503926,0.0,0.0,0.0,0.0,0.0
