workload,position,query,baseline_series,paging_series,reorder_policy,reorder_elapsed_ms,baseline_scan_materialize_work_ms,paging_scan_materialize_work_ms,scan_materialize_work_saved_ms,scan_materialize_work_reduction_ratio,cumulative_baseline_scan_materialize_work_ms,cumulative_paging_scan_materialize_work_ms,cumulative_saved_ms,cumulative_reduction_ratio
No reorder,1,q3,hot,paging,none,0.10677799582481384,3314.4919999999997,2481.8464999999997,832.6455000000001,0.2512136098080792,3314.4919999999997,2481.8464999999997,832.6455000000001,0.2512136098080792
No reorder,2,q10,hot,paging,none,0.10677799582481384,2922.1725,2380.8230000000003,541.3494999999998,0.18525583277510133,6236.6645,4862.6695,1373.995,0.22030926948210858
No reorder,3,q7,hot,paging,none,0.10677799582481384,7714.880000000001,6733.0275,981.8525000000009,0.12726737162470456,13951.5445,11595.697,2355.8475,0.1688592614244251
No reorder,4,q5,hot,paging,none,0.10677799582481384,7197.720499999999,6062.103,1135.6174999999994,0.15777460377907138,21149.265,17657.8,3491.465,0.16508682453030873
No reorder,5,q8,hot,paging,none,0.10677799582481384,8801.185500000001,7245.5735,1555.612000000001,0.176750279834461,29950.4505,24903.3735,5047.0769999999975,0.16851422652223538
No reorder,6,q9,hot,paging,none,0.10677799582481384,8665.333999999999,7185.305,1480.0289999999986,0.17079884052940128,38615.784499999994,32088.6785,6527.1059999999925,0.1690268910631608
No reorder,7,q20,hot,paging,none,0.10677799582481384,2994.3189999999995,2492.0855,502.23349999999937,0.16772878908359445,41610.1035,34580.764,7029.339499999995,0.16893347789918367
No reorder,8,q11,hot,paging,none,0.10677799582481384,365.889,6.391,359.498,0.9825329539833119,41975.9925,34587.155000000006,7388.837499999994,0.17602531971102278
No reorder,9,q2,hot,paging,none,0.10677799582481384,261.331,232.9365,28.394500000000022,0.10865339358897345,42237.3235,34820.09150000001,7417.231999999989,0.1756084757595966
No reorder,10,q16,hot,paging,none,0.10677799582481384,116.1225,64.6705,51.452,0.4430838123533337,42353.445999999996,34884.76200000001,7468.683999999987,0.17634182588118066
No reorder,11,q19,hot,paging,none,0.10677799582481384,6085.636,4820.9655,1264.6705000000002,0.20781237984000359,48439.081999999995,39705.72750000001,8733.354499999987,0.1802956236866749
No reorder,12,q17,hot,paging,none,0.10677799582481384,4963.0154999999995,4436.793,526.2224999999999,0.10602878431469737,53402.097499999996,44142.520500000006,9259.57699999999,0.17339350762392788
No reorder,13,q14,hot,paging,none,0.10677799582481384,4104.5105,3605.2315,499.27900000000045,0.12164154531947242,57506.60799999999,47747.75200000001,9758.855999999985,0.16969973259420876
No reorder,14,q1,hot,paging,none,0.10677799582481384,5296.2615000000005,3901.3535,1394.9080000000004,0.2633759681239305,62802.86949999999,51649.105500000005,11153.763999999988,0.17759959200590333
No reorder,15,q6,hot,paging,none,0.10677799582481384,2323.5275,1921.5745000000002,401.953,0.1729925727154079,65126.397,53570.68000000001,11555.71699999999,0.17743522645663923
No reorder,16,q15,hot,paging,none,0.10677799582481384,3931.2280000000005,3625.4689999999996,305.7590000000009,0.07777696943550486,69057.625,57196.149000000005,11861.475999999995,0.1717620031097217
No reorder,17,q21,hot,paging,none,0.10677799582481384,8183.200999999999,6565.533500000001,1617.6674999999977,0.19768150629564127,77240.826,63761.68250000001,13479.143499999991,0.1745080185962795
No reorder,18,q12,hot,paging,none,0.10677799582481384,4422.132,197.929,4224.2029999999995,0.9552412727616453,81662.958,63959.611500000006,17703.346499999992,0.21678551614552086
No reorder,19,q4,hot,paging,none,0.10677799582481384,1615.8070000000002,1157.0555,458.7515000000003,0.2839147868526379,83278.765,65116.66700000001,18162.09799999999,0.21808798437392762
No reorder,20,q18,hot,paging,none,0.10677799582481384,2197.948,1906.565,291.3829999999998,0.13257047027500188,85476.713,67023.232,18453.481,0.2158889872145645
No reorder,21,q13,hot,paging,none,0.10677799582481384,1070.2525,0.0,1070.2525,1.0,86546.9655,67023.232,19523.733500000002,0.225585419283129
No reorder,22,q22,hot,paging,none,0.10677799582481384,202.33299999999997,78.804,123.52899999999997,0.6105232463315425,86749.2985,67102.03600000001,19647.262499999997,0.22648324355037863
With reorder,1,q3,hot,paging,fixed-overlap,11.472051963210106,3379.83,2526.3995,853.4304999999999,0.2525069308219644,3379.83,2526.3995,853.4304999999999,0.2525069308219644
With reorder,2,q10,hot,paging,fixed-overlap,11.472051963210106,3150.6094999999996,2391.017,759.5924999999997,0.2410938264485014,6530.4394999999995,4917.416499999999,1613.0230000000001,0.24700068042893594
With reorder,3,q7,hot,paging,fixed-overlap,11.472051963210106,7624.719499999999,6919.304,705.4154999999992,0.09251691160573175,14155.159,11836.7205,2318.4385,0.163787527925331
With reorder,4,q5,hot,paging,fixed-overlap,11.472051963210106,7259.7029999999995,6108.313999999999,1151.3890000000001,0.15860001435320428,21414.862,17945.034499999998,3469.827500000003,0.16202894513165683
With reorder,5,q8,hot,paging,fixed-overlap,11.472051963210106,8904.367999999999,7569.279,1335.0889999999981,0.1499364132300011,30319.23,25514.313499999997,4804.916500000003,0.1584775240004447
With reorder,6,q9,hot,paging,fixed-overlap,11.472051963210106,8409.3555,6997.1605,1412.1949999999997,0.16793141876330472,38728.5855,32511.473999999995,6217.111500000006,0.16053030131968044
With reorder,7,q20,hot,paging,fixed-overlap,11.472051963210106,3027.2735,2488.638,538.6354999999999,0.17792759722568838,41755.859000000004,35000.111999999994,6755.74700000001,0.16179159432452364
With reorder,8,q11,hot,paging,fixed-overlap,11.472051963210106,373.47749999999996,6.044499999999999,367.433,0.9838156247698993,42129.336500000005,35006.1565,7123.180000000008,0.16907885553811194
With reorder,9,q2,hot,paging,fixed-overlap,11.472051963210106,264.05100000000004,234.63,29.42100000000005,0.11142165717986315,42393.387500000004,35240.786499999995,7152.60100000001,0.16871973252904143
With reorder,10,q16,hot,paging,fixed-overlap,11.472051963210106,118.56200000000001,65.2825,53.27950000000001,0.4493809146269463,42511.9495,35306.068999999996,7205.880500000007,0.16950247129927565
With reorder,11,q19,hot,paging,fixed-overlap,11.472051963210106,6224.8745,4519.3305,1705.5439999999999,0.27398849567167977,48736.824,39825.3995,8911.424500000001,0.18284787084197363
With reorder,12,q17,hot,paging,fixed-overlap,11.472051963210106,5127.584999999999,4284.7145,842.8704999999991,0.1643796251061658,53864.409,44110.114,9754.294999999998,0.18108979901738081
With reorder,13,q14,hot,paging,fixed-overlap,11.472051963210106,4096.443499999999,3661.772,434.67149999999947,0.10610948253039484,57960.8525,47771.886,10188.966500000002,0.1757904872085862
With reorder,14,q1,hot,paging,fixed-overlap,11.472051963210106,5667.682000000001,3666.6745000000005,2001.0075000000002,0.3530557113119614,63628.5345,51438.5605,12189.974000000002,0.19158030427370604
With reorder,15,q6,hot,paging,fixed-overlap,11.472051963210106,2445.7065,1909.1875,536.5189999999998,0.21937178479919803,66074.241,53347.748,12726.492999999995,0.19260899266326792
With reorder,16,q15,hot,paging,fixed-overlap,11.472051963210106,4140.206,3534.5334999999995,605.6725000000006,0.14629042612855508,70214.447,56882.2815,13332.165500000003,0.18987781104364465
With reorder,17,q21,hot,paging,fixed-overlap,11.472051963210106,8073.662499999999,6661.518500000002,1412.1439999999975,0.17490748467625414,78288.1095,63543.8,14744.309500000003,0.18833395766185926
With reorder,18,q12,hot,paging,fixed-overlap,11.472051963210106,4211.992,194.911,4017.081,0.9537247459159467,82500.1015,63738.711,18761.3905,0.22741051415554925
With reorder,19,q4,hot,paging,fixed-overlap,11.472051963210106,1582.8735000000001,1141.7350000000001,441.1385,0.27869472829003705,84082.975,64880.446,19202.529000000002,0.22837594649808718
With reorder,20,q18,hot,paging,fixed-overlap,11.472051963210106,2253.1865000000003,1865.9005000000002,387.28600000000006,0.17188368561590442,86336.1615,66746.3465,19589.815000000002,0.22690162105481146
With reorder,21,q13,hot,paging,fixed-overlap,11.472051963210106,1081.417,0.0,1081.417,1.0,87417.5785,66746.3465,20671.232000000004,0.2364653923695679
With reorder,22,q22,hot,paging,fixed-overlap,11.472051963210106,202.594,78.706,123.88799999999999,0.6115087317492127,87620.1725,66825.0525,20795.119999999995,0.2373325617454131
