label,position,query,hit_rate_pct,backed,denom
Baseline+paging,1,q8,0.0,0,4
Baseline+paging,2,q1,0.0,0,30
Baseline+paging,3,q16,0.0,0,2
Baseline+paging,4,q3,0.0,0,1
Baseline+paging,5,q14,0.0,0,16
Baseline+paging,6,q4,0.0,0,4
Baseline+paging,7,q12,0.0,0,30
Baseline+paging,8,q19,0.0,0,30
Baseline+paging,9,q20,50.0,1,2
Baseline+paging,10,q15,0.0,0,16
Baseline+paging,11,q9,28.57,2,7
Baseline+paging,12,q17,0.0,0,9
Baseline+paging,13,q6,0.0,0,10
Baseline+paging,14,q11,16.67,1,6
Baseline+paging,15,q2,0.0,0,4
Baseline+paging,16,q22,0.0,0,3
Baseline+paging,17,q7,100.0,2,2
Baseline+paging,18,q13,0.0,0,3
Baseline+paging,19,q10,33.33,1,3
Baseline+paging,20,q18,0.0,0,11
Baseline+paging,21,q5,33.33,1,3
Baseline+paging,22,q21,9.09,1,11
CELEBI,1,q21,0.0,0,11
CELEBI,2,q12,0.0,0,30
CELEBI,3,q4,0.0,0,4
CELEBI,4,q18,0.0,0,11
CELEBI,5,q13,33.33,1,3
CELEBI,6,q22,0.0,0,3
CELEBI,7,q10,0.0,0,3
CELEBI,8,q3,0.0,0,1
CELEBI,9,q6,0.0,0,10
CELEBI,10,q1,0.0,0,30
CELEBI,11,q15,0.0,0,16
CELEBI,12,q14,0.0,0,16
CELEBI,13,q17,0.0,0,9
CELEBI,14,q19,0.0,0,30
CELEBI,15,q16,0.0,0,2
CELEBI,16,q2,0.0,0,4
CELEBI,17,q11,16.67,1,6
CELEBI,18,q20,50.0,1,2
CELEBI,19,q9,33.33,2,6
CELEBI,20,q8,75.0,3,4
CELEBI,21,q5,100.0,2,2
CELEBI,22,q7,100.0,2,2
