condition,workload_id,repeat,query_count,query_sequence,total_ms,load_ms,scan_materialize_wall_ms,scan_materialize_work_ms,scan_uncompressed_gb,computation_ms,fixed_page_cached_gb,fixed_page_reuse_split_count,fixed_page_materialize_view_count,fixed_page_fallback_count,benchmark_dir
baseline,w001,0,8,"q5,q21,q18,q3,q21,q10,q10,q3",45815.274,34087.33056640625,34087.33056640625,163446.684,154.547654293,11727.94343359375,0.0,0,0,0,/home/dy1013/sirius_multi-gpu/experiment/fixed_page_random_workloads_orderkey_pilot_r1_2gpu_20260703/baseline/workloads/w001_iter0
baseline,w002,0,8,"q8,q8,q8,q8,q7,q8,q8,q10",55723.23,39032.84765625,39032.84765625,175964.445,167.590447629,16690.38234375,0.0,0,0,0,/home/dy1013/sirius_multi-gpu/experiment/fixed_page_random_workloads_orderkey_pilot_r1_2gpu_20260703/baseline/workloads/w002_iter0
baseline,w003,0,8,"q3,q5,q8,q3,q8,q10,q9,q18",49292.628,31640.584716796875,31640.584716796875,134766.432,140.483575014,17652.043283203126,0.0,0,0,0,/home/dy1013/sirius_multi-gpu/experiment/fixed_page_random_workloads_orderkey_pilot_r1_2gpu_20260703/baseline/workloads/w003_iter0
baseline,w004,0,8,"q21,q3,q10,q21,q9,q21,q18,q21",63770.667,43655.064697265625,43655.064697265625,221004.409,201.05904350499998,20115.602302734373,0.0,0,0,0,/home/dy1013/sirius_multi-gpu/experiment/fixed_page_random_workloads_orderkey_pilot_r1_2gpu_20260703/baseline/workloads/w004_iter0
baseline,w005,0,8,"q10,q18,q8,q18,q9,q9,q21,q21",62418.998,40281.59765625,40281.59765625,181038.163,181.44185514699998,22137.40034375,0.0,0,0,0,/home/dy1013/sirius_multi-gpu/experiment/fixed_page_random_workloads_orderkey_pilot_r1_2gpu_20260703/baseline/workloads/w005_iter0
baseline,w006,0,8,"q18,q5,q18,q21,q21,q18,q9,q9",60260.322,38447.392333984375,38447.392333984375,174864.515,176.291312207,21812.92966601563,0.0,0,0,0,/home/dy1013/sirius_multi-gpu/experiment/fixed_page_random_workloads_orderkey_pilot_r1_2gpu_20260703/baseline/workloads/w006_iter0
paging_key_only,w001,0,8,"q5,q21,q18,q3,q21,q10,q10,q3",43557.599,26535.406494140625,26535.406494140625,106683.83300000001,82.541465946,17022.192505859377,72.003941808,252,101,0,/home/dy1013/sirius_multi-gpu/experiment/fixed_page_random_workloads_orderkey_pilot_r1_2gpu_20260703/paging_key_only/workloads/w001_iter0
paging_key_only,w002,0,8,"q8,q8,q8,q8,q7,q8,q8,q10",56948.107,36084.013427734375,36084.013427734375,141327.805,119.586523237,20864.093572265625,48.002425728,305,80,0,/home/dy1013/sirius_multi-gpu/experiment/fixed_page_random_workloads_orderkey_pilot_r1_2gpu_20260703/paging_key_only/workloads/w002_iter0
paging_key_only,w003,0,8,"q3,q5,q8,q3,q8,q10,q9,q18",49969.363,28599.943115234375,28599.943115234375,107567.683,87.679197831,21369.419884765623,52.802728944,252,83,0,/home/dy1013/sirius_multi-gpu/experiment/fixed_page_random_workloads_orderkey_pilot_r1_2gpu_20260703/paging_key_only/workloads/w003_iter0
paging_key_only,w004,0,8,"q21,q3,q10,q21,q9,q21,q18,q21",60023.001000000004,36618.41357421875,36618.41357421875,146396.155,109.851043994,23404.58742578125,91.205154672,317,58,0,/home/dy1013/sirius_multi-gpu/experiment/fixed_page_random_workloads_orderkey_pilot_r1_2gpu_20260703/paging_key_only/workloads/w004_iter0
paging_key_only,w005,0,8,"q10,q18,q8,q18,q9,q9,q21,q21",60949.321,32899.202392578125,32899.202392578125,128975.09099999999,104.635214009,28050.11860742188,76.804245024,300,33,0,/home/dy1013/sirius_multi-gpu/experiment/fixed_page_random_workloads_orderkey_pilot_r1_2gpu_20260703/paging_key_only/workloads/w005_iter0
paging_key_only,w006,0,8,"q18,q5,q18,q21,q21,q18,q9,q9",59747.263,29847.42431640625,29847.42431640625,112229.363,94.684218278,29899.83868359375,81.60454824,294,9,0,/home/dy1013/sirius_multi-gpu/experiment/fixed_page_random_workloads_orderkey_pilot_r1_2gpu_20260703/paging_key_only/workloads/w006_iter0
