condition,workload_id,query_sequence,repeats_completed,total_ms_mean,total_ms_std,load_ms_mean,load_ms_std,scan_materialize_work_ms_mean,scan_uncompressed_gb_mean,computation_ms_mean,fixed_page_cached_gb_mean,fixed_page_reuse_split_count_mean,fixed_page_materialize_view_count_mean,fixed_page_fallback_count_mean
baseline,w001,"q5,q21,q18,q3,q21,q10,q10,q3",1,45815.274,,34087.33056640625,,163446.684,154.547654293,11727.94343359375,0.0,0.0,0.0,0.0
baseline,w002,"q8,q8,q8,q8,q7,q8,q8,q10",1,55723.23,,39032.84765625,,175964.445,167.590447629,16690.38234375,0.0,0.0,0.0,0.0
baseline,w003,"q3,q5,q8,q3,q8,q10,q9,q18",1,49292.628,,31640.584716796875,,134766.432,140.483575014,17652.043283203126,0.0,0.0,0.0,0.0
baseline,w004,"q21,q3,q10,q21,q9,q21,q18,q21",1,63770.667,,43655.064697265625,,221004.409,201.05904350499998,20115.602302734373,0.0,0.0,0.0,0.0
baseline,w005,"q10,q18,q8,q18,q9,q9,q21,q21",1,62418.998,,40281.59765625,,181038.163,181.44185514699998,22137.40034375,0.0,0.0,0.0,0.0
baseline,w006,"q18,q5,q18,q21,q21,q18,q9,q9",1,60260.322,,38447.392333984375,,174864.515,176.291312207,21812.92966601563,0.0,0.0,0.0,0.0
paging_key_only,w001,"q5,q21,q18,q3,q21,q10,q10,q3",1,43557.599,,26535.406494140625,,106683.83300000001,82.541465946,17022.192505859377,72.003941808,252.0,101.0,0.0
paging_key_only,w002,"q8,q8,q8,q8,q7,q8,q8,q10",1,56948.107,,36084.013427734375,,141327.805,119.586523237,20864.093572265625,48.002425728,305.0,80.0,0.0
paging_key_only,w003,"q3,q5,q8,q3,q8,q10,q9,q18",1,49969.363,,28599.943115234375,,107567.683,87.679197831,21369.419884765623,52.802728944,252.0,83.0,0.0
paging_key_only,w004,"q21,q3,q10,q21,q9,q21,q18,q21",1,60023.001000000004,,36618.41357421875,,146396.155,109.851043994,23404.58742578125,91.205154672,317.0,58.0,0.0
paging_key_only,w005,"q10,q18,q8,q18,q9,q9,q21,q21",1,60949.321,,32899.202392578125,,128975.09099999999,104.635214009,28050.11860742188,76.804245024,300.0,33.0,0.0
paging_key_only,w006,"q18,q5,q18,q21,q21,q18,q9,q9",1,59747.263,,29847.42431640625,,112229.363,94.684218278,29899.83868359375,81.60454824,294.0,9.0,0.0
