table,column,type,is_fixed_width,compressed_bytes,uncompressed_bytes,rows
customer,c_acctbal,"decimal128(15, 2)",True,74124984,120003782,15000000
customer,c_address,string,False,428747756,434974957,15000000
customer,c_comment,string,False,407300387,1147301002,15000000
customer,c_custkey,int64,True,60042225,120003782,15000000
customer,c_mktsegment,string,False,5701336,5700536,15000000
customer,c_name,string,False,74490102,330003904,15000000
customer,c_nationkey,int32,True,9457473,9456249,15000000
customer,c_phone,string,False,177846285,285004026,15000000
lineitem,l_comment,string,False,7702453586,18301203435,600037902
lineitem,l_commitdate,date32[day],True,951145016,951061058,600037902
lineitem,l_discount,"decimal128(15, 2)",True,303161425,303298602,600037902
lineitem,l_extendedprice,"decimal128(15, 2)",True,3101774864,4800452791,600037902
lineitem,l_linenumber,int64,True,147134549,228063848,600037902
lineitem,l_linestatus,string,False,94199067,150642988,600037902
lineitem,l_orderkey,int64,True,935359435,4800452791,600037902
lineitem,l_partkey,int64,True,3266709670,4800452791,600037902
lineitem,l_quantity,"decimal128(15, 2)",True,454213328,454958158,600037902
lineitem,l_receiptdate,date32[day],True,952525548,952441445,600037902
lineitem,l_returnflag,string,False,141018489,152597117,600037902
lineitem,l_shipdate,date32[day],True,952259868,952175861,600037902
lineitem,l_shipinstruct,string,False,228197735,228154280,600037902
lineitem,l_shipmode,string,False,228106432,228081239,600037902
lineitem,l_suppkey,int64,True,2960853091,4800452791,600037902
lineitem,l_tax,"decimal128(15, 2)",True,303124714,303223744,600037902
nation,n_comment,string,False,1141,1982,25
nation,n_name,string,False,273,302,25
nation,n_nationkey,int32,True,125,125,25
nation,n_regionkey,int32,True,80,155,25
orders,o_clerk,string,False,957165244,2850038975,150000000
orders,o_comment,string,False,2970972838,7875078903,150000000
orders,o_custkey,int64,True,801114297,1200037758,150000000
orders,o_orderdate,date32[day],True,237476104,237454535,150000000
orders,o_orderkey,int64,True,598152624,1200037758,150000000
orders,o_orderpriority,string,False,57005591,56995695,150000000
orders,o_orderstatus,string,False,38254349,38244154,150000000
orders,o_shippriority,int32,True,64554,59682,150000000
orders,o_totalprice,"decimal128(15, 2)",True,840090883,1200037758,150000000
part,p_brand,string,False,12610597,12638401,20000000
part,p_comment,string,False,169879161,349980697,20000000
part,p_container,string,False,15134562,15165694,20000000
part,p_mfgr,string,False,7596426,7603598,20000000
part,p_name,string,False,267172732,734989263,20000000
part,p_partkey,int64,True,80056131,160005053,20000000
part,p_retailprice,"decimal128(15, 2)",True,44606733,52970764,20000000
part,p_size,int32,True,15124943,15122827,20000000
part,p_type,string,False,20287451,20693330,20000000
partsupp,ps_availqty,int64,True,166435905,192357684,80000000
partsupp,ps_comment,string,False,3402646734,10200069049,80000000
partsupp,ps_partkey,int64,True,140305067,640020148,80000000
partsupp,ps_suppkey,int64,True,320492377,640020148,80000000
partsupp,ps_supplycost,"decimal128(15, 2)",True,359011333,640020148,80000000
region,r_comment,string,False,311,375,5
region,r_name,string,False,75,77,5
region,r_regionkey,int32,True,44,43,5
supplier,s_acctbal,"decimal128(15, 2)",True,4942014,8000279,1000000
supplier,s_address,string,False,28569005,28997575,1000000
supplier,s_comment,string,False,24122848,66495919,1000000
supplier,s_name,string,False,4966554,22000287,1000000
supplier,s_nationkey,int32,True,630757,630672,1000000
supplier,s_phone,string,False,11854511,19000295,1000000
supplier,s_suppkey,int64,True,4003346,8000279,1000000
