condition,query,execution,scan,join,aggregate,filter,sort,other,total_ms
paging,q1,1,5014.311588999999,0.0,1460.6148689999998,0.0,21.44336,203.129023,6699.498840999999
paging,q1,2,4711.671754,0.0,1369.743144,0.0,4.00796,182.354241,6267.777099
paging,q1,3,4501.645559,0.0,1281.8784560000001,0.0,4.543348,203.23313499999995,5991.300498
paging,q1,4,4661.463572,0.0,1310.191977,0.0,3.0713860000000004,183.19877799999995,6157.925713
paging,q1,5,4680.033006999999,0.0,1228.907503,0.0,5.042396,219.48570199999997,6133.468607999999
paging,q1,6,4754.330377,0.0,1357.330475,0.0,4.6185469999999995,222.09937100000005,6338.37877
paging,q1,7,4400.612743000001,0.0,1233.9517990000002,0.0,4.589659,168.53469,5807.688891000001
paging,q1,8,4600.652298999999,0.0,1351.2737319999999,0.0,3.474332,206.64171899999997,6162.042081999999
paging,q1,9,4641.612515,0.0,1284.201306,0.0,2.866397,232.404946,6161.085164
paging,q1,10,4750.325193,0.0,1350.409783,0.0,3.679703,190.574322,6294.989001
paging,q2,1,678.3932319999999,17.005637999999998,9.514069000000001,12.336027999999999,6.713448,13.098365,737.0607799999999
paging,q2,2,684.537484,8.397583,0.336968,10.169072999999997,4.190962,7.826530000000002,715.4585999999999
paging,q2,3,678.864809,10.361316,0.702372,9.166077,4.032287,7.313729,710.44059
paging,q2,4,687.440142,11.963856,0.590152,13.996649,4.502936,7.310598000000001,725.804333
paging,q2,5,691.903796,7.441013999999999,0.34679099999999996,10.569517,3.7991330000000003,6.918361,720.9786120000001
paging,q2,6,702.2907950000001,6.808221,0.33986799999999995,11.764281,3.5906989999999994,6.851374,731.6452380000001
paging,q2,7,684.285485,11.909141,0.38094700000000004,9.305531,3.761342,8.642013,718.284459
paging,q2,8,692.9036890000001,10.053087,0.38666100000000003,6.646376,3.3965959999999997,7.391148,720.7775570000001
paging,q2,9,690.26959,10.470176,0.300209,9.332968000000001,3.432511,15.18602,728.991474
paging,q2,10,688.6439330000001,10.575692000000002,0.42959800000000004,9.346766,5.675018,6.927714999999999,721.5987220000001
paging,q3,1,5577.080177000001,10.522948,1.342822,52.02485200000001,2.922425,17.866084,5661.759308000001
paging,q3,2,4746.355302999999,10.365704999999998,1.7312130000000001,25.900871999999996,3.734347,12.789408000000002,4800.876847999999
paging,q3,3,4677.02336,10.249074,1.3183289999999999,45.360377,3.1907010000000002,17.944267,4755.086108
paging,q3,4,4743.89575,10.305986,1.3178310000000002,30.876744000000002,3.0934099999999995,11.928598999999998,4801.41832
paging,q3,5,4784.386635000001,10.321109,1.472793,32.882819999999995,3.190927,11.537012999999998,4843.791297000001
paging,q3,6,4746.530446000001,10.525514,1.335667,34.48305199999999,3.130703,11.678271,4807.683653000001
paging,q3,7,4657.453734,10.613633,1.301784,29.173219,3.5750859999999998,11.466126,4713.583581999999
paging,q3,8,4775.385456,10.151862999999999,1.234416,31.405157000000003,3.652486,25.831747,4847.661125
paging,q3,9,4650.082649,10.506103,1.3728410000000002,29.908981999999995,3.275357,16.048789999999997,4711.194722
paging,q3,10,4700.924854,10.210715,1.2964559999999998,25.564977999999996,3.099518,14.071957,4755.168478
paging,q4,1,2782.278894,21.452457000000003,13.042389,42.163826,5.928533,2.6483069999999995,2867.5144060000002
paging,q4,2,2092.373526,36.030896,5.044914,33.954001000000005,0.980289,4.7181429999999995,2173.101769
paging,q4,3,2090.949141,25.371358999999998,4.843261,37.696068000000004,0.839793,3.5368840000000006,2163.236506
paging,q4,4,1884.817462,24.334591999999994,4.8480430000000005,30.92627,1.171098,3.1524210000000004,1949.249886
paging,q4,5,2102.299184,26.164175999999998,5.072089999999999,40.757512000000006,1.543666,4.267085,2180.103713
paging,q4,6,2052.81318,25.10512,4.655844,32.762201,1.2795839999999998,3.6197,2120.2356290000002
paging,q4,7,1983.5425,25.744495000000004,5.095976,33.564159000000004,0.8368599999999999,3.833929,2052.617919
paging,q4,8,2097.134151,27.096153,5.01056,32.618252,0.794755,3.802012,2166.455883
paging,q4,9,2085.7354649999997,22.079273999999998,4.743136,31.464793000000004,1.1485889999999999,3.39805,2148.5693069999998
paging,q4,10,2086.9204480000003,24.934555999999997,4.8926549999999995,42.094905000000004,0.776165,4.048883,2163.667612
paging,q5,1,5611.104751,17.438253,0.574816,26.847990999999997,0.972397,3.829804,5660.7680119999995
paging,q5,2,5646.510802000002,17.370074,0.9835769999999999,29.787419999999994,2.254246,3.948988,5700.855107000001
paging,q5,3,5614.243137,17.812904,0.573148,25.219514000000004,2.270165,4.210487,5664.329355000001
paging,q5,4,5636.559587999999,17.729044000000002,0.560475,25.659434999999995,2.3105539999999998,4.210676,5687.029771999999
paging,q5,5,5690.831631,16.786707999999997,0.5549999999999999,24.714016000000008,0.846546,3.2669120000000005,5737.000813
paging,q5,6,5673.935817000002,16.834879,0.6017859999999999,28.244934,2.240811,3.5877180000000006,5725.445945000002
paging,q5,7,5780.479725,19.244474,0.7252529999999999,34.923416,1.946265,4.30795,5841.627083
paging,q5,8,5777.8435119999995,17.439219,0.799017,26.70137200000001,1.702585,3.9550749999999995,5828.44078
paging,q5,9,5730.861398,17.668141,0.694063,29.772036,1.597551,4.210156,5784.803345
paging,q5,10,5758.511654999999,17.68249,0.537719,30.602371000000005,1.292887,3.707683,5812.3348049999995
paging,q6,1,3498.707433,0.0,4.778858999999999,0.0,0.0,7.5009440000000005,3510.987236
paging,q6,2,3274.743374,0.0,4.3905460000000005,0.0,0.0,3.622339,3282.7562590000002
paging,q6,3,3286.774451,0.0,6.643750000000001,0.0,0.0,12.109145,3305.5273460000003
paging,q6,4,3415.028615,0.0,5.08507,0.0,0.0,8.266447999999999,3428.380133
paging,q6,5,3532.79833,0.0,12.703965,0.0,0.0,5.564167,3551.0664620000002
paging,q6,6,3309.5727819999997,0.0,4.294308,0.0,0.0,3.6508190000000007,3317.5179089999997
paging,q6,7,3293.5011700000005,0.0,4.702681,0.0,0.0,6.805704,3305.0095550000005
paging,q6,8,3310.208793,0.0,4.806058999999999,0.0,0.0,3.23314,3318.2479919999996
paging,q6,9,3311.3526759999995,0.0,3.962283,0.0,0.0,7.2038,3322.5187589999996
paging,q6,10,3344.898015,0.0,6.289293,0.0,0.0,4.708306,3355.895614
paging,q7,1,6211.2717840000005,21.740856000000004,2.054996,32.927507,3.580833,11.71538,6283.291356000001
paging,q7,2,6234.657516000001,20.460409,1.587158,35.197515,2.104822,5.3091750000000015,6299.316595000001
paging,q7,3,6109.144534000003,20.808636,1.807544,35.310522,2.771236,6.011478,6175.853950000002
paging,q7,4,6031.176206,21.117676999999997,1.828798,33.356518,2.682461,5.933441999999999,6096.095102
paging,q7,5,6852.6908189999995,20.387097,1.658055,39.680557,3.977714,5.919953,6924.314194999999
paging,q7,6,6778.44105,21.090432000000003,2.013401,36.513235,2.611984,6.397460000000001,6847.067562
paging,q7,7,6122.758838000002,20.149015999999996,1.5793899999999998,36.809993000000006,1.9425489999999996,5.804662000000001,6189.0444480000015
paging,q7,8,6122.616544,19.763648,1.709255,33.02430100000001,1.9854230000000002,5.25574,6184.354911
paging,q7,9,6297.944815999999,21.885592,2.1512070000000003,35.083454999999994,2.643553,5.929791999999999,6365.638414999999
paging,q7,10,6534.305587,20.685744,1.744038,41.72754700000001,2.6184469999999997,5.9681880000000005,6607.049551
paging,q8,1,8281.498080000001,35.900411,0.470218,44.00381400000001,0.670798,20.504005999999997,8383.047327000002
paging,q8,2,7658.846451000001,23.817373999999997,0.447834,49.844398999999996,0.394988,18.668749999999996,7752.019796000001
paging,q8,3,7563.822664,23.664360000000006,0.379988,46.44872800000001,0.427103,17.323251,7652.066094000001
paging,q8,4,7738.2419949999985,25.503744999999995,0.441628,45.770473,0.39601200000000003,21.005466,7831.359318999998
paging,q8,5,7934.067855999999,25.079036,0.414693,48.968773,0.353813,21.284615000000002,8030.168785999998
paging,q8,6,7876.081715999998,23.348544,0.506643,46.60922000000001,0.329216,17.435398,7964.310736999998
paging,q8,7,7954.091230000002,24.407505000000004,0.498547,47.265792999999995,0.5384579999999999,21.354638,8048.156171000001
paging,q8,8,7871.785449000003,25.222633,0.36274900000000004,45.59401899999999,0.34608,20.574360000000006,7963.885290000003
paging,q8,9,7807.926415,25.627551,0.30405699999999997,47.706061999999996,0.29273,20.778023,7902.634838
paging,q8,10,7840.335568999999,24.494495,0.487038,55.36714699999999,0.40106699999999995,17.959986,7939.045301999999
paging,q9,1,8766.010522000002,618.8237250000001,19.22176,65.81488200000001,1.70161,96.92302199999999,9568.495521000003
paging,q9,2,7439.292961000001,753.47094,19.426016,49.496777,2.2859949999999998,111.83884,8375.811529
paging,q9,3,7249.0601069999975,740.4943310000001,19.467843000000002,53.63363799999999,3.042164,112.471694,8178.169776999997
paging,q9,4,7270.926368999999,796.9710419999999,18.977633,55.832646,1.4566350000000001,145.51221399999997,8289.676538999998
paging,q9,5,7422.663522000003,742.6686629999999,19.21868,58.757068999999994,2.270474,110.38422899999998,8355.962637000002
paging,q9,6,7498.408001999997,757.2176640000001,20.041529999999998,56.40451400000002,2.6405469999999998,140.84669800000003,8475.558954999997
paging,q9,7,7578.053421999999,744.382103,19.726938999999998,59.10025000000002,1.387251,141.312685,8543.96265
paging,q9,8,7574.697534000001,701.948451,18.414409,53.349772,1.7135500000000001,90.20494199999999,8440.328658
paging,q9,9,7519.748297999999,759.578098,19.395321,46.71722600000001,1.46495,140.07959000000002,8486.983482999998
paging,q9,10,7510.673857999999,772.1478349999999,14.903858999999997,58.07407099999999,1.948741,89.83509700000002,8447.583460999998
paging,q10,1,4606.128728,43.61386,28.504441,15.630622999999998,36.966499,297.61550700000004,5028.459658
paging,q10,2,3731.4491529999996,43.181409,28.932062,9.676965999999998,38.702932000000004,272.318128,4124.260649999999
paging,q10,3,4204.074128,43.899170999999996,28.737928,13.082894999999999,43.735135,188.527719,4522.056976
paging,q10,4,3699.849428000001,43.044741,28.894384,9.122436,38.643955,259.168265,4078.723209000001
paging,q10,5,4235.372959,43.250996,28.579542,16.577618,39.939077,234.74677,4598.466962
paging,q10,6,3739.62005,43.379547,29.237678000000002,8.723124,36.641791,248.172979,4105.775169
paging,q10,7,3731.6634799999997,42.827780000000004,28.549429,9.066284,38.218242,258.97619299999997,4109.301407999999
paging,q10,8,4196.912273,43.195869,28.879206,11.782089999999998,36.39362800000001,180.559002,4497.722068
paging,q10,9,4236.501299,43.514852,28.623708,19.220718999999995,36.601723,271.499347,4635.9616479999995
paging,q10,10,4214.0806,43.450021,28.801001,12.391613000000001,37.170194,237.503336,4573.396765
paging,q11,1,1163.248933,59.459297,25.181120000000004,0.094835,0.0477,5.604725,1253.63661
paging,q11,2,372.288639,37.84621,6.723855,0.110019,0.144061,6.693636,423.80642
paging,q11,3,364.513277,33.572733,7.257009,0.123642,0.061883,7.357408,412.88595200000003
paging,q11,4,368.633411,37.244777,6.265392,0.118045,0.08699100000000001,7.415434,419.76405
paging,q11,5,379.647789,39.730767,5.915414,0.111655,0.08712099999999999,7.665863000000001,433.158609
paging,q11,6,368.54558299999997,36.800246,5.628693999999999,0.120993,0.10128999999999999,7.406667999999999,418.60347399999995
paging,q11,7,371.429045,39.247501,6.135543,0.113961,0.094208,7.876754,424.89701199999996
paging,q11,8,368.574509,34.711014000000006,5.912474,0.11565,0.11914000000000001,6.979657,416.412444
paging,q11,9,371.196902,29.569857,7.148047,0.115828,0.050910000000000004,9.910227,417.991771
paging,q11,10,370.161061,33.793515000000006,6.282138000000001,0.1072,0.08441799999999999,6.9214639999999985,417.349796
paging,q12,1,4102.764843,2.074902,1.260612,52.71006199999999,0.8375060000000001,3.306619,4162.954544
paging,q12,2,3876.8838770000007,1.996075,1.7128839999999999,60.68723399999999,1.780257,3.038434,3946.0987610000006
paging,q12,3,3530.3719010000004,2.00809,1.121166,45.587132,0.701609,3.025993,3582.8158910000006
paging,q12,4,3697.2551270000004,1.984067,1.098688,52.59523700000001,0.6491009999999999,2.8488539999999998,3756.4310740000005
paging,q12,5,3725.505607999999,1.992278,1.1163999999999998,63.41866199999999,1.083806,2.79114,3795.907893999999
paging,q12,6,3958.264125,2.001154,1.1172309999999999,71.99470400000001,0.7792000000000001,2.421709,4036.5781230000002
paging,q12,7,3805.542141,1.968363,1.200673,59.441255000000005,1.3917009999999999,2.826014,3872.370147
paging,q12,8,3672.599079,1.990022,1.04375,40.169852000000006,1.245326,2.333155,3719.3811840000003
paging,q12,9,3928.898100999999,2.619723,1.140752,63.49002299999999,0.69962,2.791275,3999.6394939999986
paging,q12,10,3869.932505,2.073526,1.394225,54.292614,2.020252,3.7206680000000003,3933.43379
paging,q13,1,2083.761473,120.673057,18.565818,0.0,0.392341,21.217735999999995,2244.610425
paging,q13,2,1977.627646,120.950962,19.417425,0.0,0.26062,22.192971,2140.449624
paging,q13,3,2037.611866,120.565999,18.432,0.0,0.20775,22.152674000000005,2198.970289
paging,q13,4,1988.284514,120.983473,18.728043,0.0,0.259728,22.416165,2150.671923
paging,q13,5,2000.220141,120.828886,19.037553000000003,0.0,0.456258,22.538946000000003,2163.081784
paging,q13,6,2010.2814130000002,121.013416,19.054719,0.0,0.5309290000000001,22.208972,2173.089449
paging,q13,7,2020.506442,120.767158,18.892926,0.0,0.26418299999999995,22.23233,2182.663039
paging,q13,8,2014.001041,120.970891,18.744479,0.0,0.251511,22.269767,2176.237689
paging,q13,9,2054.238375,120.685083,18.620827,0.0,0.21772699999999998,21.925575,2215.687587
paging,q13,10,2002.3299869999998,120.779931,18.788735999999997,0.0,0.453279,22.510026,2164.861959
paging,q14,1,4740.997109,11.129764,0.917142,0.0,0.0,11.284222,4764.328237
paging,q14,2,4651.738622999999,10.77826,0.85051,0.0,0.0,8.088208999999999,4671.455601999999
paging,q14,3,4813.442107999999,10.736601,0.7862720000000001,0.0,0.0,8.459756999999998,4833.424738
paging,q14,4,4647.022098,10.88703,0.802044,0.0,0.0,8.170674,4666.881846
paging,q14,5,4777.948342,10.827691,0.7714190000000001,0.0,0.0,8.438321,4797.985772999999
paging,q14,6,4699.121488,10.805057,0.8561780000000001,0.0,0.0,8.027216,4718.809939
paging,q14,7,4713.95402,11.139087,0.795154,0.0,0.0,8.277007000000001,4734.165268
paging,q14,8,4725.663038,10.813747,0.831739,0.0,0.0,8.647071,4745.955594999999
paging,q14,9,4687.310222,10.76651,0.767209,0.0,0.0,8.223718,4707.067659
paging,q14,10,4739.354061999999,10.774742,0.7909280000000001,0.0,0.0,8.790468,4759.7101999999995
paging,q15,1,5252.227548999999,2.270008,34.166656999999994,0.0,9.3947,12.389577,5310.448490999999
paging,q15,2,4635.155358999999,1.830977,26.534059000000003,0.0,1.1447800000000001,13.552412,4678.217586999999
paging,q15,3,4619.326731000001,2.056189,25.661005,0.0,1.442562,12.588317,4661.074804000001
paging,q15,4,4625.733372999999,2.731623,28.182144,0.0,1.422273,7.959757,4666.029169999999
paging,q15,5,4697.785167999999,2.54076,28.020908000000002,0.0,1.413481,14.226850999999998,4743.987168
paging,q15,6,4689.683222,1.237355,26.873390000000004,0.0,1.743627,13.302883999999999,4732.840478
paging,q15,7,4702.278636,2.185967,28.488623999999998,0.0,1.481449,10.753829000000003,4745.188505
paging,q15,8,4903.003758,2.078693,26.266983000000003,0.0,1.333536,11.965659999999998,4944.64863
paging,q15,9,4681.027077000001,2.354304,26.492155,0.0,1.0627469999999999,14.235244000000002,4725.171527
paging,q15,10,4686.209768,1.61349,30.536717999999997,0.0,1.048382,12.517433000000004,4731.925791
paging,q16,1,190.843456,9.655809,96.756214,8.836126,2.867848,1.598754,310.558207
paging,q16,2,127.249317,8.620871,82.627989,15.996115000000001,2.882899,3.870572,241.247763
paging,q16,3,123.965478,8.747739,82.354584,14.46283,2.934799,3.439116,235.904546
paging,q16,4,125.774021,9.253249,82.862145,15.693607,2.6831519999999998,2.978291,239.244465
paging,q16,5,127.677622,8.756794,82.77887600000001,14.891120000000003,2.604034,2.826209,239.53465500000001
paging,q16,6,127.72792100000001,9.230279,81.795105,15.901159999999999,3.065136,2.9857090000000004,240.70531000000003
paging,q16,7,129.138258,8.641911,82.727267,16.450224000000002,2.5140200000000004,3.353327,242.825007
paging,q16,8,127.741766,8.844393,82.878283,14.485568,2.669415,3.070434,239.68985899999998
paging,q16,9,127.278357,9.183378,82.592962,14.219315,2.657154,3.1253020000000005,239.056468
paging,q16,10,130.31862099999998,9.348220000000001,82.957553,15.757638,2.8427520000000004,3.489892,244.714676
paging,q17,1,6372.1301490000005,135.772791,13.4999,27.094791,0.0,2.499903,6550.997534000001
paging,q17,2,6095.182985,145.27065,76.867857,32.509327,0.0,12.414069,6362.244888
paging,q17,3,5994.334965000001,170.903881,53.443371,28.283966999999997,0.0,1.7976289999999997,6248.7638130000005
paging,q17,4,6089.8320570000005,164.224179,46.852270999999995,28.249695,0.0,1.392276,6330.550478
paging,q17,5,6090.335359999999,211.804561,33.420626,28.79281299999999,0.0,6.948417,6371.301776999999
paging,q17,6,6026.193086000002,171.94865800000002,42.315788,31.898435000000003,0.0,10.080392999999999,6282.436360000002
paging,q17,7,6117.212796,160.06268899999998,74.185643,30.739932999999997,0.0,2.575263,6384.7763239999995
paging,q17,8,6142.567724000001,198.89823700000002,28.122930999999998,30.194085,0.0,1.6839940000000002,6401.466971000002
paging,q17,9,6283.1464959999985,204.867892,37.557951,30.564328,0.0,1.986632,6558.123298999998
paging,q17,10,6152.451515999999,227.277335,12.91916,29.111395999999992,0.0,2.379476,6424.138882999999
paging,q18,1,3570.935263,4.381613,493.570741,39.24799,2.7893369999999997,93.890841,4204.815785
paging,q18,2,3370.32176,4.24556,577.9706689999999,42.081211999999994,2.00087,64.77002299999998,4061.390094
paging,q18,3,3104.360045,3.834327,576.79681,36.696794999999995,1.610423,64.42739799999998,3787.725798
paging,q18,4,3121.7357150000007,3.8649999999999998,577.321632,43.164602,1.56886,66.42734399999999,3814.083153000001
paging,q18,5,3190.2560430000003,4.787171,563.9208209999999,40.305666,2.0745709999999997,65.69388800000002,3867.03816
paging,q18,6,3277.717703,3.9015370000000003,641.540409,37.709036000000005,1.626229,65.05366499999998,4027.548579
paging,q18,7,3146.9709379999995,3.817266,570.766325,37.541576,1.65985,65.426565,3826.1825199999994
paging,q18,8,3297.497984000001,4.689495,573.023702,36.682618,1.898347,66.171691,3979.963837000001
paging,q18,9,3153.5092910000008,5.023401,578.274381,41.979519,1.825615,64.25589700000003,3844.8681040000006
paging,q18,10,3137.9459530000004,3.9106780000000003,579.137206,40.681251,1.632552,65.74090299999999,3829.0485430000003
paging,q19,1,4995.796863,21.522618,0.31222,38.462229,0.0,5.407160999999999,5061.501090999999
paging,q19,2,4854.964457,21.486004,0.22033,40.08337600000001,0.0,4.229018,4920.983185
paging,q19,3,4894.858227,21.591922,0.272677,38.366181999999995,0.0,4.651925,4959.740933
paging,q19,4,4876.141318999999,21.466641,0.223047,38.201181000000005,0.0,4.407368999999999,4940.439557
paging,q19,5,4898.489757000001,21.306339,0.179056,34.933509,0.0,4.396802,4959.3054630000015
paging,q19,6,4958.7359639999995,21.460217,0.546133,40.48537399999999,0.0,4.982851,5026.210539
paging,q19,7,4891.744146,21.452166,0.37304000000000004,38.430085000000005,0.0,4.937728000000001,4956.937165
paging,q19,8,4925.655789999999,21.42387,0.573244,37.317635,0.0,4.47959,4989.450128999999
paging,q19,9,4931.515080999999,21.564151,0.23081200000000002,47.63048599999999,0.0,4.631219,5005.571748999999
paging,q19,10,4915.674725,21.48867,0.270309,35.77655700000001,0.0,4.5957289999999995,4977.80599
paging,q20,1,4053.1939180000004,4.693245,0.865304,6.892448999999999,6.768229999999999,1.71781,4074.1309560000004
paging,q20,2,3985.577548,2.982096,0.841001,8.020913,7.599915,1.663508,4006.6849810000003
paging,q20,3,4120.588263999999,4.0655,0.712801,10.930314,7.361359,1.5661740000000002,4145.224411999999
paging,q20,4,4107.398667,4.0156849999999995,0.871629,8.800871999999998,7.110982,1.7979980000000002,4129.995833
paging,q20,5,4088.803278000001,4.49728,0.8732719999999999,13.612584000000002,7.066914000000001,2.125639,4116.978967000001
paging,q20,6,4032.8827200000005,3.826856,0.7535970000000001,7.4346369999999995,7.9672350000000005,1.3775779999999997,4054.2426230000005
paging,q20,7,4020.9025430000006,3.4393279999999997,1.003658,10.846744000000001,7.504913,2.2833040000000002,4045.980490000001
paging,q20,8,4042.9518150000004,4.759021,0.8456,10.370114,5.630161000000001,2.289653,4066.8463640000004
paging,q20,9,4028.7656660000007,4.5597319999999995,0.921744,10.870279999999998,7.343214,1.8813520000000001,4054.3419880000006
paging,q20,10,4012.5887810000004,4.273783000000001,0.916741,9.605764,8.790803,2.318336,4038.4942080000005
