experiment,query,stage_kind,events,input_bytes,output_bytes,input_gb,output_gb,input_rows,output_rows,input_batches,output_batches,byte_ratio,row_ratio,duration_us,duration_ms
q2_then_q16,q16,AGGREGATE,6,676092174,98848408,0.676092174,0.098848408,11932308,83520,10,6,0.14620552019583058,0.006999484089750281,1173545,1173.545
q2_then_q16,q16,CONCAT,11,2006379514,2004152426,2.006379514,2.004152426,94853329,94853329,21,11,0.9988899966409844,1.0,38430,38.43
q2_then_q16,q16,FILTER,3,1503115528,736492484,1.503115528,0.736492484,30443110,14847198,3,3,0.4899772973405142,0.4877030631890106,38643,38.643
q2_then_q16,q16,JOIN,6,2016043730,1171856040,2.01604373,1.17185604,94853329,23764560,11,6,0.5812651891236507,0.2505400732956879,73734,73.734
q2_then_q16,q16,PARTITION,11,2124616090,2103873530,2.12461609,2.10387353,94909009,94909009,11,29,0.9902370314817676,1.0,68175,68.175
q2_then_q16,q16,PROJECTION,2,590474786,578598158,0.590474786,0.578598158,11876628,11876628,2,2,0.9798863079650618,1.0,5805,5.805
q2_then_q16,q16,RESULT,1,1354568,1354568,0.001354568,0.001354568,27840,27840,1,1,1.0,1.0,1,0.001
q2_then_q16,q16,SCAN,5,0,2212364064,0.0,2.212364064,0,98561309,0,5,,,647454,647.454
q2_then_q16,q16,SORT,7,5418416,5418392,0.005418416,0.005418392,111360,111360,22,19,0.9999955706612412,1.0,64161,64.161
q2_then_q16,q2,AGGREGATE,3,2175656,1899240,0.002175656,0.00189924,159339,142443,6,3,0.8729505032045507,0.8939619302242389,19897,19.897
q2_then_q16,q2,CONCAT,27,7231159377,7231014153,7.231159377,7.231014153,178873352,178873352,33,27,0.9999799169133982,1.0,5214,5.214
q2_then_q16,q2,FILTER,1,12789087,9433856,0.012789087,0.009433856,64377,47481,1,1,0.7376489033189,0.7375460179877906,4235,4.235
q2_then_q16,q2,JOIN,22,7247685312,2864652392,7.247685312,2.864652392,178937729,16891312,31,22,0.39525065847671287,0.09439771083715945,317744,317.744
q2_then_q16,q2,LIMIT,2,8686006,35596,0.008686006,3.5596e-05,47581,200,2,2,0.004098086047833722,0.004203358483428259,9391,9.391
q2_then_q16,q2,PARTITION,38,7179949801,7179949801,7.179949801,7.179949801,178968314,178968314,38,38,1.0,1.0,100,0.1
q2_then_q16,q2,PROJECTION,3,12277808,10457936,0.012277808,0.010457936,159339,159339,3,3,0.8517754960820368,1.0,964,0.964
q2_then_q16,q2,RESULT,1,17798,17798,1.7798e-05,1.7798e-05,100,100,1,1,1.0,1.0,1,0.001
q2_then_q16,q2,SCAN,15,0,4071724511,0.0,4.071724511,0,162080209,0,15,,,2827707,2827.707
