paging_condition,workload_id,query_sequence,baseline_repeats,paging_repeats,baseline_total_ms,paging_total_ms,total_ms_delta,total_ms_speedup,baseline_load_ms,paging_load_ms,load_ms_delta,load_ms_reduction_ratio,baseline_scan_work_ms,paging_scan_work_ms,scan_work_reduction_ratio,baseline_computation_ms,paging_computation_ms,computation_ms_delta,baseline_fixed_page_extra_stage_ms,paging_fixed_page_extra_stage_ms,fixed_page_extra_stage_ms_delta,baseline_post_filter_select_ms,paging_post_filter_select_ms,post_filter_select_ms_delta,baseline_assembly_ms,paging_assembly_ms,assembly_ms_delta,paging_fixed_page_cached_gb,paging_fixed_page_reuse_split_count,paging_fixed_page_materialize_view_count,paging_fixed_page_fallback_count,paging_page_pruning_pages,paging_page_pruning_all_fail_pages,paging_page_pruning_partial_pages,paging_page_pruning_skip_reuse_count,paging_page_pruning_keep_reuse_count
paging_filter_aware,q10x5,"q10,q10,q10,q10,q10",1,1,21381.469,21498.357,116.88799999999901,0.9945629333441621,17125.60498046875,16854.070068359375,-271.534912109375,0.015855493129676445,66006.61499999999,67035.393,-0.015585983313945213,4255.86401953125,4644.286931640625,388.4229121093749,0.0,315.682,315.682,0.0,0.0,0.0,8.994999999999997,8.488999999999999,-0.5059999999999985,2.4,20.0,0.0,0.0,0.0,0.0,0.0,0.0,0.0
paging_filter_aware,q11x5,"q11,q11,q11,q11,q11",1,1,5226.138,5884.754,658.616,0.8880809631124768,4096.413818359375,4507.991943359375,411.578125,-0.1004727899206331,13537.532,14483.387999999999,-0.06986916078942601,1129.7241816406251,1376.7620566406247,247.03787499999953,0.0,0.0,0.0,0.0,0.0,0.0,0.017,0.016,-0.0010000000000000009,0.0,0.0,0.0,0.0,0.0,0.0,0.0,0.0,0.0
paging_filter_aware,q12x5,"q12,q12,q12,q12,q12",1,1,13826.053,12845.765,-980.2880000000005,1.0763121542391598,10161.721923828125,5987.922119140625,-4173.7998046875,0.4107374553224485,44329.823,19847.738,0.5522712102865829,3664.3310761718753,6857.842880859374,3193.511804687499,0.0,1554.252,1554.252,0.0,0.0,0.0,0.0,0.0,0.0,28.801819296,56.0,0.0,0.0,0.0,0.0,0.0,0.0,0.0
paging_filter_aware,q13x5,"q13,q13,q13,q13,q13",1,1,12002.331999999999,12708.767,706.4350000000013,0.9444135689953241,9665.48193359375,10113.524169921875,448.042236328125,-0.04635487805019746,34476.112,33780.093,0.02018844236264229,2336.850066406249,2595.242830078125,258.39276367187585,0.0,0.0,0.0,2246.489,2356.091,109.60199999999986,4.405,2.2870000000000004,-2.118,0.0,0.0,0.0,0.0,0.0,0.0,0.0,0.0,0.0
paging_filter_aware,q14x5,"q14,q14,q14,q14,q14",1,1,18697.534,18523.144,-174.38999999999942,1.0094147084317866,13218.7451171875,14659.97021484375,1441.22509765625,-0.10902888926894551,76594.074,81524.019,-0.06436457473198262,5478.7888828125,3863.173785156249,-1615.6150976562508,0.0,1525.31,1525.31,0.0,0.0,0.0,4.584999999999999,3.146,-1.4389999999999992,9.600606432,80.0,0.0,0.0,0.0,0.0,0.0,0.0,0.0
paging_filter_aware,q15x5,"q15,q15,q15,q15,q15",1,1,17907.367000000002,17801.974000000002,-105.39300000000003,1.005920298501728,15522.19921875,13983.964111328125,-1538.235107421875,0.0990990442619605,88153.425,74320.891,0.15691431161069463,2385.1677812500006,3818.0098886718756,1432.842107421875,0.0,1577.9409999999998,1577.9409999999998,0.0,0.0,0.0,9.195999999999998,12.393999999999998,3.1980000000000004,9.600606432,80.0,0.0,0.0,0.0,0.0,0.0,0.0,0.0
paging_filter_aware,q16x5,"q16,q16,q16,q16,q16",1,1,4664.155000000001,4686.822,22.66699999999946,0.9951636738071129,1948.004150390625,2021.148193359375,73.14404296875,-0.037548196678165564,3734.6079999999997,3954.71,-0.05893577050121467,2716.150849609375,2665.673806640625,-50.477042968750084,0.0,0.0,0.0,85.807,85.08500000000001,-0.7219999999999942,0.01,0.011,0.0009999999999999992,0.0,0.0,0.0,0.0,0.0,0.0,0.0,0.0,0.0
paging_filter_aware,q17x5,"q17,q17,q17,q17,q17",1,1,33805.515,32324.079999999998,-1481.4350000000013,1.0458306934025656,25145.327880859375,24314.203369140625,-831.12451171875,0.033052840498111066,117785.519,120572.70300000001,-0.023663214490738955,8660.187119140624,8009.876630859374,-650.3104882812504,0.0,0.0,0.0,0.0,0.0,0.0,0.07100000000000001,0.048,-0.023000000000000007,0.0,0.0,0.0,0.0,0.0,0.0,0.0,0.0,0.0
paging_filter_aware,q18x5,"q18,q18,q18,q18,q18",1,1,20081.406000000003,20423.569,342.1629999999968,0.9832466597782201,13246.174560546875,13578.752197265625,332.57763671875,-0.025107447829452383,45219.82,47576.543,-0.052117036290723805,6835.231439453126,6844.816802734375,9.585363281249556,0.0,0.0,0.0,0.0,0.0,0.0,0.0,0.0,0.0,0.0,0.0,0.0,0.0,0.0,0.0,0.0,0.0,0.0
paging_filter_aware,q19x5,"q19,q19,q19,q19,q19",1,1,18950.365,19773.666,823.3009999999995,0.9583637652218866,15643.01806640625,16536.075927734375,893.057861328125,-0.05708986958507629,72223.432,81282.85399999999,-0.12543604961891025,3307.3469335937507,3237.5900722656247,-69.75686132812598,0.0,0.0,0.0,0.0,0.0,0.0,7.8039999999999985,7.996999999999999,0.1930000000000005,0.0,0.0,0.0,0.0,0.0,0.0,0.0,0.0,0.0
paging_filter_aware,q1x5,"q1,q1,q1,q1,q1",1,1,16081.782,16412.379,330.5970000000016,0.9798568507344364,11952.12109375,10613.685546875,-1338.435546875,0.11198309792685203,37902.881,24930.076999999997,0.342264325500745,4129.66090625,5798.693453125001,1669.0325468750007,0.0,2075.6040000000003,2075.6040000000003,0.0,0.0,0.0,20.384000000000004,28.326999999999998,7.942999999999994,9.600606432,56.0,0.0,0.0,0.0,0.0,0.0,0.0,0.0
paging_filter_aware,q20x5,"q20,q20,q20,q20,q20",1,1,21749.493000000002,21368.523,-380.97000000000116,1.0178285602612778,18660.854736328125,16979.001220703125,-1681.853515625,0.09012735693991777,94882.11000000002,92315.35600000001,0.027052033307438043,3088.6382636718763,4389.521779296875,1300.8835156249988,0.0,1853.209,1853.209,0.0,0.0,0.0,2.9059999999999993,5.547999999999999,2.642,9.600606432,92.0,0.0,0.0,0.0,0.0,0.0,0.0,0.0
paging_filter_aware,q21x5,"q21,q21,q21,q21,q21",1,1,48398.38,49151.814,753.4340000000011,0.9846712880220453,36082.928466796875,36552.509765625,469.581298828125,-0.01301394645005681,203765.49200000003,203581.908,0.0009009572631661874,12315.451533203122,12599.304234374998,283.8527011718761,0.0,0.0,0.0,0.0,0.0,0.0,0.152,0.22,0.068,0.0,0.0,0.0,0.0,0.0,0.0,0.0,0.0,0.0
paging_filter_aware,q22x5,"q22,q22,q22,q22,q22",1,1,5634.977,5450.273,-184.70399999999972,1.033888944645525,3318.619873046875,3218.539306640625,-100.08056640625,0.03015728532788075,5894.401,6583.8279999999995,-0.1169630298311906,2316.357126953125,2231.7336933593747,-84.62343359375018,0.0,0.113,0.113,514.34,492.90600000000006,-21.43399999999997,0.013000000000000001,0.017,0.004,1.08,9.0,9.0,0.0,0.0,0.0,0.0,0.0,0.0
paging_filter_aware,q2x5,"q2,q2,q2,q2,q2",1,1,7310.806,7117.192,-193.61399999999958,1.0272037061807522,5134.325927734375,4840.913818359375,-293.412109375,0.05714715300601768,15200.374,14946.399000000001,0.016708470462634573,2176.4800722656246,2276.278181640625,99.79810937500042,0.0,0.059,0.059,24.330000000000002,19.345,-4.985000000000003,0.078,0.051000000000000004,-0.026999999999999996,0.32,4.0,4.0,0.0,0.0,0.0,0.0,0.0,0.0
paging_filter_aware,q3x5,"q3,q3,q3,q3,q3",1,1,19444.507,19131.309,-313.1980000000003,1.016370965520446,15291.806640625,13644.160888671875,-1647.645751953125,0.10774696480767057,66062.081,52476.906,0.2056425531009234,4152.700359375,5487.148111328125,1334.4477519531256,0.0,2218.374,2218.374,0.0,0.0,0.0,4.422999999999999,9.083,4.660000000000001,12.000606432,100.0,0.0,0.0,0.0,0.0,0.0,0.0,0.0
paging_filter_aware,q4x5,"q4,q4,q4,q4,q4",1,1,12829.802,12439.943,-389.8590000000004,1.0313392915064,8930.7470703125,8791.4609375,-139.2861328125,0.015596246508370343,36213.313,36761.137,-0.015127696270153479,3899.0549296875006,3648.4820624999993,-250.5728671875013,0.0,185.589,185.589,0.0,0.0,0.0,2.956,2.3289999999999997,-0.6270000000000002,2.4,16.0,0.0,0.0,0.0,0.0,0.0,0.0,0.0
paging_filter_aware,q5x5,"q5,q5,q5,q5,q5",1,1,28321.672,28541.072999999997,219.40099999999802,0.9923127977704272,20107.755859375,19660.441650390625,-447.314208984375,0.022245854391345223,95406.862,88985.96900000001,0.06730011725990928,8213.916140624999,8880.631349609372,666.715208984373,0.0,317.676,317.676,0.0,0.0,0.0,12.659,7.524,-5.135000000000001,2.4,20.0,0.0,0.0,0.0,0.0,0.0,0.0,0.0
paging_filter_aware,q6x5,"q6,q6,q6,q6,q6",1,1,12572.997,12346.429,-226.5679999999993,1.0183508932015888,10040.610107421875,7118.732177734375,-2921.8779296875,0.2910060144181567,38564.748,31526.311,0.18250960696022175,2532.386892578125,5227.696822265625,2695.3099296875002,0.0,1320.213,1320.213,0.0,0.0,0.0,33.529,5.582,-27.947000000000003,48.00303216,92.0,0.0,0.0,0.0,0.0,0.0,0.0,0.0
paging_filter_aware,q7x5,"q7,q7,q7,q7,q7",1,1,25790.453,26633.009,842.5559999999969,0.9683642205054639,21567.62646484375,19186.013916015625,-2381.612548828125,0.11042534294212977,122176.019,100546.13199999998,0.17703872803385431,4222.82653515625,7446.995083984374,3224.1685488281237,0.0,2044.9600000000003,2044.9600000000003,0.0,0.0,0.0,0.0,0.0,0.0,9.600606432,112.0,0.0,0.0,0.0,0.0,0.0,0.0,0.0
paging_filter_aware,q8x5,"q8,q8,q8,q8,q8",1,1,39641.843,38308.155,-1333.688000000002,1.034814728091186,26884.3310546875,26345.655029296875,-538.676025390625,0.020036802265783082,116895.981,112849.861,0.0346129949497579,12757.5119453125,11962.499970703124,-795.0119746093769,0.0,323.27,323.27,0.0,0.0,0.0,0.039,0.051000000000000004,0.012000000000000004,2.4,20.0,0.0,0.0,0.0,0.0,0.0,0.0,0.0
paging_filter_aware,q9x5,"q9,q9,q9,q9,q9",1,1,54553.731,56345.513,1791.7819999999992,0.9682000943003217,31923.129638671875,28663.3505859375,-3259.779052734375,0.10211339206496405,115907.386,113837.579,0.01785742109652961,22630.601361328125,27682.1624140625,5051.561052734374,0.0,0.0,0.0,50.869,46.054,-4.814999999999998,0.014,0.026,0.011999999999999999,0.0,0.0,0.0,0.0,0.0,0.0,0.0,0.0,0.0
pinned_hot,q10x5,"q10,q10,q10,q10,q10",1,1,21381.469,20981.213,-400.2560000000012,1.0190768760605025,17125.60498046875,16256.97412109375,-868.630859375,0.0507211780468864,66006.61499999999,42967.81,0.34903781992153354,4255.86401953125,4724.238878906251,468.3748593750006,0.0,0.0,0.0,0.0,0.0,0.0,8.994999999999997,6.4479999999999995,-2.546999999999998,0.0,0.0,0.0,0.0,0.0,0.0,0.0,0.0,0.0
pinned_hot,q11x5,"q11,q11,q11,q11,q11",1,1,5226.138,1999.668,-3226.4700000000003,2.6135028414716843,4096.413818359375,25.703857421875,-4070.7099609375,0.9937252781184667,13537.532,25.704,0.9981012787264326,1129.7241816406251,1973.964142578125,844.2399609374997,0.0,0.0,0.0,0.0,0.0,0.0,0.017,0.015,-0.0020000000000000018,0.0,0.0,0.0,0.0,0.0,0.0,0.0,0.0,0.0
pinned_hot,q12x5,"q12,q12,q12,q12,q12",1,1,13826.053,13742.188,-83.86499999999978,1.0061027399712477,10161.721923828125,10031.669189453125,-130.052734375,0.012798296917576595,44329.823,38221.706,0.13778798530280617,3664.3310761718753,3710.5188105468746,46.18773437499931,0.0,0.0,0.0,0.0,0.0,0.0,0.0,0.0,0.0,0.0,0.0,0.0,0.0,0.0,0.0,0.0,0.0,0.0
pinned_hot,q13x5,"q13,q13,q13,q13,q13",1,1,12002.331999999999,12124.277999999998,121.94599999999991,0.9899419990204777,9665.48193359375,9872.260986328125,206.779052734375,-0.021393558454202388,34476.112,31853.594,0.07606768419826458,2336.850066406249,2252.0170136718743,-84.83305273437463,0.0,0.0,0.0,2246.489,1945.473,-301.0160000000001,4.405,3.284,-1.1210000000000004,0.0,0.0,0.0,0.0,0.0,0.0,0.0,0.0,0.0
pinned_hot,q14x5,"q14,q14,q14,q14,q14",1,1,18697.534,18699.124,1.5900000000001455,0.9999149692787748,13218.7451171875,16138.005126953125,2919.260009765625,-0.2208424463809273,76594.074,92658.09,-0.2097292278773421,5478.7888828125,2561.118873046874,-2917.6700097656258,0.0,0.0,0.0,0.0,0.0,0.0,4.584999999999999,3.7039999999999993,-0.8809999999999998,0.0,0.0,0.0,0.0,0.0,0.0,0.0,0.0,0.0
pinned_hot,q15x5,"q15,q15,q15,q15,q15",1,1,17907.367000000002,17935.9,28.532999999999447,0.9984091682045507,15522.19921875,15446.263671875,-75.935546875,0.0048920610929457636,88153.425,86176.21,0.0224292476440932,2385.1677812500006,2489.6363281249996,104.46854687499899,0.0,0.0,0.0,0.0,0.0,0.0,9.195999999999998,8.881999999999998,-0.31400000000000006,0.0,0.0,0.0,0.0,0.0,0.0,0.0,0.0,0.0
pinned_hot,q16x5,"q16,q16,q16,q16,q16",1,1,4664.155000000001,3552.523,-1111.6320000000005,1.3129133857824427,1948.004150390625,884.663818359375,-1063.34033203125,0.5458614304379295,3734.6079999999997,884.664,0.7631173070908646,2716.150849609375,2667.859181640625,-48.29166796875006,0.0,0.0,0.0,85.807,83.251,-2.5559999999999974,0.01,0.012,0.002,0.0,0.0,0.0,0.0,0.0,0.0,0.0,0.0,0.0
pinned_hot,q17x5,"q17,q17,q17,q17,q17",1,1,33805.515,34357.526,552.0109999999986,0.9839333309389041,25145.327880859375,23768.9150390625,-1376.412841796875,0.0547383135474881,117785.519,114721.00099999999,0.026017782372721142,8660.187119140624,10588.610960937498,1928.4238417968736,0.0,0.0,0.0,0.0,0.0,0.0,0.07100000000000001,0.096,0.024999999999999994,0.0,0.0,0.0,0.0,0.0,0.0,0.0,0.0,0.0
pinned_hot,q18x5,"q18,q18,q18,q18,q18",1,1,20081.406000000003,27213.686,7132.279999999999,0.7379156943311539,13246.174560546875,13137.41552734375,-108.759033203125,0.008210599422950292,45219.82,36402.549999999996,0.1949868442643072,6835.231439453126,14076.27047265625,7241.039033203124,0.0,0.0,0.0,0.0,0.0,0.0,0.0,0.0,0.0,0.0,0.0,0.0,0.0,0.0,0.0,0.0,0.0,0.0
pinned_hot,q19x5,"q19,q19,q19,q19,q19",1,1,18950.365,19547.557,597.1919999999991,0.9694492769607987,15643.01806640625,16248.72509765625,605.70703125,-0.038720599099145075,72223.432,75837.007,-0.05003327728873362,3307.3469335937507,3298.83190234375,-8.515031250000902,0.0,0.0,0.0,0.0,0.0,0.0,7.8039999999999985,15.483999999999996,7.679999999999998,0.0,0.0,0.0,0.0,0.0,0.0,0.0,0.0,0.0
pinned_hot,q1x5,"q1,q1,q1,q1,q1",1,1,16081.782,15090.268,-991.5139999999992,1.0657055262371748,11952.12109375,11762.06787109375,-190.05322265625,0.01590121294500878,37902.881,39922.542,-0.05328515792770476,4129.66090625,3328.20012890625,-801.4607773437501,0.0,0.0,0.0,0.0,0.0,0.0,20.384000000000004,26.815,6.430999999999997,0.0,0.0,0.0,0.0,0.0,0.0,0.0,0.0,0.0
pinned_hot,q20x5,"q20,q20,q20,q20,q20",1,1,21749.493000000002,19481.034,-2268.4590000000026,1.1164444864682235,18660.854736328125,16553.0927734375,-2107.761962890625,0.11295098711568273,94882.11000000002,85104.595,0.10304908902215615,3088.6382636718763,2927.9412265624997,-160.69703710937665,0.0,0.0,0.0,0.0,0.0,0.0,2.9059999999999993,1.836,-1.0699999999999992,0.0,0.0,0.0,0.0,0.0,0.0,0.0,0.0,0.0
pinned_hot,q21x5,"q21,q21,q21,q21,q21",1,1,48398.38,48984.222,585.8420000000042,0.9880401897574284,36082.928466796875,34830.10986328125,-1252.818603515625,0.03472053563137081,203765.49200000003,183414.24599999998,0.09987582195713511,12315.451533203122,14154.11213671875,1838.6606035156274,0.0,0.0,0.0,0.0,0.0,0.0,0.152,0.127,-0.024999999999999994,0.0,0.0,0.0,0.0,0.0,0.0,0.0,0.0,0.0
pinned_hot,q22x5,"q22,q22,q22,q22,q22",1,1,5634.977,3625.039,-2009.9379999999996,1.5544596899509218,3318.619873046875,1555.35791015625,-1763.261962890625,0.5313238726771523,5894.401,1555.358,0.7361295914546703,2316.357126953125,2069.68108984375,-246.67603710937465,0.0,0.0,0.0,514.34,219.77100000000002,-294.569,0.013000000000000001,0.015,0.0019999999999999983,0.0,0.0,0.0,0.0,0.0,0.0,0.0,0.0,0.0
pinned_hot,q2x5,"q2,q2,q2,q2,q2",1,1,7310.806,3352.2509999999997,-3958.555,2.1808647383504396,5134.325927734375,1054.891845703125,-4079.43408203125,0.7945413165134576,15200.374,1055.079,0.9305886157801118,2176.4800722656246,2297.3591542968747,120.87908203125016,0.0,0.0,0.0,24.330000000000002,20.149,-4.181000000000001,0.078,0.057999999999999996,-0.020000000000000004,0.0,0.0,0.0,0.0,0.0,0.0,0.0,0.0,0.0
pinned_hot,q3x5,"q3,q3,q3,q3,q3",1,1,19444.507,19978.797000000002,534.2900000000009,0.9732571485660523,15291.806640625,15068.98583984375,-222.82080078125,0.014571254137447226,66062.081,38835.985,0.41212894882920814,4152.700359375,4909.8111601562505,757.1108007812509,0.0,0.0,0.0,0.0,0.0,0.0,4.422999999999999,3.2409999999999988,-1.1820000000000004,0.0,0.0,0.0,0.0,0.0,0.0,0.0,0.0,0.0
pinned_hot,q4x5,"q4,q4,q4,q4,q4",1,1,12829.802,11980.362,-849.4400000000005,1.0709026989334713,8930.7470703125,8687.479736328125,-243.267333984375,0.027239303953981837,36213.313,33019.47,0.08819527227459141,3899.0549296875006,3292.8822636718746,-606.172666015626,0.0,0.0,0.0,0.0,0.0,0.0,2.956,9.715,6.759,0.0,0.0,0.0,0.0,0.0,0.0,0.0,0.0,0.0
pinned_hot,q5x5,"q5,q5,q5,q5,q5",1,1,28321.672,33100.836,4779.164000000004,0.8556180272909119,20107.755859375,19754.993408203125,-352.762451171875,0.017543601267040635,95406.862,62367.541000000005,0.34629921063749053,8213.916140624999,13345.842591796874,5131.926451171876,0.0,0.0,0.0,0.0,0.0,0.0,12.659,8.103,-4.556000000000001,0.0,0.0,0.0,0.0,0.0,0.0,0.0,0.0,0.0
pinned_hot,q6x5,"q6,q6,q6,q6,q6",1,1,12572.997,13070.665,497.6680000000015,0.9619248140779371,10040.610107421875,10510.395263671875,469.78515625,-0.04678850699548044,38564.748,41512.007,-0.07642365509558102,2532.386892578125,2560.2697363281254,27.882843750000575,0.0,0.0,0.0,0.0,0.0,0.0,33.529,60.987,27.458,0.0,0.0,0.0,0.0,0.0,0.0,0.0,0.0,0.0
pinned_hot,q7x5,"q7,q7,q7,q7,q7",1,1,25790.453,23587.569,-2202.884000000002,1.0933917352822582,21567.62646484375,16717.86572265625,-4849.7607421875,0.2248629792477554,122176.019,71941.149,0.4111680050730741,4222.82653515625,6869.7032773437495,2646.876742187499,0.0,0.0,0.0,0.0,0.0,0.0,0.0,0.0,0.0,0.0,0.0,0.0,0.0,0.0,0.0,0.0,0.0,0.0
pinned_hot,q8x5,"q8,q8,q8,q8,q8",1,1,39641.843,42807.017,3165.173999999999,0.9260594588966571,26884.3310546875,27085.8798828125,201.548828125,-0.007496888344181372,116895.981,85637.189,0.2674069008411846,12757.5119453125,15721.1371171875,2963.625171874999,0.0,0.0,0.0,0.0,0.0,0.0,0.039,0.042,0.0030000000000000027,0.0,0.0,0.0,0.0,0.0,0.0,0.0,0.0,0.0
pinned_hot,q9x5,"q9,q9,q9,q9,q9",1,1,54553.731,59684.418,5130.686999999998,0.9140364072914308,31923.129638671875,26845.132568359375,-5077.9970703125,0.15906952506814945,115907.386,90593.37299999999,0.2183986187040747,22630.601361328125,32839.28543164062,10208.684070312498,0.0,0.0,0.0,50.869,45.283,-5.5859999999999985,0.014,0.012,-0.002,0.0,0.0,0.0,0.0,0.0,0.0,0.0,0.0,0.0
