condition,execution,position,query,runtime_s,total_ms,result_rows
cold_hot,1,1,q8,14.792793613974936,14792.793613974936,2
cold_hot,1,2,q1,11.867593534989282,11867.593534989282,4
cold_hot,1,3,q16,0.7592394910170697,759.2394910170697,27840
cold_hot,1,4,q3,8.246422082011122,8246.422082011122,10
cold_hot,1,5,q14,7.915285233000759,7915.285233000759,1
cold_hot,1,6,q4,5.073197498044465,5073.197498044465,5
cold_hot,1,7,q12,7.918092573003378,7918.092573003378,2
cold_hot,1,8,q19,12.150222645956092,12150.222645956092,1
cold_hot,1,9,q20,8.668495708960108,8668.495708960108,17690
cold_hot,1,10,q15,8.340207420988008,8340.207420988008,1
cold_hot,1,11,q9,16.20791731600184,16207.91731600184,175
cold_hot,1,12,q17,12.125303055043332,12125.303055043332,1
cold_hot,1,13,q6,5.512082395027392,5512.082395027392,1
cold_hot,1,14,q11,0.8887736460310407,888.7736460310407,0
cold_hot,1,15,q2,1.0702469890238717,1070.2469890238717,100
cold_hot,1,16,q22,0.8984156380174682,898.4156380174682,7
cold_hot,1,17,q7,13.184370861039497,13184.370861039497,4
cold_hot,1,18,q13,2.4788812949554995,2478.8812949554995,45
cold_hot,1,19,q10,11.010992088995408,11010.992088995408,20
cold_hot,1,20,q18,9.068202633992769,9068.202633992769,100
cold_hot,1,21,q5,10.578135439020116,10578.135439020116,5
cold_hot,1,22,q21,18.707968588045333,18707.968588045333,100
cold_hot,2,1,q8,13.521867169998586,13521.867169998586,2
cold_hot,2,2,q1,11.965221902995836,11965.221902995836,4
cold_hot,2,3,q16,0.7195246589835733,719.5246589835733,27840
cold_hot,2,4,q3,7.800203677965328,7800.203677965328,10
cold_hot,2,5,q14,8.405859204009175,8405.859204009175,1
cold_hot,2,6,q4,5.091185197990853,5091.185197990853,5
cold_hot,2,7,q12,7.965266593033448,7965.266593033448,2
cold_hot,2,8,q19,11.513248716015369,11513.248716015369,1
cold_hot,2,9,q20,8.75849787099287,8758.49787099287,17690
cold_hot,2,10,q15,8.246859389008023,8246.859389008023,1
cold_hot,2,11,q9,16.697581915999763,16697.581915999763,175
cold_hot,2,12,q17,11.88818856002763,11888.18856002763,1
cold_hot,2,13,q6,5.494857495999895,5494.857495999895,1
cold_hot,2,14,q11,0.8799816439859569,879.9816439859569,0
cold_hot,2,15,q2,1.0719470760086551,1071.9470760086551,100
cold_hot,2,16,q22,0.8786616479628719,878.6616479628719,7
cold_hot,2,17,q7,12.763656305032782,12763.656305032782,4
cold_hot,2,18,q13,2.505083923053462,2505.083923053462,45
cold_hot,2,19,q10,11.056628321006428,11056.628321006428,20
cold_hot,2,20,q18,9.035559860989451,9035.559860989451,100
cold_hot,2,21,q5,10.721128541976213,10721.128541976213,5
cold_hot,2,22,q21,18.881745912949555,18881.745912949555,100
cold_hot,3,1,q8,13.731909180991352,13731.909180991352,2
cold_hot,3,2,q1,11.7154451009701,11715.4451009701,4
cold_hot,3,3,q16,0.7413001369568519,741.3001369568519,27840
cold_hot,3,4,q3,7.89323368598707,7893.23368598707,10
cold_hot,3,5,q14,8.598868340021,8598.868340021,1
cold_hot,3,6,q4,5.1923310669953935,5192.3310669953935,5
cold_hot,3,7,q12,7.917391480004881,7917.391480004881,2
cold_hot,3,8,q19,12.342587199993432,12342.587199993432,1
cold_hot,3,9,q20,8.47554317797767,8475.54317797767,17690
cold_hot,3,10,q15,8.726968823990319,8726.968823990319,1
cold_hot,3,11,q9,16.07045953598572,16070.45953598572,175
cold_hot,3,12,q17,11.773202611017041,11773.20261101704,1
cold_hot,3,13,q6,5.571466375025921,5571.466375025921,1
cold_hot,3,14,q11,0.8783629719982855,878.3629719982855,0
cold_hot,3,15,q2,1.0828917199978605,1082.8917199978605,100
cold_hot,3,16,q22,0.8885544770164415,888.5544770164415,7
cold_hot,3,17,q7,12.723195169004612,12723.195169004612,4
cold_hot,3,18,q13,2.516099629981909,2516.099629981909,45
cold_hot,3,19,q10,11.243951942014974,11243.951942014974,20
cold_hot,3,20,q18,8.994414917950053,8994.414917950053,100
cold_hot,3,21,q5,10.835643692000303,10835.643692000303,5
cold_hot,3,22,q21,18.58044043200789,18580.44043200789,100
