run_name,pair,previous_query,second_query,condition,n_rows,rep,metric,runtime_s
q5_then_q8_no_pin_rep1,q5->q8,q5,q8,no_pin,,1,q5,6.844403
q5_then_q8_no_pin_rep1,q5->q8,q5,q8,no_pin,,1,q8,8.755661
q5_then_q8_no_pin_rep1,q5->q8,q5,q8,no_pin,,1,total,15.600064
q5_then_q8_partial_1000000_rep1,q5->q8,q5,q8,partial_pin_reuse,1000000,1,q5,6.614093
q5_then_q8_partial_1000000_rep1,q5->q8,q5,q8,partial_pin_reuse,1000000,1,q8,0.474774
q5_then_q8_partial_1000000_rep1,q5->q8,q5,q8,partial_pin_reuse,1000000,1,total,7.0888670000000005
q5_then_q8_partial_100000_rep1,q5->q8,q5,q8,partial_pin_reuse,100000,1,q5,6.265861
q5_then_q8_partial_100000_rep1,q5->q8,q5,q8,partial_pin_reuse,100000,1,total,6.265861
q7_then_q8_no_pin_rep1,q7->q8,q7,q8,no_pin,,1,q7,5.445418
q7_then_q8_no_pin_rep1,q7->q8,q7,q8,no_pin,,1,q8,9.428972
q7_then_q8_no_pin_rep1,q7->q8,q7,q8,no_pin,,1,total,14.87439
q7_then_q8_partial_1000000_rep1,q7->q8,q7,q8,partial_pin_reuse,1000000,1,q7,5.407404
q7_then_q8_partial_1000000_rep1,q7->q8,q7,q8,partial_pin_reuse,1000000,1,q8,0.566514
q7_then_q8_partial_1000000_rep1,q7->q8,q7,q8,partial_pin_reuse,1000000,1,total,5.973917999999999
q7_then_q8_partial_100000_rep1,q7->q8,q7,q8,partial_pin_reuse,100000,1,q7,5.557376
q7_then_q8_partial_100000_rep1,q7->q8,q7,q8,partial_pin_reuse,100000,1,q8,0.444752
q7_then_q8_partial_100000_rep1,q7->q8,q7,q8,partial_pin_reuse,100000,1,total,6.002128
q7_then_q8_partial_2000000_rep1,q7->q8,q7,q8,partial_pin_reuse,2000000,1,q7,5.459374
q7_then_q8_partial_2000000_rep1,q7->q8,q7,q8,partial_pin_reuse,2000000,1,q8,0.464412
q7_then_q8_partial_2000000_rep1,q7->q8,q7,q8,partial_pin_reuse,2000000,1,total,5.923786000000001
q7_then_q8_partial_500000_rep1,q7->q8,q7,q8,partial_pin_reuse,500000,1,q7,5.440454
q7_then_q8_partial_500000_rep1,q7->q8,q7,q8,partial_pin_reuse,500000,1,q8,0.57732
q7_then_q8_partial_500000_rep1,q7->q8,q7,q8,partial_pin_reuse,500000,1,total,6.017774
