query,condition,error
q12,pin_table,Error('std::bad_alloc: out_of_memory: not enough capacity to allocate memory')
q13,pin_table,Error('std::bad_alloc: out_of_memory: not enough capacity to allocate memory')
q14,pin_table,Error('std::bad_alloc: out_of_memory: not enough capacity to allocate memory')
q15,pin_table,Error('std::bad_alloc: out_of_memory: not enough capacity to allocate memory')
q17,pin_table,Error('std::bad_alloc: out_of_memory: not enough capacity to allocate memory')
q18,pin_table,Error('std::bad_alloc: out_of_memory: not enough capacity to allocate memory')
q19,pin_table,Error('std::bad_alloc: out_of_memory: not enough capacity to allocate memory')
q20,pin_table,Error('std::bad_alloc: out_of_memory: not enough capacity to allocate memory')
q21,pin_table,Error('std::bad_alloc: out_of_memory: not enough capacity to allocate memory')
