query,baseline_scan,proposed_scan,scan_change_pct,baseline_join,proposed_join,join_change_pct,baseline_aggregate,proposed_aggregate,aggregate_change_pct,baseline_filter,proposed_filter,filter_change_pct,baseline_sort,proposed_sort,sort_change_pct,baseline_other,proposed_other,other_change_pct,baseline_total_ms,proposed_total_ms,total_ms_change_pct
q1,8975.8025525,7921.910718749999,11.741477462162567,0.0,0.0,0.0,1415.08101725,1480.6104972500002,-4.630793516497519,0.0,0.0,0.0,6.556985500000001,8.07001275,-23.07504340218534,213.949582,230.68976675,-7.824359642824634,10611.39013725,9641.280995500001,9.14214941871328
q2,909.900801,715.33167725,21.38355340891716,18.65080225,21.21782525,-13.763606334950007,1.1231855,0.9065375,19.288710546922122,10.40962375,10.68152725,-2.6120396522496843,2.45833925,2.5269917499999996,-2.792637346533835,8.715684000000001,9.1392785,-4.860140638416884,951.25843575,759.8038375000001,20.12645471039124
q3,9956.506685,7013.805280749999,29.55556097484809,11.5851415,12.231470250000001,-5.57894566932998,1.81178575,2.0602465,-13.71358340797193,27.03261975,31.9677315,-18.25613571914354,2.863229,3.66795925,-28.105689415691167,15.510729249999999,21.406195500000003,-38.00895596188686,10015.31019025,7085.138883749999,29.256920163616606
q4,4770.3665787499995,4212.0302995,11.704263603915795,14.9919285,14.9133285,0.5242821162067294,6.958253,7.4780185,-7.4697700701598535,26.8373985,37.58365975,-40.04211231576713,0.40626075,0.41166349999999996,-1.3298725018353252,3.51083075,3.17503975,9.564431438342618,4823.07125025,4275.5920095,11.351257577246484
q5,11547.443516000001,11162.10247125,3.337024720805752,22.203475,22.426729,-1.0054912575621642,1.2126077499999999,1.130955,6.733649030364513,31.848819,34.686108000000004,-8.908616046328142,2.1724625,1.80506725,16.911465675471955,5.53313425,5.408930750000001,2.244722328940406,11610.414014500002,11227.560261249999,3.297503024197631
q6,6947.02114025,4207.2021745,39.43875958395893,0.0,0.0,0.0,4.548398000000001,9.02217325,-98.3593619116005,0.0,0.0,0.0,0.0,0.0,0.0,5.013193,6.8456410000000005,-36.55251254041087,6956.58273125,4223.0699887499995,39.29390115955434
q7,11452.972177250002,13072.559852499999,-14.141199770546198,26.464104250000002,26.521497,-0.21687017802613975,2.99234825,3.1420702499999997,-5.003495164708843,31.67278,35.51950375,-12.14520402061328,4.5749794999999995,4.511751,1.3820499086389186,7.47669,7.429581,0.6300782833045084,11526.153079250002,13149.684255499998,-14.085629134778408
q8,12174.925396499999,14712.6615995,-20.843956906130522,31.756910500000004,30.364059750000003,4.385976872655798,0.80378325,0.8537740000000001,-6.219431668923208,44.888875000000006,44.14820675,1.6500040377487872,0.22642025,0.18730925,17.27363166501229,9.344217,8.75524975,6.303013403905321,12261.9456025,14796.970199,-20.673918142184153
q9,5446.340916249999,8149.4273650000005,-49.631238483160786,117.988281,117.66164275,0.2768395701942653,2.7441445,2.7719637500000003,-1.013767678779317,30.920925750000002,32.649595,-5.5906128554381835,0.96581,2.25036725,-133.00310102401096,13.2508355,15.47373525,-16.775544077956443,5612.210912999999,8320.234669,-48.25235184456798
q10,3996.83358775,3719.9371265,6.927895674682757,26.380843499999997,27.15819125,-2.9466372066533966,16.998075749999998,16.9675625,0.17951002483324324,6.6250105,6.905766,-4.237812151392058,17.69763525,19.154780000000002,-8.233556231757015,143.43201125,154.08698800000002,-7.42859049185928,4207.967164,3944.21041425,6.268032507631979
q11,519.754807,23.390581500000003,95.49968924096936,24.97383975,15.45592825,38.11152628221698,4.1808837500000005,4.8409474999999995,-15.787660922167449,0.10022,0.10209625,-1.8721313111155418,0.061081,0.05425625,11.173278106121387,2.613965,11.0612845,-323.16115556252663,551.6847965,54.905094250000005,90.04774200805804
q12,3303.49596475,3030.9665104999995,8.24972868615642,1.418514,1.42678275,-0.5829163476708757,0.8627042500000001,0.97932875,-13.518479826661329,28.112533,24.33046625,13.453311908962451,0.219279,0.25202375,-14.932916512753156,2.0143079999999998,2.43459825,-20.865242554763242,3336.1233030000003,3060.3897102499996,8.265089977401257
q13,1767.945368,1878.48406825,-6.252382129604367,72.18002125,72.14370975,0.05030685689912637,11.382436,11.46082225,-0.6886597034237613,0.0,0.0,0.0,0.37094,0.33584075,9.462244567854631,13.225677000000001,13.95648775,-5.525696340535156,1865.10444225,1976.38092875,-5.966233524475439
q14,5118.4873045,5080.469268,0.7427592223697886,6.46802625,6.47096325,-0.04540797897966634,0.5889549999999999,0.5842825,0.7933543309760267,0.0,0.0,0.0,0.0,0.0,0.0,1.684175,5.094806500000001,-202.51051701871842,5127.2284607500005,5092.61932025,0.6750067948978832
q15,5523.494930499999,5074.852752999999,8.12243304547376,1.4996939999999999,2.020628,-34.73601948130752,16.9219145,17.02476025,-0.6077666330248872,0.0,0.0,0.0,1.89949,2.0721362500000002,-9.08908443845455,5.62310125,6.622196000000001,-17.767682024221067,5549.439130249999,5102.5924735,8.052104839104143
q16,219.20249725,127.4477245,41.85845229917881,6.0373865,5.6643965000000005,6.178004340122993,50.9149445,48.15333475,5.423966925860045,5.0403965,7.478619,-48.373624971765615,2.62256,2.67058375,-1.831178314318835,1.73876075,3.16945825,-82.28259695878228,285.55654549999997,194.58411675000002,31.857938535679605
q17,7227.653045999999,6256.62041575,13.43496462918068,94.86452675,84.43664749999999,10.99239052494404,4.21707975,6.62641175,-57.13271132707415,16.21947925,19.24744025,-18.668669649181254,0.0,0.0,0.0,1.331038,1.39318725,-4.669231832599824,7344.28516975,6368.3241025,13.288714213737729
q18,3451.826082,3651.4938039999997,-5.7844085204985625,3.1538364999999997,2.81719625,10.673991819170077,274.91380125,325.6081465,-18.440087409034714,21.16256575,24.06886275,-13.733197733833396,1.2809902499999999,1.1253104999999999,12.153078448489364,34.01889099999999,36.554701249999994,-7.454123798450706,3786.35616675,4041.6680212499996,-6.7429434331093425
q19,4773.40666825,5313.880432749999,-11.322600441628518,12.66987775,12.6366185,0.2625064791962861,0.19745675000000001,0.1910085,3.2656518452775183,26.66312275,26.471572,0.7184107870485692,0.0,0.0,0.0,2.4597815,2.59923275,-5.669253549553082,4815.396906999999,5355.7788645,-11.221960887885762
q20,4937.14528875,3917.1380172500003,20.65985932851184,3.8606399999999996,4.26842875,-10.562724056115059,0.7023645,0.802702,-14.285673606795344,4.36066425,9.35657575,-114.5676716569041,5.07440575,5.0625235,0.23416042361216788,1.68899875,1.6827885,0.36768825317366777,4952.832361999999,3938.3110357500004,20.483659694073026
q21,11224.069460249999,9563.589084250001,14.793924626719237,688.979322,703.94030125,-2.1714699951473904,4.00120625,4.28534525,-7.101333504115158,80.63228799999999,85.32940825,-5.825359005067564,1.9614989999999999,2.5764555,-31.351354244891276,52.727138,53.060005749999995,-0.6313025182591901,12052.370913499999,10412.78060025,13.603881966605217
q22,334.99059450000004,162.976587,51.34890660340615,19.0767185,18.72426725,1.847546526411227,1.499824,3.08612925,-105.76609322160466,0.0,0.0,0.0,0.37816774999999997,0.2967875,21.519616625161717,0.9207372500000001,1.75668775,-90.79142828206417,356.866042,186.84045875,47.64409140671333
TOTAL,124579.58536300002,118968.27781225,4.504195076905891,1205.2038897500001,1202.5006117499997,0.2243004708988419,1824.6571694999998,1948.5870177500003,-6.791952500532488,392.52732175000006,430.5271385,-9.68080809778687,51.790534750000006,57.031819750000004,-10.120160035613452,545.7834785,601.79584075,-10.262744193712345,128599.54775725001,123208.72024075,4.191949046878427
