variant,previous_query,second_query,repeats_completed,second_total_ms_mean,second_total_ms_std,second_load_ms_mean,second_load_ms_std,second_scan_materialize_wall_ms_mean,second_scan_materialize_work_ms_mean,second_computation_ms_mean,second_computation_ms_std,pair_total_ms_mean,pair_load_ms_mean,pair_scan_materialize_wall_ms_mean,pair_scan_materialize_work_ms_mean,pair_computation_ms_mean,second_join_reuse_hit_bytes_mean,reuse_hit_ratio_vs_first_retained_mean
baseline,q1,q11,1,1180.392,,806.57080078125,,806.57080078125,2682.5299999999997,373.82119921875005,,4360.387,2949.9287109375,2949.9287109375,9421.029999999999,1410.4582890625,0.0,
baseline,q1,q12,1,2693.247,,1960.80419921875,,1960.80419921875,7832.156,732.4428007812498,,5935.286,4097.93408203125,4097.93408203125,14585.746,1837.35191796875,0.0,
baseline,q1,q2,1,1687.179,,982.490234375,,982.490234375,2755.3500000000004,704.6887656250001,,4949.842000000001,3152.65234375,3152.65234375,9510.644,1797.18965625,0.0,
baseline,q1,q20,1,4190.178000000001,,3577.134033203125,,3577.134033203125,18930.06,613.0439667968758,,7330.478000000001,5696.156005859375,5696.156005859375,25258.853000000003,1634.3219941406255,0.0,
baseline,q1,q4,1,2434.031,,1785.81298828125,,1785.81298828125,7363.4130000000005,648.21801171875,,6107.04,4089.93603515625,4089.93603515625,15220.91,2017.10396484375,0.0,
baseline,q11,q1,1,3011.563,,2130.48095703125,,2130.48095703125,6821.411000000001,881.0820429687501,,4677.85,2911.212890625,2911.212890625,9298.309000000001,1766.6371093750001,0.0,
baseline,q11,q12,1,2694.979,,1916.0341796875,,1916.0341796875,7848.25,778.9448203124998,,4147.742,2825.7041015625,2825.7041015625,10441.45,1322.0378984374997,0.0,
baseline,q11,q17,1,7815.820000000001,,5159.69580078125,,5159.69580078125,26484.69,2656.1241992187506,,9258.574,6094.4345703125,6094.4345703125,29129.606,3164.1394296875005,0.0,
baseline,q11,q2,1,1474.65,,1048.423095703125,,1048.423095703125,2918.0850000000005,426.2269042968751,,2967.607,1826.843994140625,1826.843994140625,5354.858,1140.7630058593752,0.0,
baseline,q11,q20,1,4372.964,,3646.495849609375,,3646.495849609375,18632.543999999998,726.4681503906249,,5944.968,4485.680908203125,4485.680908203125,21232.729999999996,1459.2870917968748,0.0,
baseline,q11,q4,1,2508.89,,1771.427978515625,,1771.427978515625,6406.579,737.4620214843749,,4013.696,2579.96875,2579.96875,8967.887999999999,1433.72725,0.0,
baseline,q11,q6,1,2514.424,,1901.676025390625,,1901.676025390625,7187.47,612.747974609375,,4159.391,2787.0,2787.0,10048.094000000001,1372.391,0.0,
baseline,q12,q1,1,2885.5789999999997,,2163.0869140625,,2163.0869140625,6928.6269999999995,722.4920859374997,,6224.04,4370.738037109375,4370.738037109375,15103.468,1853.301962890625,0.0,
baseline,q12,q11,1,1191.964,,816.44482421875,,816.44482421875,2516.885,375.51917578124994,,4298.968,2789.35498046875,2789.35498046875,10356.876000000002,1509.6130195312498,0.0,
baseline,q12,q17,1,8613.139000000001,,4418.779052734375,,4418.779052734375,22705.805999999997,4194.359947265626,,11718.328000000001,6397.14208984375,6397.14208984375,30652.586999999996,5321.185910156251,0.0,
baseline,q12,q2,1,1605.853,,1084.992431640625,,1084.992431640625,2971.614,520.8605683593751,,4674.229,3029.429443359375,3029.429443359375,10800.639,1644.7995566406253,0.0,
baseline,q12,q20,1,4385.867,,3734.27392578125,,3734.27392578125,19074.373,651.5930742187502,,7495.555,5714.47998046875,5714.47998046875,27026.631,1781.0750195312498,0.0,
baseline,q12,q4,1,2384.007,,1739.822998046875,,1739.822998046875,7000.3859999999995,644.1840019531251,,5562.96,3773.532958984375,3773.532958984375,14125.454,1789.427041015625,0.0,
baseline,q12,q6,1,2410.997,,1932.511962890625,,1932.511962890625,6225.145,478.48503710937484,,5730.991,4089.715087890625,4089.715087890625,14511.583,1641.2759121093745,0.0,
baseline,q17,q1,1,2883.09,,2262.215087890625,,2262.215087890625,7412.554000000001,620.8749121093751,,10899.856,6731.5048828125,6731.5048828125,28500.954000000005,4168.351117187501,0.0,
baseline,q17,q11,1,1139.563,,809.097900390625,,809.097900390625,2534.714,330.4650996093751,,8578.429,5615.44677734375,5615.44677734375,25876.886999999988,2962.98222265625,0.0,
baseline,q17,q12,1,2622.701,,1916.193115234375,,1916.193115234375,7755.550999999999,706.507884765625,,11289.59,6449.00634765625,6449.00634765625,30392.402000000006,4840.583652343749,0.0,
baseline,q17,q2,1,1666.018,,976.384033203125,,976.384033203125,3009.051,689.633966796875,,9750.239,5646.911865234375,5646.911865234375,25385.272,4103.327134765625,0.0,
baseline,q17,q20,1,4253.097000000001,,3654.424072265625,,3654.424072265625,21697.315000000006,598.6729277343757,,12946.73,8245.006103515625,8245.006103515625,42541.034,4701.7238964843755,0.0,
baseline,q17,q4,1,2550.43,,1846.68505859375,,1846.68505859375,6173.159,703.7449414062498,,11068.699999999999,6390.756103515625,6390.756103515625,28671.187,4677.943896484374,0.0,
baseline,q17,q6,1,2522.4069999999997,,2005.117919921875,,2005.117919921875,6704.336,517.2890800781247,,10811.083,6417.304931640625,6417.304931640625,29873.959000000006,4393.7780683593755,0.0,
baseline,q2,q1,1,3286.4339999999997,,2290.36083984375,,2290.36083984375,7772.488,996.0731601562497,,5375.085999999999,3363.172119140625,3363.172119140625,10474.645,2011.9138808593748,0.0,
baseline,q2,q11,1,1028.453,,808.802978515625,,808.802978515625,2700.0809999999997,219.65002148437497,,2976.575,1886.031494140625,1886.031494140625,5872.101,1090.5435058593748,0.0,
baseline,q2,q12,1,2724.284,,1973.866943359375,,1973.866943359375,7827.553000000001,750.4170566406251,,4681.6,3082.571044921875,3082.571044921875,10556.015000000001,1599.0289550781251,0.0,
baseline,q2,q17,1,7134.112,,5651.9580078125,,5651.9580078125,27287.147999999994,1482.1539921875,,9121.078,6684.175048828125,6684.175048828125,30324.653999999995,2436.9029511718754,0.0,
baseline,q2,q20,1,4430.245,,3615.953125,,3615.953125,19068.943000000003,814.2918749999999,,6438.802,4624.050048828125,4624.050048828125,22024.115,1814.7519511718751,0.0,
baseline,q2,q4,1,2635.025,,1872.41796875,,1872.41796875,7520.921,762.6070312500001,,4622.966,2950.305908203125,2950.305908203125,10670.971000000001,1672.6600917968751,0.0,
baseline,q20,q1,1,2934.4610000000002,,2119.9599609375,,2119.9599609375,7042.737,814.5010390625002,,7531.061,5693.674072265625,5693.674072265625,25488.397,1837.3869277343747,0.0,
baseline,q20,q11,1,1219.811,,851.021240234375,,851.021240234375,2622.3519999999994,368.7897597656249,,5968.965999999999,4548.5771484375,4548.5771484375,21379.366,1420.3888515624997,0.0,
baseline,q20,q12,1,2635.9370000000004,,1956.255859375,,1956.255859375,7533.135000000002,679.6811406250004,,7469.558000000001,5782.61572265625,5782.61572265625,26284.346000000005,1686.9422773437504,0.0,
baseline,q20,q17,1,8568.927,,4371.1240234375,,4371.1240234375,21731.461000000003,4197.8029765625,,13262.986,8030.85107421875,8030.85107421875,40784.307,5232.13492578125,0.0,
baseline,q20,q2,1,1544.89,,1060.8310546875,,1060.8310546875,3149.846,484.0589453125001,,6243.8910000000005,4716.2509765625,4716.2509765625,20989.691000000003,1527.6400234375003,0.0,
baseline,q20,q4,1,2381.463,,1741.235107421875,,1741.235107421875,7464.806000000001,640.2278925781252,,7026.08,5360.164306640625,5360.164306640625,26314.549000000003,1665.9156933593754,0.0,
baseline,q20,q6,1,2452.503,,1946.89794921875,,1946.89794921875,6324.978000000001,505.60505078125016,,7093.507,5538.708740234375,5538.708740234375,24691.212,1554.798259765625,0.0,
baseline,q4,q1,1,2847.369,,2154.090087890625,,2154.090087890625,6669.004999999999,693.2789121093751,,6028.277,4268.074951171875,4268.074951171875,13503.355,1760.202048828125,0.0,
baseline,q4,q11,1,1169.86,,930.201904296875,,930.201904296875,2604.1389999999997,239.6580957031249,,4178.552,2868.802978515625,2868.802978515625,9253.753999999999,1309.749021484375,0.0,
baseline,q4,q12,1,2666.9320000000002,,1987.26708984375,,1987.26708984375,8295.958,679.6649101562502,,5671.876,3865.37890625,3865.37890625,14377.464,1806.4970937500002,0.0,
baseline,q4,q17,1,6775.0199999999995,,4495.041015625,,4495.041015625,20673.150999999998,2279.9789843749995,,9728.481,6289.596923828125,6289.596923828125,27893.769999999997,3438.8840761718743,0.0,
baseline,q4,q2,1,1594.8,,1083.168212890625,,1083.168212890625,3235.041,511.63178710937495,,4542.314,2942.9482421875,2942.9482421875,10630.556,1599.3657578125,0.0,
baseline,q4,q20,1,4250.618,,3583.949951171875,,3583.949951171875,19253.342999999997,666.6680488281254,,6996.138000000001,5204.56591796875,5204.56591796875,25660.339999999997,1791.5720820312504,0.0,
baseline,q4,q6,1,2524.926,,1980.43603515625,,1980.43603515625,6659.424,544.4899648437499,,5473.592,3780.942138671875,3780.942138671875,13123.548999999999,1692.6498613281246,0.0,
baseline,q6,q11,1,1271.37,,985.388916015625,,985.388916015625,2736.282,285.9810839843749,,4171.127,2928.94189453125,2928.94189453125,9212.826000000001,1242.18510546875,0.0,
baseline,q6,q17,1,7879.317,,5977.833984375,,5977.833984375,27485.898,1901.483015625,,10771.004,7966.265869140625,7966.265869140625,33795.032,2804.738130859375,0.0,
baseline,q6,q2,1,1585.297,,986.10693359375,,986.10693359375,2914.19,599.19006640625,,4701.2970000000005,3099.929931640625,3099.929931640625,9889.868,1601.367068359375,0.0,
baseline,q6,q20,1,4353.722000000001,,3608.358154296875,,3608.358154296875,18574.79,745.3638457031257,,7273.4220000000005,5559.0712890625,5559.0712890625,24758.255,1714.350710937501,0.0,
join_reuse,q1,q11,1,1182.606,,1009.717041015625,,1009.717041015625,2680.6189999999997,172.888958984375,,4312.915,3127.199951171875,3127.199951171875,9513.334,1185.7150488281252,0.0,
join_reuse,q1,q12,1,2674.025,,1910.76123046875,,1910.76123046875,7367.148999999999,763.2637695312501,,6128.1849999999995,4163.314208984375,4163.314208984375,14979.412,1964.870791015625,0.0,
join_reuse,q1,q17,1,7974.062,,5968.1650390625,,5968.1650390625,25692.014,2005.8969609375,,11092.815999999999,8095.942138671875,8095.942138671875,32358.667,2996.873861328125,0.0,
join_reuse,q1,q2,1,1595.539,,937.031982421875,,937.031982421875,2659.2889999999998,658.507017578125,,4721.56,3048.365966796875,3048.365966796875,9206.002,1673.1940332031252,0.0,
join_reuse,q1,q20,1,4323.682,,3710.357666015625,,3710.357666015625,18601.161,613.3243339843748,,7431.822,5827.12060546875,5827.12060546875,25171.005,1604.7013945312501,0.0,
join_reuse,q1,q4,1,2308.094,,1616.863037109375,,1616.863037109375,6969.028,691.230962890625,,5437.608,3755.287109375,3755.287109375,13487.794,1682.3208906250002,0.0,
join_reuse,q1,q6,1,2482.735,,1997.18798828125,,1997.18798828125,6534.063999999999,485.5470117187501,,5861.446,4386.9638671875,4386.9638671875,13847.543999999998,1474.4821328125004,0.0,
join_reuse,q11,q1,1,3254.001,,2250.552001953125,,2250.552001953125,7771.425999999999,1003.4489980468752,,4807.618,3230.69482421875,3230.69482421875,10557.762999999999,1576.9231757812502,0.0,0.0
join_reuse,q11,q12,1,2755.1459999999997,,1979.02587890625,,1979.02587890625,8164.1539999999995,776.1201210937497,,4438.889999999999,2893.140625,2893.140625,10866.416,1545.7493749999996,0.0,0.0
join_reuse,q11,q17,1,8027.851999999999,,4820.5791015625,,4820.5791015625,23236.022999999994,3207.272898437499,,9472.314999999999,5746.139892578125,5746.139892578125,25996.475999999995,3726.1751074218737,0.0,0.0
join_reuse,q11,q2,1,1556.203,,1017.919921875,,1017.919921875,2869.152,538.283078125,,2988.9399999999996,1884.346923828125,1884.346923828125,5463.827,1104.5930761718748,0.0,0.0
join_reuse,q11,q20,1,4393.764,,3695.968994140625,,3695.968994140625,19236.295,697.7950058593751,,5866.889,4695.367919921875,4695.367919921875,22038.227,1171.5210800781251,0.0,0.0
join_reuse,q11,q4,1,2362.385,,1628.633056640625,,1628.633056640625,6264.746999999999,733.7519433593752,,3865.889,2600.917236328125,2600.917236328125,9044.207999999999,1264.9717636718751,0.0,0.0
join_reuse,q12,q1,1,2914.453,,2157.969970703125,,2157.969970703125,7076.546000000001,756.483029296875,,5984.278,4128.48193359375,4128.48193359375,14595.064000000002,1855.7960664062498,0.0,0.0
join_reuse,q12,q11,1,1049.493,,835.610107421875,,835.610107421875,2325.07,213.88289257812494,,3994.977,2740.998046875,2740.998046875,9605.693000000001,1253.9789531249999,0.0,0.0
join_reuse,q12,q17,1,7524.342,,6135.033935546875,,6135.033935546875,27053.094000000005,1389.3080644531246,,10623.153999999999,8104.047119140625,8104.047119140625,35084.883,2519.1068808593745,0.0,0.0
join_reuse,q12,q2,1,1552.48,,1003.649169921875,,1003.649169921875,2768.9069999999997,548.830830078125,,4548.024,2930.941162109375,2930.941162109375,10470.582,1617.0828378906253,0.0,0.0
join_reuse,q12,q20,1,4304.705,,3741.38720703125,,3741.38720703125,20437.98,563.3177929687499,,7333.067,5660.756103515625,5660.756103515625,28416.424,1672.310896484375,0.0,0.0
join_reuse,q12,q4,1,2360.509,,1748.4560546875,,1748.4560546875,7886.824000000001,612.0529453125,,5460.071,3742.57421875,3742.57421875,16190.245000000003,1717.4967812500004,0.0,0.0
join_reuse,q12,q6,1,2410.704,,1945.056884765625,,1945.056884765625,6752.787,465.6471152343752,,5451.751,3901.59375,3901.59375,14651.506,1550.1572500000002,0.0,0.0
join_reuse,q17,q1,1,2935.438,,2169.10888671875,,2169.10888671875,7190.09,766.3291132812501,,10402.805,6911.763916015625,6911.763916015625,29652.550000000003,3491.0410839843753,0.0,0.0
join_reuse,q17,q11,1,1170.05,,804.968017578125,,804.968017578125,2614.158,365.08198242187495,,9183.925000000001,5426.89208984375,5426.89208984375,25998.838999999996,3757.032910156251,0.0,0.0
join_reuse,q17,q12,1,2634.169,,1936.798095703125,,1936.798095703125,8323.951,697.3709042968749,,11133.924,7314.980224609375,7314.980224609375,35103.056000000004,3818.943775390626,0.0,0.0
join_reuse,q17,q2,1,1645.953,,951.712158203125,,951.712158203125,2727.052,694.240841796875,,9644.231,5548.147216796875,5548.147216796875,23270.370000000003,4096.083783203125,0.0,0.0
join_reuse,q17,q20,1,4349.799,,3702.27490234375,,3702.27490234375,19471.721,647.52409765625,,12268.248,8362.6689453125,8362.6689453125,41344.765999999996,3905.5790546874996,0.0,0.0
join_reuse,q17,q4,1,2371.8219999999997,,1657.26708984375,,1657.26708984375,7425.207,714.5549101562497,,11193.429,6493.136962890625,6493.136962890625,30526.463000000003,4700.292037109375,0.0,0.0
join_reuse,q17,q6,1,2382.04,,1913.73291015625,,1913.73291015625,6497.165,468.30708984374996,,11062.505999999998,6754.572998046875,6754.572998046875,31285.627000000004,4307.9330019531235,0.0,0.0
join_reuse,q2,q1,1,3263.49,,2274.546142578125,,2274.546142578125,7913.521000000001,988.9438574218748,,5299.16,3321.040283203125,3321.040283203125,11035.469000000001,1978.1197167968749,0.0,0.0
join_reuse,q2,q11,1,1078.816,,850.281005859375,,850.281005859375,2603.457,228.53499414062503,,3028.744,1891.305908203125,1891.305908203125,5623.591,1137.4380917968751,0.0,0.0
join_reuse,q2,q12,1,2772.6530000000002,,1961.802978515625,,1961.802978515625,7580.964999999998,810.8500214843752,,4710.478,3067.400146484375,3067.400146484375,10487.338999999998,1643.077853515625,0.0,0.0
join_reuse,q2,q17,1,8804.624,,4520.402099609375,,4520.402099609375,21018.199,4284.221900390625,,10763.728,5550.61083984375,5550.61083984375,23877.105,5213.11716015625,0.0,0.0
join_reuse,q2,q20,1,4329.437000000001,,3623.219970703125,,3623.219970703125,18189.487999999994,706.2170292968758,,6267.293000000001,4731.326171875,4731.326171875,21190.731999999993,1535.9668281250008,0.0,0.0
join_reuse,q2,q4,1,2513.959,,1816.364990234375,,1816.364990234375,5714.303,697.5940097656248,,4473.112999999999,2812.9541015625,2812.9541015625,8392.49,1660.1588984374998,0.0,0.0
join_reuse,q2,q6,1,2479.1629999999996,,1922.73095703125,,1922.73095703125,6766.367,556.4320429687496,,4507.1539999999995,3014.776123046875,3014.776123046875,9741.305,1492.3778769531245,0.0,0.0
join_reuse,q20,q1,1,2766.9480000000003,,2108.77294921875,,2108.77294921875,6749.042999999999,658.1750507812503,,7456.454,5752.22705078125,5752.22705078125,25746.302,1704.2269492187497,0.0,0.0
join_reuse,q20,q11,1,1059.01,,861.135986328125,,861.135986328125,2600.656,197.874013671875,,5713.219,4485.92529296875,4485.92529296875,21583.295000000002,1227.2937070312498,0.0,0.0
join_reuse,q20,q12,1,2622.5,,1953.45703125,,1953.45703125,7577.535,669.04296875,,7308.013,5589.230224609375,5589.230224609375,27374.327999999998,1718.782775390625,0.0,0.0
join_reuse,q20,q17,1,7427.702,,5401.544921875,,5401.544921875,23809.802000000003,2026.1570781250002,,12056.999,9013.059814453125,9013.059814453125,42184.278000000006,3043.9391855468757,0.0,0.0
join_reuse,q20,q2,1,1482.4109999999998,,1000.9306640625,,1000.9306640625,2887.74,481.48033593749983,,6106.967000000001,4603.9873046875,4603.9873046875,20782.117,1502.9796953125003,0.0,0.0
join_reuse,q20,q4,1,2276.581,,1721.10498046875,,1721.10498046875,7584.722000000001,555.4760195312501,,6968.339,5349.81005859375,5349.81005859375,26215.594000000005,1618.52894140625,0.0,0.0
join_reuse,q20,q6,1,2470.527,,1949.905029296875,,1949.905029296875,6830.770000000001,520.621970703125,,7121.0470000000005,5537.035888671875,5537.035888671875,25424.631999999998,1584.0111113281255,0.0,0.0
join_reuse,q4,q1,1,2807.4,,2151.5830078125,,2151.5830078125,7051.344,655.8169921875001,,5815.768,4069.080078125,4069.080078125,14006.692,1746.687921875,0.0,0.0
join_reuse,q4,q11,1,1151.4450000000002,,932.6640625,,932.6640625,2712.562,218.78093750000016,,3997.8540000000003,2764.674072265625,2764.674072265625,9887.196,1233.1799277343753,0.0,0.0
join_reuse,q4,q12,1,2612.635,,1926.114013671875,,1926.114013671875,7642.441,686.5209863281252,,5427.266,3703.87890625,3703.87890625,13335.492999999999,1723.38709375,0.0,0.0
join_reuse,q4,q17,1,8490.401,,4751.35205078125,,4751.35205078125,23401.486999999997,3739.04894921875,,11445.553,6622.06396484375,6622.06396484375,29802.123,4823.48903515625,0.0,0.0
join_reuse,q4,q2,1,1584.383,,1042.014892578125,,1042.014892578125,2987.21,542.368107421875,,4407.610000000001,2768.831787109375,2768.831787109375,10086.669999999998,1638.7782128906254,0.0,0.0
join_reuse,q4,q20,1,4184.705,,3578.337158203125,,3578.337158203125,18755.55,606.3678417968749,,7110.467000000001,5480.80712890625,5480.80712890625,25986.589,1629.65987109375,0.0,0.0
join_reuse,q6,q1,1,2696.417,,2110.1630859375,,2110.1630859375,6754.476000000001,586.2539140624999,,5534.886,4068.10009765625,4068.10009765625,13875.902000000002,1466.78590234375,0.0,
join_reuse,q6,q2,1,1564.587,,976.552978515625,,976.552978515625,2662.603,588.034021484375,,4517.402,3017.4130859375,3017.4130859375,9480.677,1499.9889140625,0.0,
join_reuse,q6,q4,1,2392.756,,1661.47509765625,,1661.47509765625,5701.444999999999,731.2809023437499,,5288.5419999999995,3635.93310546875,3635.93310546875,11741.558999999997,1652.60889453125,0.0,
