condition,previous_query,second_query,repeats_completed,second_total_ms_mean,second_total_ms_std,second_load_ms_mean,second_load_ms_std,second_scan_materialize_wall_ms_mean,second_scan_materialize_work_ms_mean,second_scan_uncompressed_gb_mean,second_computation_ms_mean,second_computation_ms_std,second_fixed_page_cached_gb_mean,second_fixed_page_reuse_split_count_mean,second_fixed_page_materialize_view_count_mean,second_fixed_page_fallback_count_mean,second_cache_column_view_ms_mean,second_cache_column_materialize_ms_mean,second_splice_view_build_ms_mean,second_splice_materialize_ms_mean,second_post_filter_select_ms_mean,second_inline_assembly_ms_mean,second_post_filter_project_assembly_ms_mean,second_assembly_ms_mean,second_fixed_page_extra_stage_ms_mean,pair_total_ms_mean,pair_load_ms_mean,pair_computation_ms_mean
baseline,q21,q18,1,3858.122,,2677.337158203125,,2677.337158203125,9614.445999999998,14.798397393,1180.7848417968748,,0.0,0.0,0.0,0.0,0.0,0.0,0.0,0.0,0.0,0.0,0.0,0.0,0.0,13906.124999999998,9922.811279296875,3983.3137207031236
baseline,q3,q5,1,6150.168,,3964.780029296875,,3964.780029296875,18706.33,17.242824098,2185.3879707031247,,0.0,0.0,0.0,0.0,0.0,0.0,0.0,0.0,0.0,2.9189999999999996,0.0,2.9189999999999996,0.0,10256.703,7203.235107421875,3053.4678925781245
baseline,q5,q21,1,9709.761999999999,,7180.290771484375,,7180.290771484375,40956.339,33.840390873,2529.471228515624,,0.0,0.0,0.0,0.0,0.0,0.0,0.0,0.0,0.0,0.021,0.0,0.021,0.0,16058.642,11421.32666015625,4637.315339843749
baseline,q7,q8,1,8791.786,,5516.18701171875,,5516.18701171875,22448.74,22.440736602,3275.59898828125,,0.0,0.0,0.0,0.0,0.0,0.0,0.0,0.0,0.0,0.012,0.0,0.012,0.0,14132.904999999999,9654.361083984375,4478.543916015625
paging_budget,q21,q18,1,2792.32,,1359.06201171875,,1359.06201171875,3029.8119999999994,2.677412513,1433.2579882812502,,12.120606432,26.0,26.0,0.0,0.06000000000000003,0.0,0.4240000000000002,0.0,0.0,0.0,0.0,0.0,0.4240000000000002,12414.459,6915.44287109375,5499.016128906251
paging_budget,q3,q5,1,7584.228999999999,,3492.782958984375,,3492.782958984375,13494.539000000004,9.904204486,4091.4460410156244,,7.200303436,35.0,35.0,0.0,205.08599999999996,0.0,205.62599999999998,0.0,22.066000000000003,0.0,0.049,0.049,205.62599999999998,10624.119999999999,5449.01025390625,5175.109746093749
paging_budget,q5,q21,1,8820.882,,5419.48095703125,,5419.48095703125,24172.068,18.230363666,3401.4010429687496,,15.612909748,55.0,55.0,0.0,167.655,0.0,168.525,0.0,88.926,0.0,0.035,0.035,168.525,16513.055,9173.146240234375,7339.908759765625
paging_budget,q7,q8,1,9899.720000000001,,5931.777099609375,,5931.777099609375,18498.297,15.102116865,3967.942900390626,,7.200303336,44.0,44.0,0.0,143.41000000000003,0.0,144.02399999999997,0.0,30.785000000000004,0.004,0.003,0.007,144.02399999999997,14213.227000000003,8988.90625,5224.320750000002
paging_key_only,q21,q18,1,2978.084,,1722.20703125,,1722.20703125,4632.030999999999,3.997454053,1255.8769687499998,,10.800606432,27.0,27.0,0.0,14.588000000000003,0.0,14.909,0.0,0.0,0.0,0.0,0.0,14.909,11727.224999999999,7547.9931640625,4179.231835937499
paging_key_only,q3,q5,1,7604.246,,3960.209716796875,,3960.209716796875,14870.322999999995,11.242333549,3644.036283203125,,6.000303216,31.0,31.0,0.0,98.069,0.0,98.579,0.0,26.604,0.004,0.009000000000000001,0.013000000000000001,98.579,11036.082,6265.501708984375,4770.580291015625
paging_key_only,q5,q21,1,8452.697,,5569.203369140625,,5569.203369140625,27230.888,18.238994742,2883.493630859375,,15.600909648,51.0,51.0,0.0,189.63799999999998,0.0,190.23099999999994,0.0,47.152,0.003,0.396,0.399,190.23099999999994,16680.239,9409.429443359375,7270.809556640625
paging_key_only,q7,q8,1,9879.31,,5854.004150390625,,5854.004150390625,18447.983,16.440246053,4025.3058496093745,,6.000303216,42.0,42.0,0.0,173.36800000000002,0.0,174.00700000000003,0.0,30.513,0.011,0.0,0.011,174.00700000000003,14656.279999999999,9582.46142578125,5073.81857421875
