experiment,query,table,target_gpu,count,compressed_bytes,uncompressed_bytes,column_compressed_bytes,column_uncompressed_bytes,output_rows,duration_us
q2_then_q16,q16,part,1,1,128079122,208459611,128079122,208459611,20000000,76980
q2_then_q16,q16,partsupp,0,1,74490333,206898456,74490333,206898456,12930743,128438
q2_then_q16,q16,partsupp,2,1,193210456,536724464,193210456,536724464,33544225,137164
q2_then_q16,q16,partsupp,3,1,193096655,536417376,193096655,536417376,33525032,196349
q2_then_q16,q16,supplier,0,1,28126194,8000279,28126194,74496198,1000000,99406
q2_then_q16,q2,nation,0,1,478,582,478,582,25,3258
q2_then_q16,q2,nation,1,1,205,280,205,280,25,4858
q2_then_q16,q2,part,0,1,123064951,167608651,123064951,203424808,20000000,84049
q2_then_q16,q2,partsupp,0,2,457503786,1071518994,457503786,1071518994,44645222,707478
q2_then_q16,q2,partsupp,1,2,457131998,1070656338,457131998,1070656338,44609278,670025
q2_then_q16,q2,partsupp,2,2,267552290,626593794,267552290,626593794,26107246,693545
q2_then_q16,q2,partsupp,3,2,457429480,1071351762,457429480,1071351762,44638254,587671
q2_then_q16,q2,region,1,1,119,43,119,120,1,38225
q2_then_q16,q2,region,2,1,119,43,119,120,1,6932
q2_then_q16,q2,supplier,2,1,4634103,8630951,4634103,8630951,1000000,20858
q2_then_q16,q2,supplier,3,1,79089035,153125306,79089035,153125306,1000000,131176
