experiment,query,stage_kind,operator_name,operator_id,events,input_bytes,output_bytes,input_gb,output_gb,input_rows,output_rows,input_batches,output_batches,byte_ratio,row_ratio,duration_us,duration_ms
q1,q1,AGGREGATE,HASH_GROUP_BY,8,12,21191084892,8448,21.191084892,8.448e-06,315695806,48,12,12,3.986582113683696e-07,1.52045098755604e-07,981793,981.793
q1,q1,AGGREGATE,MERGE_GROUP_BY,13,1,8448,432,8.448e-06,4.32e-07,48,4,12,1,0.05113636363636364,0.08333333333333333,8968,8.968
q1,q1,PARTITION,PARTITION,12,12,8448,8448,8.448e-06,8.448e-06,48,48,12,12,1.0,1.0,204,0.204
q1,q1,PROJECTION,PROJECTION,6,12,13495998348,16061027196,13.495998348,16.061027196,315695806,315695806,12,12,1.190058473768272,1.0,498515,498.515
q1,q1,PROJECTION,PROJECTION,7,12,16061027196,21191084892,16.061027196,21.191084892,315695806,315695806,12,12,1.3194103112706042,1.0,305558,305.558
q1,q1,RESULT,RESULT_COLLECTOR,10,1,432,432,4.32e-07,4.32e-07,4,4,1,1,1.0,1.0,6,0.006
q1,q1,SCAN,GPU_SCAN,11,12,0,13495998348,0.0,13.495998348,0,315695806,0,12,,,25458297,25458.297
q1,q1,SORT,MERGE_SORT,16,1,456,432,4.56e-07,4.32e-07,4,4,4,1,0.9473684210526315,1.0,9355,9.355
q1,q1,SORT,ORDER_BY,9,1,432,432,4.32e-07,4.32e-07,4,4,1,1,1.0,1.0,6063,6.063
q1,q1,SORT,SORT_PARTITION,15,1,432,456,4.32e-07,4.56e-07,4,4,1,4,1.0555555555555556,1.0,2576,2.576
q1,q1,SORT,SORT_SAMPLE,14,1,432,432,4.32e-07,4.32e-07,4,4,1,1,1.0,1.0,2743,2.743
q10,q10,AGGREGATE,HASH_GROUP_BY,19,12,2086412925,737566923,2.086412925,0.737566923,11477605,3886456,12,12,0.3535095637887692,0.3386121059227949,735167,735.167
q10,q10,AGGREGATE,MERGE_GROUP_BY,40,4,737571483,736691563,0.737571483,0.736691563,3886456,3886456,48,4,0.9988070037680673,1.0,140593,140.593
q10,q10,CONCAT,CONCAT,24,1,509,509,5.09e-07,5.09e-07,25,25,1,1,1.0,1.0,1,0.001
q10,q10,CONCAT,CONCAT,27,4,91798768,91798768,0.091798768,0.091798768,5737423,5737423,20,4,1.0,1.0,29989,29.989
q10,q10,CONCAT,CONCAT,30,12,3553614264,3553614264,3.553614264,3.553614264,148067261,148067261,76,12,1.0,1.0,34829,34.829
q10,q10,CONCAT,CONCAT,32,4,275462520,275462520,0.27546252,0.27546252,11477605,11477605,48,4,1.0,1.0,22517,22.517
q10,q10,CONCAT,CONCAT,35,5,2510394387,2510394387,2.510394387,2.510394387,15000000,15000000,5,5,1.0,1.0,5,0.005
q10,q10,CONCAT,CONCAT,37,12,2612842609,2606842129,2.612842609,2.606842129,15000000,15000000,20,12,0.9977034667226677,1.0,143779,143.779
q10,q10,JOIN,HASH_JOIN,13,5,2510394896,2616590149,2.510394896,2.616590149,15000025,15000000,6,5,1.0423022103690573,0.9999983333361111,269447,269.447
q10,q10,JOIN,HASH_JOIN,16,12,3829010568,275462520,3.829010568,0.27546252,165279530,11477605,24,12,0.07194091400585552,0.06944359655427385,273613,273.613
q10,q10,JOIN,HASH_JOIN,17,12,3433229689,2178233765,3.433229689,2.178233765,49432815,11477605,24,12,0.6344561716855175,0.23218594773532522,366303,366.303
q10,q10,LIMIT,MERGE_TOP_N,41,1,15159,3713,1.5159e-05,3.713e-06,80,20,4,1,0.244937001121446,0.25,4868,4.868
q10,q10,LIMIT,TOP_N,21,4,736691563,15159,0.736691563,1.5159e-05,3886456,80,4,4,2.0577132631013993e-05,2.058430611333307e-05,69899,69.899
q10,q10,PARTITION,PARTITION,25,1,509,509,5.09e-07,5.09e-07,25,25,1,1,1.0,1.0,0,0.0
q10,q10,PARTITION,PARTITION,28,5,93233520,91798768,0.09323352,0.091798768,5737423,5737423,5,20,0.9846111999203719,1.0,82134,82.134
q10,q10,PARTITION,PARTITION,31,19,3609141432,3553614264,3.609141432,3.553614264,148067261,148067261,19,76,0.9846148539628635,1.0,155416,155.416
q10,q10,PARTITION,PARTITION,33,12,275462520,275462520,0.27546252,0.27546252,11477605,11477605,12,48,1.0,1.0,159813,159.813
q10,q10,PARTITION,PARTITION,36,5,2510394387,2510394387,2.510394387,2.510394387,15000000,15000000,5,5,1.0,1.0,15,0.015
q10,q10,PARTITION,PARTITION,38,5,2616590149,2612842609,2.616590149,2.612842609,15000000,15000000,5,20,0.9985677772266198,1.0,348924,348.924
q10,q10,PARTITION,PARTITION,39,12,737566923,737571483,0.737566923,0.737571483,3886456,3886456,12,48,1.0000061824898294,1.0,780208,780.208
q10,q10,PROJECTION,PROJECTION,18,12,2178233765,2086412925,2.178233765,2.086412925,11477605,11477605,12,12,0.95784619563089,1.0,124988,124.988
q10,q10,PROJECTION,PROJECTION,20,4,736691563,736691563,0.736691563,0.736691563,3886456,3886456,4,4,1.0,1.0,6028,6.028
q10,q10,RESULT,RESULT_COLLECTOR,22,1,3713,3713,3.713e-06,3.713e-06,20,20,1,1,1.0,1.0,2,0.002
q10,q10,SCAN,GPU_SCAN,23,1,0,509,0.0,5.09e-07,0,25,0,1,,,36201,36.201
q10,q10,SCAN,GPU_SCAN,26,5,0,93233520,0.0,0.09323352,0,5737423,0,5,,,2806452,2806.452
q10,q10,SCAN,GPU_SCAN,29,19,0,3609141432,0.0,3.609141432,0,148067261,0,19,,,19611507,19611.507
q10,q10,SCAN,GPU_SCAN,34,5,0,2510394387,0.0,2.510394387,0,15000000,0,5,,,3358326,3358.326
q11,q11,AGGREGATE,HASH_GROUP_BY,27,4,77687552,72781512,0.077687552,0.072781512,3203600,3016843,4,4,0.936849084908738,0.9417040204769634,55624,55.624
q11,q11,AGGREGATE,MERGE_AGGREGATE,59,1,48,16,4.8e-08,1.6e-08,3,1,3,1,0.3333333333333333,0.3333333333333333,881,0.881
q11,q11,AGGREGATE,MERGE_AGGREGATE,60,1,24,24,2.4e-08,2.4e-08,1,1,1,1,1.0,1.0,3,0.003
q11,q11,AGGREGATE,MERGE_GROUP_BY,53,4,72404232,72404232,0.072404232,0.072404232,3016843,3016843,16,4,1.0,1.0,168592,168.592
q11,q11,AGGREGATE,UNGROUPED_AGGREGATE,32,3,51658176,48,0.051658176,4.8e-08,3203600,3,3,3,9.291849561238864e-07,9.364464976900986e-07,23733,23.733
q11,q11,AGGREGATE,UNGROUPED_AGGREGATE,34,1,16,24,1.6e-08,2.4e-08,1,1,1,1,1.5,1.0,3407,3.407
q11,q11,CONCAT,CONCAT,42,1,68,68,6.8e-08,6.8e-08,1,1,1,1,1.0,1.0,0,0.0
q11,q11,CONCAT,CONCAT,45,1,12250112,12250112,0.012250112,0.012250112,1000000,1000000,1,1,1.0,1.0,5,0.005
q11,q11,CONCAT,CONCAT,47,1,655888,655888,0.000655888,0.000655888,40045,40045,1,1,1.0,1.0,2,0.002
q11,q11,CONCAT,CONCAT,50,4,2600000256,2600000256,2.600000256,2.600000256,80000000,80000000,4,4,1.0,1.0,11,0.011
q11,q11,CONCAT,CONCAT,54,1,655888,655888,0.000655888,0.000655888,40045,40045,1,1,1.0,1.0,3,0.003
q11,q11,CONCAT,CONCAT,57,3,1950000192,1950000192,1.950000192,1.950000192,80000000,80000000,3,3,1.0,1.0,4,0.004
q11,q11,CONCAT,CONCAT,61,1,16,16,1.6e-08,1.6e-08,1,1,1,1,1.0,1.0,0,0.0
q11,q11,CONCAT,CONCAT,63,1,72404232,72404232,0.072404232,0.072404232,3016843,3016843,4,1,1.0,1.0,1618,1.618
q11,q11,CTE,CTE,37,1,655888,655888,0.000655888,0.000655888,40045,40045,1,1,1.0,1.0,0,0.0
q11,q11,JOIN,HASH_JOIN,22,1,12250180,655888,0.01225018,0.000655888,1000001,40045,2,1,0.05354109082478788,0.040044959955040045,10753,10.753
q11,q11,JOIN,HASH_JOIN,25,4,2600656144,130547456,2.600656144,0.130547456,80040045,3203600,5,4,0.05019789190554366,0.04002496500345546,92854,92.854
q11,q11,JOIN,HASH_JOIN,30,3,1950656080,104518080,1.95065608,0.10451808,80040045,3203600,4,3,0.05358098799251173,0.04002496500345546,41867,41.867
q11,q11,JOIN,NESTED_LOOP_JOIN,36,1,72404248,0,0.072404248,0.0,3016844,0,2,1,0.0,0.0,20779,20.779
q11,q11,PARTITION,PARTITION,43,1,68,68,6.8e-08,6.8e-08,1,1,1,1,1.0,1.0,3,0.003
q11,q11,PARTITION,PARTITION,46,1,12250112,12250112,0.012250112,0.012250112,1000000,1000000,1,1,1.0,1.0,3,0.003
q11,q11,PARTITION,PARTITION,48,1,655888,655888,0.000655888,0.000655888,40045,40045,1,1,1.0,1.0,3,0.003
q11,q11,PARTITION,PARTITION,51,4,2600000256,2600000256,2.600000256,2.600000256,80000000,80000000,4,4,1.0,1.0,10,0.01
q11,q11,PARTITION,PARTITION,52,4,72781512,72404232,0.072781512,0.072404232,3016843,3016843,4,16,0.994816265976997,1.0,37239,37.239
q11,q11,PARTITION,PARTITION,55,1,655888,655888,0.000655888,0.000655888,40045,40045,1,1,1.0,1.0,3,0.003
q11,q11,PARTITION,PARTITION,58,3,1950000192,1950000192,1.950000192,1.950000192,80000000,80000000,3,3,1.0,1.0,11,0.011
q11,q11,PARTITION,PARTITION,62,1,16,16,1.6e-08,1.6e-08,1,1,1,1,1.0,1.0,1,0.001
q11,q11,PARTITION,PARTITION,64,4,72404232,72404232,0.072404232,0.072404232,3016843,3016843,4,4,1.0,1.0,23,0.023
q11,q11,PROJECTION,PROJECTION,26,4,130547456,77687552,0.130547456,0.077687552,3203600,3203600,4,4,0.5950905086959335,1.0,37019,37.019
q11,q11,PROJECTION,PROJECTION,31,3,104518080,51658176,0.10451808,0.051658176,3203600,3203600,3,3,0.49425109990539434,1.0,9236,9.236
q11,q11,PROJECTION,PROJECTION,33,1,16,16,1.6e-08,1.6e-08,1,1,1,1,1.0,1.0,320,0.32
q11,q11,PROJECTION,PROJECTION,35,1,24,16,2.4e-08,1.6e-08,1,1,1,1,0.6666666666666666,1.0,5184,5.184
q11,q11,PROJECTION,PROJECTION,38,1,0,0,0.0,0.0,0,0,1,1,,,8,0.008
q11,q11,RESULT,RESULT_COLLECTOR,40,1,0,0,0.0,0.0,0,0,1,1,,,0,0.0
q11,q11,SCAN,GPU_SCAN,41,1,0,68,0.0,6.8e-08,0,1,0,1,,,34915,34.915
q11,q11,SCAN,GPU_SCAN,44,1,0,12250112,0.0,0.012250112,0,1000000,0,1,,,22371,22.371
q11,q11,SCAN,GPU_SCAN,49,4,0,2600000256,0.0,2.600000256,0,80000000,0,4,,,2629492,2629.492
q11,q11,SCAN,GPU_SCAN,56,3,0,1950000192,0.0,1.950000192,0,80000000,0,3,,,1704299,1704.299
q11,q11,SORT,MERGE_SORT,67,1,0,0,0.0,0.0,0,0,1,1,,,6,0.006
q11,q11,SORT,ORDER_BY,39,1,0,0,0.0,0.0,0,0,1,1,,,9,0.009
q11,q11,SORT,SORT_PARTITION,66,1,0,0,0.0,0.0,0,0,1,1,,,4,0.004
q11,q11,SORT,SORT_SAMPLE,65,1,0,0,0.0,0.0,0,0,1,1,,,15,0.015
q12,q12,AGGREGATE,HASH_GROUP_BY,14,3,56094055,168,0.056094055,1.68e-07,3116283,6,3,3,2.9949697877965857e-06,1.9253707060623184e-06,36009,36.009
q12,q12,AGGREGATE,MERGE_GROUP_BY,24,1,168,56,1.68e-07,5.6e-08,6,2,3,1,0.3333333333333333,0.3333333333333333,2297,2.297
q12,q12,CONCAT,CONCAT,18,1,56874007,56094047,0.056874007,0.056094047,3116283,3116283,15,1,0.9862861781481301,1.0,3170,3.17
q12,q12,CONCAT,CONCAT,21,3,3097524976,3097524976,3.097524976,3.097524976,150000000,150000000,3,3,1.0,1.0,7,0.007
q12,q12,FILTER,FILTER,10,15,2562376253,95439259,2.562376253,0.095439259,88630335,3116283,15,15,0.03724638756242798,0.03516045606732729,192877,192.877
q12,q12,JOIN,HASH_JOIN,12,3,3153619023,70191077,3.153619023,0.070191077,153116283,3116283,4,3,0.022257310248347015,0.020352394526191576,220140,220.14
q12,q12,PARTITION,PARTITION,19,15,56874007,56874007,0.056874007,0.056874007,3116283,3116283,15,15,1.0,1.0,105,0.105
q12,q12,PARTITION,PARTITION,22,3,3097524976,3097524976,3.097524976,3.097524976,150000000,150000000,3,3,1.0,1.0,14,0.014
q12,q12,PARTITION,PARTITION,23,3,168,168,1.68e-07,1.68e-07,6,6,3,3,1.0,1.0,18,0.018
q12,q12,PROJECTION,PROJECTION,11,15,95439259,56874007,0.095439259,0.056874007,3116283,3116283,15,15,0.5959183631130246,1.0,37525,37.525
q12,q12,PROJECTION,PROJECTION,13,3,70191077,56094055,0.070191077,0.056094055,3116283,3116283,3,3,0.7991621926530633,1.0,12090,12.09
q12,q12,RESULT,RESULT_COLLECTOR,16,1,56,56,5.6e-08,5.6e-08,2,2,1,1,1.0,1.0,1,0.001
q12,q12,SCAN,GPU_SCAN,17,15,0,2562376253,0.0,2.562376253,0,88630335,0,15,,,15857613,15857.613
q12,q12,SCAN,GPU_SCAN,20,3,0,3097524976,0.0,3.097524976,0,150000000,0,3,,,825377,825.377
q12,q12,SORT,MERGE_SORT,27,1,60,56,6e-08,5.6e-08,2,2,2,1,0.9333333333333333,1.0,6307,6.307
q12,q12,SORT,ORDER_BY,15,1,56,56,5.6e-08,5.6e-08,2,2,1,1,1.0,1.0,4727,4.727
q12,q12,SORT,SORT_PARTITION,26,1,56,60,5.6e-08,6e-08,2,2,1,2,1.0714285714285714,1.0,2505,2.505
q12,q12,SORT,SORT_SAMPLE,25,1,56,56,5.6e-08,5.6e-08,2,2,1,1,1.0,1.0,490,0.49
q13,q13,AGGREGATE,HASH_GROUP_BY,12,4,2473293664,240000000,2.473293664,0.24,153382546,15000000,4,4,0.09703659678319541,0.09779469953510878,203937,203.937
q13,q13,AGGREGATE,HASH_GROUP_BY,14,4,120000000,2800,0.12,2.8e-06,15000000,175,4,4,2.3333333333333332e-05,1.1666666666666666e-05,52337,52.337
q13,q13,AGGREGATE,MERGE_GROUP_BY,24,4,240000000,240000000,0.24,0.24,15000000,15000000,16,4,1.0,1.0,52498,52.498
q13,q13,AGGREGATE,MERGE_GROUP_BY,26,1,2800,720,2.8e-06,7.2e-07,175,45,4,1,0.2571428571428571,0.2571428571428571,1257,1.257
q13,q13,CONCAT,CONCAT,18,4,120000000,120000000,0.12,0.12,15000000,15000000,4,4,1.0,1.0,0,0.0
q13,q13,CONCAT,CONCAT,21,4,2374117808,2374117808,2.374117808,2.374117808,148382363,148382363,20,4,1.0,1.0,26095,26.095
q13,q13,JOIN,HASH_JOIN,10,4,2494117808,2473293664,2.494117808,2.473293664,163382363,153382546,8,4,0.9916506975198984,0.9387950032281024,359465,359.465
q13,q13,PARTITION,PARTITION,19,1,121875008,120000000,0.121875008,0.12,15000000,15000000,1,4,0.9846153199842251,1.0,12010,12.01
q13,q13,PARTITION,PARTITION,22,5,2411213872,2374117808,2.411213872,2.374117808,148382363,148382363,5,20,0.9846151913644929,1.0,52356,52.356
q13,q13,PARTITION,PARTITION,23,4,240000000,240000000,0.24,0.24,15000000,15000000,4,16,1.0,1.0,45668,45.668
q13,q13,PARTITION,PARTITION,25,4,2800,2800,2.8e-06,2.8e-06,175,175,4,4,1.0,1.0,19,0.019
q13,q13,PROJECTION,PROJECTION,11,4,2473293664,2473293664,2.473293664,2.473293664,153382546,153382546,4,4,1.0,1.0,14682,14.682
q13,q13,PROJECTION,PROJECTION,13,4,240000000,120000000,0.24,0.12,15000000,15000000,4,4,0.5,1.0,858,0.858
q13,q13,RESULT,RESULT_COLLECTOR,16,1,720,720,7.2e-07,7.2e-07,45,45,1,1,1.0,1.0,1,0.001
q13,q13,SCAN,GPU_SCAN,17,1,0,121875008,0.0,0.121875008,0,15000000,0,1,,,64283,64.283
q13,q13,SCAN,GPU_SCAN,20,5,0,2411213872,0.0,2.411213872,0,148382363,0,5,,,9074181,9074.181
q13,q13,SORT,MERGE_SORT,29,1,720,720,7.2e-07,7.2e-07,45,45,1,1,1.0,1.0,6,0.006
q13,q13,SORT,ORDER_BY,15,1,720,720,7.2e-07,7.2e-07,45,45,1,1,1.0,1.0,4783,4.783
q13,q13,SORT,SORT_PARTITION,28,1,720,720,7.2e-07,7.2e-07,45,45,1,1,1.0,1.0,1,0.001
q13,q13,SORT,SORT_SAMPLE,27,1,720,720,7.2e-07,7.2e-07,45,45,1,1,1.0,1.0,4,0.004
q14,q14,AGGREGATE,MERGE_AGGREGATE,19,1,128,32,1.28e-07,3.2e-08,4,1,4,1,0.25,0.25,1665,1.665
q14,q14,AGGREGATE,UNGROUPED_AGGREGATE,10,4,123765680,128,0.12376568,1.28e-07,7735355,4,4,4,1.0342123923207145e-06,5.171061961603572e-07,90272,90.272
q14,q14,CONCAT,CONCAT,14,4,654499266,654499266,0.654499266,0.654499266,20000000,20000000,4,4,1.0,1.0,4,0.004
q14,q14,CONCAT,CONCAT,17,4,185648520,185648520,0.18564852,0.18564852,7735355,7735355,76,4,1.0,1.0,23744,23.744
q14,q14,JOIN,HASH_JOIN,8,4,840147786,315026296,0.840147786,0.315026296,27735355,7735355,8,4,0.3749653349678648,0.27889871970270436,61342,61.342
q14,q14,PARTITION,PARTITION,15,1,656999222,654499266,0.656999222,0.654499266,20000000,20000000,1,4,0.9961948874271269,1.0,31821,31.821
q14,q14,PARTITION,PARTITION,18,19,188550984,185648520,0.188550984,0.18564852,7735355,7735355,19,76,0.9846064765167176,1.0,146699,146.699
q14,q14,PROJECTION,PROJECTION,11,1,32,8,3.2e-08,8e-09,1,1,1,1,0.25,1.0,3351,3.351
q14,q14,PROJECTION,PROJECTION,9,4,315026296,123765680,0.315026296,0.12376568,7735355,7735355,4,4,0.3928741237525137,1.0,42054,42.054
q14,q14,RESULT,RESULT_COLLECTOR,12,1,8,8,8e-09,8e-09,1,1,1,1,1.0,1.0,3,0.003
q14,q14,SCAN,GPU_SCAN,13,1,0,656999222,0.0,0.656999222,0,20000000,0,1,,,89211,89.211
q14,q14,SCAN,GPU_SCAN,16,19,0,188550984,0.0,0.188550984,0,7735355,0,19,,,30507366,30507.366
q15,q15,AGGREGATE,HASH_GROUP_BY,17,19,372872496,319401624,0.372872496,0.319401624,22945907,13239417,19,19,0.856597435923512,0.5769838167652296,277338,277.338
q15,q15,AGGREGATE,MERGE_AGGREGATE,37,1,64,16,6.4e-08,1.6e-08,4,1,4,1,0.25,0.25,1139,1.139
q15,q15,AGGREGATE,MERGE_AGGREGATE,38,1,24,24,2.4e-08,2.4e-08,1,1,1,1,1.0,1.0,17,0.017
q15,q15,AGGREGATE,MERGE_GROUP_BY,36,4,317746008,24000000,0.317746008,0.024,13239417,1000000,76,4,0.07553202682565252,0.07553202682565252,72094,72.094
q15,q15,AGGREGATE,UNGROUPED_AGGREGATE,21,4,16000000,64,0.016,6.4e-08,1000000,4,4,4,4e-06,4e-06,55181,55.181
q15,q15,AGGREGATE,UNGROUPED_AGGREGATE,22,1,16,24,1.6e-08,2.4e-08,1,1,1,1,1.5,1.0,1350,1.35
q15,q15,CONCAT,CONCAT,32,4,78372688,78372688,0.078372688,0.078372688,1000000,1000000,4,4,1.0,1.0,5,0.005
q15,q15,CONCAT,CONCAT,39,1,16,16,1.6e-08,1.6e-08,1,1,1,1,1.0,1.0,3,0.003
q15,q15,CONCAT,CONCAT,41,1,24000000,24000000,0.024,0.024,1000000,1000000,4,1,1.0,1.0,623,0.623
q15,q15,CONCAT,CONCAT,43,4,40,40,4e-08,4e-08,1,1,4,4,1.0,1.0,53,0.053
q15,q15,CTE,CTE,29,4,24000000,24000000,0.024,0.024,1000000,1000000,4,4,1.0,1.0,29,0.029
q15,q15,JOIN,HASH_JOIN,24,1,24000016,40,0.024000016,4e-08,1000001,1,2,1,1.6666655555562963e-06,9.99999000001e-07,9421,9.421
q15,q15,JOIN,HASH_JOIN,26,4,78372728,297,0.078372728,2.97e-07,1000001,1,8,4,3.789583539825231e-06,9.99999000001e-07,21044,21.044
q15,q15,PARTITION,PARTITION,33,1,78497516,78372688,0.078497516,0.078372688,1000000,1000000,1,4,0.9984097840752056,1.0,21811,21.811
q15,q15,PARTITION,PARTITION,35,19,319401624,317746008,0.319401624,0.317746008,13239417,13239417,19,76,0.9948165072573332,1.0,687019,687.019
q15,q15,PARTITION,PARTITION,40,1,16,16,1.6e-08,1.6e-08,1,1,1,1,1.0,1.0,2,0.002
q15,q15,PARTITION,PARTITION,42,4,24000000,24000000,0.024,0.024,1000000,1000000,4,4,1.0,1.0,79,0.079
q15,q15,PARTITION,PARTITION,44,1,40,40,4e-08,4e-08,1,1,1,4,1.0,1.0,788,0.788
q15,q15,PROJECTION,PROJECTION,16,19,559308744,372872496,0.559308744,0.372872496,22945907,22945907,19,19,0.6666666666666666,1.0,146296,146.296
q15,q15,PROJECTION,PROJECTION,20,4,24000000,16000000,0.024,0.016,1000000,1000000,4,4,0.6666666666666666,1.0,769,0.769
q15,q15,PROJECTION,PROJECTION,23,1,24,16,2.4e-08,1.6e-08,1,1,1,1,0.6666666666666666,1.0,3477,3.477
q15,q15,PROJECTION,PROJECTION,27,4,297,297,2.97e-07,2.97e-07,1,1,4,4,1.0,1.0,1329,1.329
q15,q15,RESULT,RESULT_COLLECTOR,30,1,297,297,2.97e-07,2.97e-07,1,1,1,1,1.0,1.0,6,0.006
q15,q15,SCAN,GPU_SCAN,31,1,0,78497516,0.0,0.078497516,0,1000000,0,1,,,106836,106.836
q15,q15,SCAN,GPU_SCAN,34,19,0,559308744,0.0,0.559308744,0,22945907,0,19,,,29021208,29021.208
q15,q15,SORT,MERGE_SORT,47,1,297,297,2.97e-07,2.97e-07,1,1,4,1,1.0,1.0,2596,2.596
q15,q15,SORT,ORDER_BY,28,4,297,297,2.97e-07,2.97e-07,1,1,4,4,1.0,1.0,5375,5.375
q15,q15,SORT,SORT_PARTITION,46,1,297,297,2.97e-07,2.97e-07,1,1,4,4,1.0,1.0,5,0.005
q15,q15,SORT,SORT_SAMPLE,45,1,297,297,2.97e-07,2.97e-07,1,1,4,4,1.0,1.0,2983,2.983
q16,q16,AGGREGATE,HASH_GROUP_BY,22,2,578597134,97494200,0.578597134,0.0974942,11876628,55680,2,2,0.16850100747301663,0.004688199377803195,445533,445.533
q16,q16,AGGREGATE,MERGE_GROUP_BY,37,4,97494400,1354592,0.0974944,0.001354592,55680,27840,8,4,0.013894049299241802,0.5,702069,702.069
q16,q16,CONCAT,CONCAT,26,4,145275194,145275194,0.145275194,0.145275194,2970570,2970570,4,4,1.0,1.0,3,0.003
q16,q16,CONCAT,CONCAT,29,1,3896,3896,3.896e-06,3.896e-06,479,479,1,1,1.0,1.0,1,0.001
q16,q16,CONCAT,CONCAT,32,4,1280000000,1280000000,1.28,1.28,80000000,80000000,12,4,1.0,1.0,29281,29.281
q16,q16,CONCAT,CONCAT,34,2,581100424,578872312,0.581100424,0.578872312,11882280,11882280,4,2,0.9961657023330618,1.0,10175,10.175
q16,q16,FILTER,FILTER,14,1,912359912,146017698,0.912359912,0.146017698,18560830,2970570,1,1,0.1600439651934203,0.16004510574149972,9404,9.404
q16,q16,FILTER,FILTER,18,2,590754592,590473762,0.590754592,0.590473762,11882280,11876628,2,2,0.9995246249393521,0.9995243337137317,35175,35.175
q16,q16,JOIN,HASH_JOIN,15,4,1425275194,581100424,1.425275194,0.581100424,82970570,11882280,8,4,0.40771103464528546,0.14321077943661228,102772,102.772
q16,q16,JOIN,HASH_JOIN,17,2,578876208,590754592,0.578876208,0.590754592,11882759,11882280,3,2,1.0205197308782814,0.9999596894963535,40150,40.15
q16,q16,PARTITION,PARTITION,27,1,146017698,145275194,0.146017698,0.145275194,2970570,2970570,1,4,0.9949149725672295,1.0,17949,17.949
q16,q16,PARTITION,PARTITION,30,1,3896,3896,3.896e-06,3.896e-06,479,479,1,1,1.0,1.0,1,0.001
q16,q16,PARTITION,PARTITION,33,3,1300000256,1280000000,1.300000256,1.28,80000000,80000000,3,12,0.9846151907219317,1.0,36525,36.525
q16,q16,PARTITION,PARTITION,35,4,581100424,581100424,0.581100424,0.581100424,11882280,11882280,4,4,1.0,1.0,13,0.013
q16,q16,PARTITION,PARTITION,36,2,97494200,97494400,0.0974942,0.0974944,55680,55680,2,8,1.0000020514040835,1.0,15718,15.718
q16,q16,PROJECTION,PROJECTION,21,2,590473762,578597134,0.590473762,0.578597134,11876628,11876628,2,2,0.9798862730838834,1.0,7781,7.781
q16,q16,RESULT,RESULT_COLLECTOR,24,1,1354568,1354568,0.001354568,0.001354568,27840,27840,1,1,1.0,1.0,1,0.001
q16,q16,SCAN,GPU_SCAN,25,1,0,912359912,0.0,0.912359912,0,18560830,0,1,,,130402,130.402
q16,q16,SCAN,GPU_SCAN,28,1,0,3896,0.0,3.896e-06,0,479,0,1,,,104043,104.043
q16,q16,SCAN,GPU_SCAN,31,3,0,1300000256,0.0,1.300000256,0,80000000,0,3,,,532915,532.915
q16,q16,SORT,MERGE_SORT,40,1,1354592,1354568,0.001354592,0.001354568,27840,27840,4,1,0.9999822824880111,1.0,3026,3.026
q16,q16,SORT,ORDER_BY,23,4,1354592,1354592,0.001354592,0.001354592,27840,27840,4,4,1.0,1.0,28816,28.816
q16,q16,SORT,SORT_PARTITION,39,1,1354592,1354592,0.001354592,0.001354592,27840,27840,4,4,1.0,1.0,1,0.001
q16,q16,SORT,SORT_SAMPLE,38,1,1354592,1354592,0.001354592,0.001354592,27840,27840,4,4,1.0,1.0,10756,10.756
q18,q18,AGGREGATE,HASH_GROUP_BY,16,10,9750616800,3618750440,9.7506168,3.61875044,600037902,150000007,10,10,0.37113041300115496,0.24998422016347893,726054,726.054
q18,q18,AGGREGATE,HASH_GROUP_BY,24,10,2603580,422308,0.00260358,0.000422308,44786,6398,10,10,0.16220281304972384,0.14285714285714285,208502,208.502
q18,q18,AGGREGATE,MERGE_GROUP_BY,29,6,3600000168,3600000000,3.600000168,3.6,150000007,150000000,60,6,0.9999999533333355,0.9999999533333355,327592,327.592
q18,q18,AGGREGATE,MERGE_GROUP_BY,46,1,422308,422272,0.000422308,0.000422272,6398,6398,10,1,0.9999147541604706,1.0,4271,4.271
q18,q18,CONCAT,CONCAT,30,1,51184,51184,5.1184e-05,5.1184e-05,6398,6398,6,1,1.0,1.0,1439,1.439
q18,q18,CONCAT,CONCAT,33,4,451875088,451875088,0.451875088,0.451875088,15000000,15000000,4,4,1.0,1.0,5,0.005
q18,q18,CONCAT,CONCAT,36,8,4275001088,4275001088,4.275001088,4.275001088,150000000,150000000,8,8,1.0,1.0,8,0.008
q18,q18,CONCAT,CONCAT,38,4,179144,179144,0.000179144,0.000179144,6398,6398,32,4,1.0,1.0,6265,6.265
q18,q18,CONCAT,CONCAT,40,1,320940,319904,0.00032094,0.000319904,6398,6398,4,1,0.9967719823019879,1.0,1018,1.018
q18,q18,CONCAT,CONCAT,43,10,9750616800,9750616800,9.7506168,9.7506168,600037902,600037902,10,10,1.0,1.0,35,0.035
q18,q18,FILTER,FILTER,17,6,3600000000,153552,3.6,0.000153552,150000000,6398,6,6,4.2653333333333334e-05,4.2653333333333334e-05,52040,52.04
q18,q18,JOIN,HASH_JOIN,19,8,4275410560,182984,4.27541056,0.000182984,150051184,6398,16,8,4.2799164532166e-05,4.263878384325178e-05,76397,76.397
q18,q18,JOIN,HASH_JOIN,21,4,452054232,320940,0.452054232,0.00032094,15006398,6398,8,4,0.0007099590652654259,0.0004263514802153055,26715,26.715
q18,q18,JOIN,HASH_JOIN,22,10,9750936704,2603580,9.750936704,0.00260358,600044300,44786,11,10,0.00026700819408785283,7.463782257409995e-05,487114,487.114
q18,q18,LIMIT,MERGE_TOP_N,47,1,6604,6604,6.604e-06,6.604e-06,100,100,1,1,1.0,1.0,1600,1.6
q18,q18,LIMIT,TOP_N,25,1,422272,6604,0.000422272,6.604e-06,6398,100,1,1,0.01563920885116702,0.01562988433885589,4684,4.684
q18,q18,PARTITION,PARTITION,28,10,3618750440,3600000168,3.61875044,3.600000168,150000007,150000007,10,60,0.9948185783156686,1.0,637008,637.008
q18,q18,PARTITION,PARTITION,31,6,51184,51184,5.1184e-05,5.1184e-05,6398,6398,6,6,1.0,1.0,36,0.036
q18,q18,PARTITION,PARTITION,34,1,453750020,451875088,0.45375002,0.451875088,15000000,15000000,1,4,0.9958679186394306,1.0,15441,15.441
q18,q18,PARTITION,PARTITION,37,8,4275001088,4275001088,4.275001088,4.275001088,150000000,150000000,8,8,1.0,1.0,37,0.037
q18,q18,PARTITION,PARTITION,39,8,182984,179144,0.000182984,0.000179144,6398,6398,8,32,0.9790145586499366,1.0,14517,14.517
q18,q18,PARTITION,PARTITION,41,4,320940,320940,0.00032094,0.00032094,6398,6398,4,4,1.0,1.0,17,0.017
q18,q18,PARTITION,PARTITION,44,10,9750616800,9750616800,9.7506168,9.7506168,600037902,600037902,10,10,1.0,1.0,48,0.048
q18,q18,PARTITION,PARTITION,45,10,422308,422308,0.000422308,0.000422308,6398,6398,10,10,1.0,1.0,112,0.112
q18,q18,PROJECTION,PROJECTION,18,6,153552,51184,0.000153552,5.1184e-05,6398,6398,6,6,0.3333333333333333,1.0,2143,2.143
q18,q18,PROJECTION,PROJECTION,23,10,2603580,2603580,0.00260358,0.00260358,44786,44786,10,10,1.0,1.0,61465,61.465
q18,q18,RESULT,RESULT_COLLECTOR,26,1,6604,6604,6.604e-06,6.604e-06,100,100,1,1,1.0,1.0,6,0.006
q18,q18,SCAN,GPU_SCAN,27,10,0,9750616800,0.0,9.7506168,0,600037902,0,10,,,6752259,6752.259
q18,q18,SCAN,GPU_SCAN,32,1,0,453750020,0.0,0.45375002,0,15000000,0,1,,,96235,96.235
q18,q18,SCAN,GPU_SCAN,35,8,0,4275001088,0.0,4.275001088,0,150000000,0,8,,,5971803,5971.803
q18,q18,SCAN,GPU_SCAN,42,10,0,9750616800,0.0,9.7506168,0,600037902,0,10,,,6222968,6222.968
q19,q19,AGGREGATE,MERGE_AGGREGATE,27,1,64,16,6.4e-08,1.6e-08,4,1,4,1,0.25,0.25,514,0.514
q19,q19,AGGREGATE,UNGROUPED_AGGREGATE,19,4,90480,64,9.048e-05,6.4e-08,11310,4,4,4,0.0007073386383731211,0.00035366931918656057,45942,45.942
q19,q19,CONCAT,CONCAT,22,4,685826880,685826880,0.68582688,0.68582688,21432090,21432090,80,4,1.0,1.0,10932,10.932
q19,q19,CONCAT,CONCAT,25,4,716493209,716493209,0.716493209,0.716493209,20000000,20000000,4,4,1.0,1.0,12,0.012
q19,q19,FILTER,FILTER,12,20,6136655381,849249670,6.136655381,0.84924967,150001325,21432090,20,20,0.1383896629798381,0.1428793378991819,250568,250.568
q19,q19,FILTER,FILTER,15,4,1110713812,577116,1.110713812,0.000577116,21432090,11310,4,4,0.0005195901894483689,0.0005277133494680173,26790,26.79
q19,q19,JOIN,HASH_JOIN,14,4,1402320089,1110713812,1.402320089,1.110713812,41432090,21432090,8,4,0.7920544109098904,0.5172823770174277,93004,93.004
q19,q19,PARTITION,PARTITION,23,20,696545344,685826880,0.696545344,0.68582688,21432090,21432090,20,80,0.9846119651903092,1.0,515864,515.864
q19,q19,PARTITION,PARTITION,26,1,721493121,716493209,0.721493121,0.716493209,20000000,20000000,1,4,0.9930700489658584,1.0,26984,26.984
q19,q19,PROJECTION,PROJECTION,13,20,849249670,696545344,0.84924967,0.696545344,21432090,21432090,20,20,0.8201891253016325,1.0,8494,8.494
q19,q19,PROJECTION,PROJECTION,18,4,577116,90480,0.000577116,9.048e-05,11310,11310,4,4,0.15677957291081862,1.0,13948,13.948
q19,q19,RESULT,RESULT_COLLECTOR,20,1,16,16,1.6e-08,1.6e-08,1,1,1,1,1.0,1.0,1,0.001
q19,q19,SCAN,GPU_SCAN,21,20,0,6136655381,0.0,6.136655381,0,150001325,0,20,,,32863287,32863.287
q19,q19,SCAN,GPU_SCAN,24,1,0,721493121,0.0,0.721493121,0,20000000,0,1,,,74508,74.508
q2,q2,AGGREGATE,HASH_GROUP_BY,49,1,1030032,759696,0.001030032,0.000759696,64377,47481,1,1,0.7375460179877906,0.7375460179877906,15807,15.807
q2,q2,AGGREGATE,MERGE_GROUP_BY,105,1,759696,759696,0.000759696,0.000759696,47481,47481,1,1,1.0,1.0,5,0.005
q2,q2,AGGREGATE,MERGE_GROUP_BY,96,1,385928,379848,0.000385928,0.000379848,47481,47481,4,1,0.9842457660496259,1.0,1864,1.864
q2,q2,CONCAT,CONCAT,100,4,1950000384,1950000384,1.950000384,1.950000384,80000000,80000000,4,4,1.0,1.0,4,0.004
q2,q2,CONCAT,CONCAT,102,1,6148992,6077568,0.006148992,0.006077568,189924,189924,4,1,0.9883844376444139,1.0,194,0.194
q2,q2,CONCAT,CONCAT,106,1,759696,759696,0.000759696,0.000759696,47481,47481,1,1,1.0,1.0,4,0.004
q2,q2,CONCAT,CONCAT,108,1,12339807,12266007,0.012339807,0.012266007,64377,64377,4,1,0.9940193554080708,1.0,5399,5.399
q2,q2,CONCAT,CONCAT,62,1,68,68,6.8e-08,6.8e-08,1,1,1,1,1.0,1.0,0,0.0
q2,q2,CONCAT,CONCAT,65,1,328,328,3.28e-07,3.28e-07,25,25,1,1,1.0,1.0,2,0.002
q2,q2,CONCAT,CONCAT,67,1,168,168,1.68e-07,1.68e-07,5,5,1,1,1.0,1.0,4,0.004
q2,q2,CONCAT,CONCAT,70,1,12250112,12250112,0.012250112,0.012250112,1000000,1000000,1,1,1.0,1.0,0,0.0
q2,q2,CONCAT,CONCAT,72,1,3283824,3283824,0.003283824,0.003283824,200535,200535,1,1,1.0,1.0,2,0.002
q2,q2,CONCAT,CONCAT,75,1,68,68,6.8e-08,6.8e-08,1,1,1,1,1.0,1.0,0,0.0
q2,q2,CONCAT,CONCAT,78,1,673,673,6.73e-07,6.73e-07,25,25,1,1,1.0,1.0,2,0.002
q2,q2,CONCAT,CONCAT,80,1,296,296,2.96e-07,2.96e-07,5,5,1,1,1.0,1.0,1,0.001
q2,q2,CONCAT,CONCAT,83,1,157368312,157368312,0.157368312,0.157368312,1000000,1000000,1,1,1.0,1.0,1,0.001
q2,q2,CONCAT,CONCAT,85,1,33152235,33152235,0.033152235,0.033152235,200535,200535,1,1,1.0,1.0,1,0.001
q2,q2,CONCAT,CONCAT,88,1,2104182,2104182,0.002104182,0.002104182,80157,80157,1,1,1.0,1.0,3,0.003
q2,q2,CONCAT,CONCAT,91,4,1950000384,1950000384,1.950000384,1.950000384,80000000,80000000,4,4,1.0,1.0,5,0.005
q2,q2,CONCAT,CONCAT,93,4,2782513920,2782513920,2.78251392,2.78251392,16042800,16042800,4,4,1.0,1.0,10,0.01
q2,q2,CONCAT,CONCAT,97,1,379848,379848,0.000379848,0.000379848,47481,47481,1,1,1.0,1.0,1,0.001
q2,q2,FILTER,FILTER,55,1,12789087,9433856,0.012789087,0.009433856,64377,47481,1,1,0.7376489033189,0.7375460179877906,3501,3.501
q2,q2,JOIN,HASH_JOIN,34,1,741,296,7.41e-07,2.96e-07,26,5,2,1,0.39946018893387314,0.19230769230769232,1681,1.681
q2,q2,JOIN,HASH_JOIN,35,1,157368608,33152235,0.157368608,0.033152235,1000005,200535,2,1,0.21066612599127776,0.20053399733001334,3874,3.874
q2,q2,JOIN,HASH_JOIN,36,4,1983152619,2782513920,1.983152619,2.78251392,80200535,16042800,5,4,1.4030760382945595,0.20003357832962088,263360,263.36
q2,q2,JOIN,HASH_JOIN,38,4,2784618102,12339807,2.784618102,0.012339807,16122957,64377,5,4,0.004431418078887429,0.003992877981377734,25412,25.412
q2,q2,JOIN,HASH_JOIN,41,4,1950380232,6148992,1.950380232,0.006148992,80047481,189924,5,4,0.0031527144805475037,0.002372641807429268,30168,30.168
q2,q2,JOIN,HASH_JOIN,45,1,396,168,3.96e-07,1.68e-07,26,5,2,1,0.42424242424242425,0.19230769230769232,6995,6.995
q2,q2,JOIN,HASH_JOIN,46,1,12250280,3283824,0.01225028,0.003283824,1000005,200535,2,1,0.2680611381943923,0.20053399733001334,4342,4.342
q2,q2,JOIN,HASH_JOIN,47,1,9361392,2084256,0.009361392,0.002084256,390459,64377,2,1,0.22264381194591573,0.16487518535877008,1027,1.027
q2,q2,JOIN,HASH_JOIN,51,1,13025703,12789087,0.013025703,0.012789087,111858,64377,2,1,0.9818346848534778,0.5755243254840959,4716,4.716
q2,q2,JOIN,LEFT_DELIM_JOIN,52,4,12339807,12339807,0.012339807,0.012339807,64377,64377,4,4,1.0,1.0,13,0.013
q2,q2,LIMIT,MERGE_TOP_N,110,1,17798,17798,1.7798e-05,1.7798e-05,100,100,1,1,1.0,1.0,3024,3.024
q2,q2,LIMIT,TOP_N,59,1,8668208,17798,0.008668208,1.7798e-05,47481,100,1,1,0.002053250221960525,0.002106105600134791,5394,5.394
q2,q2,PARTITION,PARTITION,101,4,1950000384,1950000384,1.950000384,1.950000384,80000000,80000000,4,4,1.0,1.0,13,0.013
q2,q2,PARTITION,PARTITION,103,4,6148992,6148992,0.006148992,0.006148992,189924,189924,4,4,1.0,1.0,19,0.019
q2,q2,PARTITION,PARTITION,104,1,759696,759696,0.000759696,0.000759696,47481,47481,1,1,1.0,1.0,6,0.006
q2,q2,PARTITION,PARTITION,107,1,759696,759696,0.000759696,0.000759696,47481,47481,1,1,1.0,1.0,5,0.005
q2,q2,PARTITION,PARTITION,109,4,12339807,12339807,0.012339807,0.012339807,64377,64377,4,4,1.0,1.0,14,0.014
q2,q2,PARTITION,PARTITION,63,1,68,68,6.8e-08,6.8e-08,1,1,1,1,1.0,1.0,4,0.004
q2,q2,PARTITION,PARTITION,66,1,328,328,3.28e-07,3.28e-07,25,25,1,1,1.0,1.0,3,0.003
q2,q2,PARTITION,PARTITION,68,1,168,168,1.68e-07,1.68e-07,5,5,1,1,1.0,1.0,6,0.006
q2,q2,PARTITION,PARTITION,71,1,12250112,12250112,0.012250112,0.012250112,1000000,1000000,1,1,1.0,1.0,1,0.001
q2,q2,PARTITION,PARTITION,73,1,3283824,3283824,0.003283824,0.003283824,200535,200535,1,1,1.0,1.0,3,0.003
q2,q2,PARTITION,PARTITION,76,1,68,68,6.8e-08,6.8e-08,1,1,1,1,1.0,1.0,2,0.002
q2,q2,PARTITION,PARTITION,79,1,673,673,6.73e-07,6.73e-07,25,25,1,1,1.0,1.0,1,0.001
q2,q2,PARTITION,PARTITION,81,1,296,296,2.96e-07,2.96e-07,5,5,1,1,1.0,1.0,4,0.004
q2,q2,PARTITION,PARTITION,84,1,157368312,157368312,0.157368312,0.157368312,1000000,1000000,1,1,1.0,1.0,2,0.002
q2,q2,PARTITION,PARTITION,86,1,33152235,33152235,0.033152235,0.033152235,200535,200535,1,1,1.0,1.0,0,0.0
q2,q2,PARTITION,PARTITION,89,1,2104182,2104182,0.002104182,0.002104182,80157,80157,1,1,1.0,1.0,5,0.005
q2,q2,PARTITION,PARTITION,92,4,1950000384,1950000384,1.950000384,1.950000384,80000000,80000000,4,4,1.0,1.0,19,0.019
q2,q2,PARTITION,PARTITION,94,4,2782513920,2782513920,2.78251392,2.78251392,16042800,16042800,4,4,1.0,1.0,13,0.013
q2,q2,PARTITION,PARTITION,95,4,385928,385928,0.000385928,0.000385928,47481,47481,4,4,1.0,1.0,4,0.004
q2,q2,PARTITION,PARTITION,98,1,379848,379848,0.000379848,0.000379848,47481,47481,1,1,1.0,1.0,6,0.006
q2,q2,PROJECTION,PROJECTION,48,1,2084256,1030032,0.002084256,0.001030032,64377,64377,1,1,0.49419649025839435,1.0,46,0.046
q2,q2,PROJECTION,PROJECTION,50,1,759696,759696,0.000759696,0.000759696,47481,47481,1,1,1.0,1.0,59,0.059
q2,q2,PROJECTION,PROJECTION,58,1,9433856,8668208,0.009433856,0.008668208,47481,47481,1,1,0.918840397818241,1.0,185,0.185
q2,q2,RESULT,RESULT_COLLECTOR,60,1,17798,17798,1.7798e-05,1.7798e-05,100,100,1,1,1.0,1.0,5,0.005
q2,q2,SCAN,GPU_SCAN,61,1,0,68,0.0,6.8e-08,0,1,0,1,,,33151,33.151
q2,q2,SCAN,GPU_SCAN,64,1,0,328,0.0,3.28e-07,0,25,0,1,,,3887,3.887
q2,q2,SCAN,GPU_SCAN,69,1,0,12250112,0.0,0.012250112,0,1000000,0,1,,,22088,22.088
q2,q2,SCAN,GPU_SCAN,74,1,0,68,0.0,6.8e-08,0,1,0,1,,,18438,18.438
q2,q2,SCAN,GPU_SCAN,77,1,0,673,0.0,6.73e-07,0,25,0,1,,,3039,3.039
q2,q2,SCAN,GPU_SCAN,82,1,0,157368312,0.0,0.157368312,0,1000000,0,1,,,132686,132.686
q2,q2,SCAN,GPU_SCAN,87,1,0,2104182,0.0,0.002104182,0,80157,0,1,,,80858,80.858
q2,q2,SCAN,GPU_SCAN,90,4,0,1950000384,0.0,1.950000384,0,80000000,0,4,,,1145765,1145.765
q2,q2,SCAN,GPU_SCAN,99,4,0,1950000384,0.0,1.950000384,0,80000000,0,4,,,1132372,1132.372
q20,q20,AGGREGATE,HASH_GROUP_BY,31,7,23880672,28734336,0.023880672,0.028734336,992540,896736,7,7,1.2032465418058587,0.9034759304410905,31099,31.099
q20,q20,AGGREGATE,MERGE_GROUP_BY,52,1,14152128,13934144,0.014152128,0.013934144,870884,870884,3,1,0.984597086742008,1.0,1946,1.946
q20,q20,AGGREGATE,MERGE_GROUP_BY,67,1,28734336,19023680,0.028734336,0.01902368,896736,594490,7,1,0.662053927398914,0.6629487385362024,10869,10.869
q20,q20,CONCAT,CONCAT,46,1,1769032,1769032,0.001769032,0.001769032,217721,217721,1,1,1.0,1.0,1,0.001
q20,q20,CONCAT,CONCAT,49,3,1950000192,1950000192,1.950000192,1.950000192,80000000,80000000,3,3,1.0,1.0,1,0.001
q20,q20,CONCAT,CONCAT,54,1,68,68,6.8e-08,6.8e-08,1,1,1,1,1.0,1.0,7,0.007
q20,q20,CONCAT,CONCAT,57,1,63497512,63497512,0.063497512,0.063497512,1000000,1000000,1,1,1.0,1.0,2,0.002
q20,q20,CONCAT,CONCAT,59,1,2524491,2524491,0.002524491,0.002524491,39739,39739,1,1,1.0,1.0,7,0.007
q20,q20,CONCAT,CONCAT,61,1,13934144,13934144,0.013934144,0.013934144,870884,870884,1,1,1.0,1.0,0,0.0
q20,q20,CONCAT,CONCAT,64,7,2218665432,2189987544,2.218665432,2.189987544,91022089,91022089,19,7,0.9870742620377203,1.0,42242,42.242
q20,q20,CONCAT,CONCAT,68,1,19023680,19023680,0.01902368,0.01902368,594490,594490,1,1,1.0,1.0,3,0.003
q20,q20,CONCAT,CONCAT,70,1,21228192,20901216,0.021228192,0.020901216,870884,870884,3,1,0.984597086742008,1.0,554,0.554
q20,q20,CONCAT,CONCAT,72,1,4746304,4746304,0.004746304,0.004746304,593288,593288,1,1,1.0,1.0,1,0.001
q20,q20,FILTER,FILTER,37,1,27977152,19059392,0.027977152,0.019059392,870884,593288,1,1,0.6812484701802385,0.6812480192539994,3667,3.667
q20,q20,JOIN,HASH_JOIN,24,3,1955307288,21228192,1.955307288,0.021228192,80653163,870884,6,3,0.010856703767372241,0.010797890220374867,56546,56.546
q20,q20,JOIN,HASH_JOIN,27,7,2203921688,39761312,2.203921688,0.039761312,91892973,992540,8,7,0.0180411637203327,0.010801043513958353,46775,46.775
q20,q20,JOIN,HASH_JOIN,33,1,39924896,27977152,0.039924896,0.027977152,1465374,870884,2,1,0.7007445179068218,0.594308347220573,3536,3.536
q20,q20,JOIN,HASH_JOIN,41,1,63497580,2524491,0.06349758,0.002524491,1000001,39739,2,1,0.0397572789388194,0.03973896026103974,1515,1.515
q20,q20,JOIN,HASH_JOIN,42,1,7270795,907251,0.007270795,0.000907251,633027,17690,2,1,0.12478016503009644,0.027945095548847047,4376,4.376
q20,q20,JOIN,LEFT_DELIM_JOIN,34,3,21228192,21228192,0.021228192,0.021228192,870884,870884,3,3,1.0,1.0,3,0.003
q20,q20,PARTITION,PARTITION,47,1,1769032,1769032,0.001769032,0.001769032,217721,217721,1,1,1.0,1.0,3,0.003
q20,q20,PARTITION,PARTITION,50,3,1950000192,1950000192,1.950000192,1.950000192,80000000,80000000,3,3,1.0,1.0,7,0.007
q20,q20,PARTITION,PARTITION,51,3,14152128,14152128,0.014152128,0.014152128,870884,870884,3,3,1.0,1.0,3,0.003
q20,q20,PARTITION,PARTITION,55,1,68,68,6.8e-08,6.8e-08,1,1,1,1,1.0,1.0,8,0.008
q20,q20,PARTITION,PARTITION,58,1,63497512,63497512,0.063497512,0.063497512,1000000,1000000,1,1,1.0,1.0,7,0.007
q20,q20,PARTITION,PARTITION,60,1,2524491,2524491,0.002524491,0.002524491,39739,39739,1,1,1.0,1.0,8,0.008
q20,q20,PARTITION,PARTITION,62,1,13934144,13934144,0.013934144,0.013934144,870884,870884,1,1,1.0,1.0,1,0.001
q20,q20,PARTITION,PARTITION,65,19,2218665432,2218665432,2.218665432,2.218665432,91022089,91022089,19,19,1.0,1.0,49,0.049
q20,q20,PARTITION,PARTITION,66,7,28734336,28734336,0.028734336,0.028734336,896736,896736,7,7,1.0,1.0,19,0.019
q20,q20,PARTITION,PARTITION,69,1,19023680,19023680,0.01902368,0.01902368,594490,594490,1,1,1.0,1.0,1,0.001
q20,q20,PARTITION,PARTITION,71,3,21228192,21228192,0.021228192,0.021228192,870884,870884,3,3,1.0,1.0,3,0.003
q20,q20,PARTITION,PARTITION,73,1,4746304,4746304,0.004746304,0.004746304,593288,593288,1,1,1.0,1.0,7,0.007
q20,q20,PROJECTION,PROJECTION,30,7,39761312,23880672,0.039761312,0.023880672,992540,992540,7,7,0.6006007045240358,1.0,982,0.982
q20,q20,PROJECTION,PROJECTION,32,1,19023680,19023680,0.01902368,0.01902368,594490,594490,1,1,1.0,1.0,3810,3.81
q20,q20,PROJECTION,PROJECTION,38,1,19059392,4746304,0.019059392,0.004746304,593288,593288,1,1,0.24902704136627232,1.0,46,0.046
q20,q20,RESULT,RESULT_COLLECTOR,44,1,902771,902771,0.000902771,0.000902771,17690,17690,1,1,1.0,1.0,7,0.007
q20,q20,SCAN,GPU_SCAN,45,1,0,1769032,0.0,0.001769032,0,217721,0,1,,,235936,235.936
q20,q20,SCAN,GPU_SCAN,48,3,0,1950000192,0.0,1.950000192,0,80000000,0,3,,,712755,712.755
q20,q20,SCAN,GPU_SCAN,53,1,0,68,0.0,6.8e-08,0,1,0,1,,,7150,7.15
q20,q20,SCAN,GPU_SCAN,56,1,0,63497512,0.0,0.063497512,0,1000000,0,1,,,69039,69.039
q20,q20,SCAN,GPU_SCAN,63,19,0,2218665432,0.0,2.218665432,0,91022089,0,19,,,30339029,30339.029
q20,q20,SORT,MERGE_SORT,76,1,907419,902771,0.000907419,0.000902771,17690,17690,6,1,0.9948777797246917,1.0,7415,7.415
q20,q20,SORT,ORDER_BY,43,1,907251,907251,0.000907251,0.000907251,17690,17690,1,1,1.0,1.0,5724,5.724
q20,q20,SORT,SORT_PARTITION,75,1,907251,907419,0.000907251,0.000907419,17690,17690,1,6,1.0001851747752275,1.0,9371,9.371
q20,q20,SORT,SORT_SAMPLE,74,1,907251,907251,0.000907251,0.000907251,17690,17690,1,1,1.0,1.0,1740,1.74
q21,q21,AGGREGATE,HASH_GROUP_BY,56,4,8732498,4402996,0.008732498,0.004402996,396931,146766,4,4,0.5042080742532091,0.36975192161861886,104869,104.869
q21,q21,AGGREGATE,MERGE_GROUP_BY,78,4,117451664,117451664,0.117451664,0.117451664,7340729,7340729,52,4,1.0,1.0,31370,31.37
q21,q21,AGGREGATE,MERGE_GROUP_BY,89,4,113184976,113184976,0.113184976,0.113184976,7074061,7074061,16,4,1.0,1.0,23058,23.058
q21,q21,AGGREGATE,MERGE_GROUP_BY,98,1,4402996,1202194,0.004402996,0.001202194,146766,40073,4,1,0.27303999367703263,0.2730400774021231,3327,3.327
q21,q21,CONCAT,CONCAT,60,4,584580016,584580016,0.584580016,0.584580016,73072502,73072502,12,4,1.0,1.0,13544,13.544
q21,q21,CONCAT,CONCAT,63,1,68,68,6.8e-08,6.8e-08,1,1,1,1,1.0,1.0,7,0.007
q21,q21,CONCAT,CONCAT,66,1,34375172,34375172,0.034375172,0.034375172,1000000,1000000,1,1,1.0,1.0,2,0.002
q21,q21,CONCAT,CONCAT,68,1,1377824,1377824,0.001377824,0.001377824,40078,40078,1,1,1.0,1.0,5,0.005
q21,q21,CONCAT,CONCAT,71,20,6069703584,6069703584,6.069703584,6.069703584,379356474,379356474,88,20,1.0,1.0,67906,67.906
q21,q21,CONCAT,CONCAT,73,13,4396078728,4396078728,4.396078728,4.396078728,183169947,183169947,20,13,1.0,1.0,72391,72.391
q21,q21,CONCAT,CONCAT,77,4,279867598,278948174,0.279867598,0.278948174,7340741,7340741,52,4,0.9967147893983783,1.0,51010,51.01
q21,q21,CONCAT,CONCAT,79,4,117451664,117451664,0.117451664,0.117451664,7340729,7340729,16,4,1.0,1.0,2751,2.751
q21,q21,CONCAT,CONCAT,82,28,9600606432,9600606432,9.600606432,9.600606432,600037902,600037902,72,28,1.0,1.0,179658,179.658
q21,q21,CONCAT,CONCAT,84,4,468651984,468651984,0.468651984,0.468651984,29290749,29290749,112,4,1.0,1.0,12434,12.434
q21,q21,CONCAT,CONCAT,88,4,268814790,268814790,0.26881479,0.26881479,7074073,7074073,16,4,1.0,1.0,24222,24.222
q21,q21,CONCAT,CONCAT,90,4,113184976,113184976,0.113184976,0.113184976,7074061,7074061,16,4,1.0,1.0,2745,2.745
q21,q21,CONCAT,CONCAT,93,20,6069703584,6069703584,6.069703584,6.069703584,379356474,379356474,88,20,1.0,1.0,65328,65.328
q21,q21,CONCAT,CONCAT,95,4,295935568,295935568,0.295935568,0.295935568,18495973,18495973,80,4,1.0,1.0,12617,12.617
q21,q21,FILTER,FILTER,30,22,14700931152,9294236528,14.700931152,9.294236528,600037902,379356474,22,22,0.6322209411024661,0.6322208526087407,267657,267.657
q21,q21,FILTER,FILTER,40,22,14700931152,9294236528,14.700931152,9.294236528,600037902,379356474,22,22,0.6322209411024661,0.6322208526087407,302059,302.059
q21,q21,JOIN,HASH_JOIN,33,20,6635628464,295935568,6.635628464,0.295935568,414726779,18495973,40,20,0.04459797133090362,0.04459797133090362,993082,993.082
q21,q21,JOIN,HASH_JOIN,37,28,10422768080,468651984,10.42276808,0.468651984,651423005,29290749,56,28,0.04496425329651967,0.04496425329651967,1587242,1587.242
q21,q21,JOIN,HASH_JOIN,43,20,8992603664,4396078728,8.992603664,4.396078728,744718984,183169947,40,20,0.4888549403771433,0.2459584768689071,1600885,1600.885
q21,q21,JOIN,HASH_JOIN,46,1,34375240,1377824,0.03437524,0.001377824,1000001,40078,2,1,0.04008187288292387,0.04007795992204008,2203,2.203
q21,q21,JOIN,HASH_JOIN,47,13,4397456552,280784370,4.397456552,0.28078437,183210025,7340741,14,13,0.0638515393340946,0.040067354392861416,608666,608.666
q21,q21,JOIN,HASH_JOIN,48,4,747600158,268814790,0.747600158,0.26881479,36631490,7074073,8,4,0.3595702691116874,0.1931145306947656,94916,94.916
q21,q21,JOIN,HASH_JOIN,52,4,564750358,8732498,0.564750358,0.008732498,25570046,396931,8,4,0.015462580724915628,0.015523280638603466,60949,60.949
q21,q21,JOIN,RIGHT_DELIM_JOIN,49,13,280784370,280784370,0.28078437,0.28078437,7340741,7340741,13,13,1.0,1.0,16,0.016
q21,q21,JOIN,RIGHT_DELIM_JOIN,53,4,268814790,268814790,0.26881479,0.26881479,7074073,7074073,4,4,1.0,1.0,95,0.095
q21,q21,LIMIT,MERGE_TOP_N,99,1,3004,3004,3.004e-06,3.004e-06,100,100,1,1,1.0,1.0,2514,2.514
q21,q21,LIMIT,TOP_N,57,1,1202194,3004,0.001202194,3.004e-06,40073,100,1,1,0.002498764758433331,0.0024954458113942055,6063,6.063
q21,q21,PARTITION,PARTITION,61,3,593714224,584580016,0.593714224,0.584580016,73072502,73072502,3,12,0.9846151437328542,1.0,66046,66.046
q21,q21,PARTITION,PARTITION,64,1,68,68,6.8e-08,6.8e-08,1,1,1,1,1.0,1.0,7,0.007
q21,q21,PARTITION,PARTITION,67,1,34375172,34375172,0.034375172,0.034375172,1000000,1000000,1,1,1.0,1.0,8,0.008
q21,q21,PARTITION,PARTITION,69,1,1377824,1377824,0.001377824,0.001377824,40078,40078,1,1,1.0,1.0,6,0.006
q21,q21,PARTITION,PARTITION,72,22,6164544160,6069703584,6.16454416,6.069703584,379356474,379356474,22,88,0.984615151820082,1.0,225774,225.774
q21,q21,PARTITION,PARTITION,74,20,4396078728,4396078728,4.396078728,4.396078728,183169947,183169947,20,20,1.0,1.0,237,0.237
q21,q21,PARTITION,PARTITION,76,13,118369744,117451664,0.118369744,0.117451664,7340729,7340729,13,52,0.9922439639643049,1.0,91475,91.475
q21,q21,PARTITION,PARTITION,80,4,117451664,117451664,0.117451664,0.117451664,7340729,7340729,4,16,1.0,1.0,31852,31.852
q21,q21,PARTITION,PARTITION,83,18,9750616928,9600606432,9.750616928,9.600606432,600037902,600037902,18,72,0.9846152815654948,1.0,365540,365.54
q21,q21,PARTITION,PARTITION,85,28,468651984,468651984,0.468651984,0.468651984,29290749,29290749,28,112,1.0,1.0,596429,596.429
q21,q21,PARTITION,PARTITION,87,4,113184976,113184976,0.113184976,0.113184976,7074061,7074061,4,16,1.0,1.0,43254,43.254
q21,q21,PARTITION,PARTITION,91,4,113184976,113184976,0.113184976,0.113184976,7074061,7074061,4,16,1.0,1.0,30892,30.892
q21,q21,PARTITION,PARTITION,94,22,6164544160,6069703584,6.16454416,6.069703584,379356474,379356474,22,88,0.984615151820082,1.0,186741,186.741
q21,q21,PARTITION,PARTITION,96,20,295935568,295935568,0.295935568,0.295935568,18495973,18495973,20,80,1.0,1.0,334311,334.311
q21,q21,PARTITION,PARTITION,97,4,4402996,4402996,0.004402996,0.004402996,146766,146766,4,4,1.0,1.0,25,0.025
q21,q21,PROJECTION,PROJECTION,31,22,9294236528,6164544160,9.294236528,6.16454416,379356474,379356474,22,22,0.6632652549166973,1.0,45391,45.391
q21,q21,PROJECTION,PROJECTION,34,20,295935568,295935568,0.295935568,0.295935568,18495973,18495973,20,20,1.0,1.0,6984,6.984
q21,q21,PROJECTION,PROJECTION,38,28,468651984,468651984,0.468651984,0.468651984,29290749,29290749,28,28,1.0,1.0,9098,9.098
q21,q21,PROJECTION,PROJECTION,41,22,9294236528,6164544160,9.294236528,6.16454416,379356474,379356474,22,22,0.6632652549166973,1.0,67656,67.656
q21,q21,RESULT,RESULT_COLLECTOR,58,1,3004,3004,3.004e-06,3.004e-06,100,100,1,1,1.0,1.0,23,0.023
q21,q21,SCAN,GPU_SCAN,59,3,0,593714224,0.0,0.593714224,0,73072502,0,3,,,752602,752.602
q21,q21,SCAN,GPU_SCAN,62,1,0,68,0.0,6.8e-08,0,1,0,1,,,60648,60.648
q21,q21,SCAN,GPU_SCAN,65,1,0,34375172,0.0,0.034375172,0,1000000,0,1,,,44801,44.801
q21,q21,SCAN,GPU_SCAN,70,22,0,14700931152,0.0,14.700931152,0,600037902,0,22,,,25044900,25044.9
q21,q21,SCAN,GPU_SCAN,81,18,0,9750616928,0.0,9.750616928,0,600037902,0,18,,,15363680,15363.68
q21,q21,SCAN,GPU_SCAN,92,22,0,14700931152,0.0,14.700931152,0,600037902,0,22,,,23668285,23668.285
q22,q22,AGGREGATE,HASH_GROUP_BY,32,4,8896736,856,0.008896736,8.56e-07,635480,28,4,4,9.621506134384565e-05,4.406118209857116e-05,49122,49.122
q22,q22,AGGREGATE,MERGE_AGGREGATE,36,1,16,8,1.6e-08,8e-09,1,1,1,1,0.5,1.0,14083,14.083
q22,q22,AGGREGATE,MERGE_AGGREGATE,37,1,16,16,1.6e-08,1.6e-08,1,1,1,1,1.0,1.0,10,0.01
q22,q22,AGGREGATE,MERGE_GROUP_BY,46,1,15506600,15506600,0.0155066,0.0155066,1908501,1908501,1,1,1.0,1.0,1,0.001
q22,q22,AGGREGATE,MERGE_GROUP_BY,55,1,856,214,8.56e-07,2.14e-07,28,7,4,1,0.25,0.25,2514,2.514
q22,q22,AGGREGATE,UNGROUPED_AGGREGATE,23,1,31023104,16,0.031023104,1.6e-08,3818224,1,1,1,5.157446527594402e-07,2.619018685126907e-07,7966,7.966
q22,q22,AGGREGATE,UNGROUPED_AGGREGATE,24,1,8,16,8e-09,1.6e-08,1,1,1,1,2.0,1.0,3237,3.237
q22,q22,CONCAT,CONCAT,38,1,8,8,8e-09,8e-09,1,1,1,1,1.0,1.0,0,0.0
q22,q22,CONCAT,CONCAT,41,1,148575102,148575102,0.148575102,0.148575102,4199998,4199998,1,1,1.0,1.0,3,0.003
q22,q22,CONCAT,CONCAT,45,4,82304215,82304215,0.082304215,0.082304215,1908501,1908501,4,4,1.0,1.0,6,0.006
q22,q22,CONCAT,CONCAT,47,1,15506600,15506600,0.0155066,0.0155066,1908501,1908501,1,1,1.0,1.0,0,0.0
q22,q22,CONCAT,CONCAT,50,3,1218750144,1218750144,1.218750144,1.218750144,150000000,150000000,3,3,1.0,1.0,7,0.007
q22,q22,CONCAT,CONCAT,52,4,152842152,152842152,0.152842152,0.152842152,19105269,19105269,12,4,1.0,1.0,3754,3.754
q22,q22,JOIN,HASH_JOIN,19,3,1234256744,310460880,1.234256744,0.31046088,151908501,19105269,4,3,0.2515367094481924,0.12576826757048967,174236,174.236
q22,q22,JOIN,HASH_JOIN,27,4,235146367,17237528,0.235146367,0.017237528,21013770,635480,8,4,0.07330552549000258,0.03024112284468708,109193,109.193
q22,q22,JOIN,NESTED_LOOP_JOIN,26,1,148575110,82781323,0.14857511,0.082781323,4199999,1908501,2,1,0.5571681757462605,0.45440510819169244,9890,9.89
q22,q22,JOIN,RIGHT_DELIM_JOIN,28,1,82781323,82781323,0.082781323,0.082781323,1908501,1908501,1,1,1.0,1.0,1,0.001
q22,q22,PARTITION,PARTITION,39,1,8,8,8e-09,8e-09,1,1,1,1,1.0,1.0,1,0.001
q22,q22,PARTITION,PARTITION,42,1,148575102,148575102,0.148575102,0.148575102,4199998,4199998,1,1,1.0,1.0,0,0.0
q22,q22,PARTITION,PARTITION,44,1,15506600,15506600,0.0155066,0.0155066,1908501,1908501,1,1,1.0,1.0,3,0.003
q22,q22,PARTITION,PARTITION,48,1,15506600,15506600,0.0155066,0.0155066,1908501,1908501,1,1,1.0,1.0,0,0.0
q22,q22,PARTITION,PARTITION,51,3,1218750144,1218750144,1.218750144,1.218750144,150000000,150000000,3,3,1.0,1.0,5,0.005
q22,q22,PARTITION,PARTITION,53,3,155230440,152842152,0.15523044,0.152842152,19105269,19105269,3,12,0.9846145639991744,1.0,38229,38.229
q22,q22,PARTITION,PARTITION,54,4,856,856,8.56e-07,8.56e-07,28,28,4,4,1.0,1.0,7,0.007
q22,q22,PROJECTION,PROJECTION,20,3,310460880,155230440,0.31046088,0.15523044,19105269,19105269,3,3,0.5,1.0,16770,16.77
q22,q22,PROJECTION,PROJECTION,25,1,16,8,1.6e-08,8e-09,1,1,1,1,0.5,1.0,7081,7.081
q22,q22,PROJECTION,PROJECTION,31,4,17237528,8896736,0.017237528,0.008896736,635480,635480,4,4,0.5161259781564966,1.0,16452,16.452
q22,q22,RESULT,RESULT_COLLECTOR,34,1,214,214,2.14e-07,2.14e-07,7,7,1,1,1.0,1.0,1,0.001
q22,q22,SCAN,GPU_SCAN,35,1,0,31023104,0.0,0.031023104,0,3818224,0,1,,,209555,209.555
q22,q22,SCAN,GPU_SCAN,40,1,0,148575102,0.0,0.148575102,0,4199998,0,1,,,202012,202.012
q22,q22,SCAN,GPU_SCAN,49,3,0,1218750144,0.0,1.218750144,0,150000000,0,3,,,1065294,1065.294
q22,q22,SORT,MERGE_SORT,58,1,214,214,2.14e-07,2.14e-07,7,7,1,1,1.0,1.0,2,0.002
q22,q22,SORT,ORDER_BY,33,1,214,214,2.14e-07,2.14e-07,7,7,1,1,1.0,1.0,4206,4.206
q22,q22,SORT,SORT_PARTITION,57,1,214,214,2.14e-07,2.14e-07,7,7,1,1,1.0,1.0,2,0.002
q22,q22,SORT,SORT_SAMPLE,56,1,214,214,2.14e-07,2.14e-07,7,7,1,1,1.0,1.0,6,0.006
q4,q4,AGGREGATE,HASH_GROUP_BY,24,4,65258440,424,0.06525844,4.24e-07,5262165,20,4,4,6.497243881404459e-06,3.8007170052630427e-06,123959,123.959
q4,q4,AGGREGATE,MERGE_GROUP_BY,29,1,46626984,45909608,0.046626984,0.045909608,5738701,5738701,3,1,0.9846145742559717,1.0,7737,7.737
q4,q4,AGGREGATE,MERGE_GROUP_BY,40,1,424,106,4.24e-07,1.06e-07,20,5,4,1,0.25,0.25,1099,1.099
q4,q4,CONCAT,CONCAT,30,1,45909608,45909608,0.045909608,0.045909608,5738701,5738701,1,1,1.0,1.0,1,0.001
q4,q4,CONCAT,CONCAT,33,9,3082271824,3051948368,3.082271824,3.051948368,379356474,379356474,13,9,0.9901619786535738,1.0,42656,42.656
q4,q4,CONCAT,CONCAT,35,4,116165920,116165920,0.11616592,0.11616592,14520740,14520740,36,4,1.0,1.0,6503,6.503
q4,q4,CONCAT,CONCAT,37,4,117793550,117075822,0.11779355,0.117075822,5738701,5738701,12,4,0.9939068989770662,1.0,6732,6.732
q4,q4,FILTER,FILTER,15,13,9825621984,6211963680,9.825621984,6.21196368,600037902,379356474,13,13,0.6322209108100775,0.6322208526087407,318695,318.695
q4,q4,JOIN,HASH_JOIN,18,9,3097857976,232986688,3.097857976,0.232986688,385095175,14520740,10,9,0.07520896367910186,0.037706886356080674,346984,346.984
q4,q4,JOIN,HASH_JOIN,20,4,233241742,65258440,0.233241742,0.06525844,20259441,5262165,8,4,0.2797888552898906,0.2597389039510024,74725,74.725
q4,q4,JOIN,LEFT_DELIM_JOIN,21,3,118510570,118510570,0.11851057,0.11851057,5738701,5738701,3,3,1.0,1.0,4,0.004
q4,q4,PARTITION,PARTITION,28,3,46626984,46626984,0.046626984,0.046626984,5738701,5738701,3,3,1.0,1.0,8,0.008
q4,q4,PARTITION,PARTITION,31,1,45909608,45909608,0.045909608,0.045909608,5738701,5738701,1,1,1.0,1.0,4,0.004
q4,q4,PARTITION,PARTITION,34,13,3082271824,3082271824,3.082271824,3.082271824,379356474,379356474,13,13,1.0,1.0,44,0.044
q4,q4,PARTITION,PARTITION,36,9,116820768,116165920,0.116820768,0.11616592,14520740,14520740,9,36,0.994394421375487,1.0,46781,46.781
q4,q4,PARTITION,PARTITION,38,3,118510570,117793550,0.11851057,0.11779355,5738701,5738701,3,12,0.9939497379853965,1.0,18752,18.752
q4,q4,PARTITION,PARTITION,39,4,424,424,4.24e-07,4.24e-07,20,20,4,4,1.0,1.0,14,0.014
q4,q4,PROJECTION,PROJECTION,16,13,6211963680,3082271824,6.21196368,3.082271824,379356474,379356474,13,13,0.49618316892670566,1.0,33848,33.848
q4,q4,PROJECTION,PROJECTION,19,9,232986688,116820768,0.232986688,0.116820768,14520740,14520740,9,9,0.5014053335098699,1.0,10521,10.521
q4,q4,RESULT,RESULT_COLLECTOR,26,1,106,106,1.06e-07,1.06e-07,5,5,1,1,1.0,1.0,6,0.006
q4,q4,SCAN,GPU_SCAN,27,3,0,118510570,0.0,0.11851057,0,5738701,0,3,,,1064969,1064.969
q4,q4,SCAN,GPU_SCAN,32,13,0,9825621984,0.0,9.825621984,0,600037902,0,13,,,12135141,12135.141
q4,q4,SORT,MERGE_SORT,43,1,114,106,1.14e-07,1.06e-07,5,5,3,1,0.9298245614035088,1.0,4725,4.725
q4,q4,SORT,ORDER_BY,25,1,106,106,1.06e-07,1.06e-07,5,5,1,1,1.0,1.0,12038,12.038
q4,q4,SORT,SORT_PARTITION,42,1,106,114,1.06e-07,1.14e-07,5,5,1,3,1.0754716981132075,1.0,3169,3.169
q4,q4,SORT,SORT_SAMPLE,41,1,106,106,1.06e-07,1.06e-07,5,5,1,1,1.0,1.0,270,0.27
q5,q5,AGGREGATE,HASH_GROUP_BY,26,6,14611805,864,0.014611805,8.64e-07,730648,30,6,6,5.9130271722076776e-05,4.105944312445938e-05,83149,83.149
q5,q5,AGGREGATE,MERGE_GROUP_BY,56,1,864,144,8.64e-07,1.44e-07,30,5,6,1,0.16666666666666666,0.16666666666666666,2119,2.119
q5,q5,CONCAT,CONCAT,30,1,68,68,6.8e-08,6.8e-08,1,1,1,1,1.0,1.0,0,0.0
q5,q5,CONCAT,CONCAT,33,1,673,673,6.73e-07,6.73e-07,25,25,1,1,1.0,1.0,3,0.003
q5,q5,CONCAT,CONCAT,35,1,296,296,2.96e-07,2.96e-07,5,5,1,1,1.0,1.0,0,0.0
q5,q5,CONCAT,CONCAT,38,1,183750016,183750016,0.183750016,0.183750016,15000000,15000000,1,1,1.0,1.0,1,0.001
q5,q5,CONCAT,CONCAT,40,4,72336836,72336836,0.072336836,0.072336836,2998599,2998599,4,4,1.0,1.0,9,0.009
q5,q5,CONCAT,CONCAT,43,4,364173040,364173040,0.36417304,0.36417304,22760815,22760815,20,4,1.0,1.0,13205,13.205
q5,q5,CONCAT,CONCAT,45,4,109742311,109173047,0.109742311,0.109173047,4549358,4549358,16,4,0.9948127208657015,1.0,9615,9.615
q5,q5,CONCAT,CONCAT,48,1,12250112,12250112,0.012250112,0.012250112,1000000,1000000,1,1,1.0,1.0,7,0.007
q5,q5,CONCAT,CONCAT,51,56,19201212864,19201212864,19.201212864,19.201212864,600037902,600037902,112,56,1.0,1.0,341074,341.074
q5,q5,CONCAT,CONCAT,53,6,727827645,727827445,0.727827645,0.727827445,18196777,18196777,56,6,0.9999997252096683,1.0,32250,32.25
q5,q5,JOIN,HASH_JOIN,19,1,741,296,7.41e-07,2.96e-07,26,5,2,1,0.39946018893387314,0.19230769230769232,6547,6.547
q5,q5,JOIN,HASH_JOIN,20,1,183750312,73086392,0.183750312,0.073086392,15000005,2998599,2,1,0.3977483967483005,0.19990653336448888,9483,9.483
q5,q5,JOIN,HASH_JOIN,21,4,436509876,109741815,0.436509876,0.109741815,25759414,4549358,8,4,0.2514074045829836,0.17660953001492968,37729,37.729
q5,q5,JOIN,HASH_JOIN,22,56,20729635522,727827645,20.729635522,0.727827645,663728914,18196777,112,56,0.03511048924268684,0.027415977541698597,1067593,1067.593
q5,q5,JOIN,HASH_JOIN,24,6,740077557,29407933,0.740077557,0.029407933,19196777,730648,7,6,0.039736285368804934,0.03806097242261031,24875,24.875
q5,q5,PARTITION,PARTITION,31,1,68,68,6.8e-08,6.8e-08,1,1,1,1,1.0,1.0,3,0.003
q5,q5,PARTITION,PARTITION,34,1,673,673,6.73e-07,6.73e-07,25,25,1,1,1.0,1.0,2,0.002
q5,q5,PARTITION,PARTITION,36,1,296,296,2.96e-07,2.96e-07,5,5,1,1,1.0,1.0,3,0.003
q5,q5,PARTITION,PARTITION,39,1,183750016,183750016,0.183750016,0.183750016,15000000,15000000,1,1,1.0,1.0,3,0.003
q5,q5,PARTITION,PARTITION,41,1,73086392,72336836,0.073086392,0.072336836,2998599,2998599,1,4,0.9897442467812613,1.0,13127,13.127
q5,q5,PARTITION,PARTITION,44,5,369863536,364173040,0.369863536,0.36417304,22760815,22760815,5,20,0.9846146066153436,1.0,48903,48.903
q5,q5,PARTITION,PARTITION,46,4,109741815,109742311,0.109741815,0.109742311,4549358,4549358,4,16,1.0000045196992595,1.0,58514,58.514
q5,q5,PARTITION,PARTITION,49,1,12250112,12250112,0.012250112,0.012250112,1000000,1000000,1,1,1.0,1.0,4,0.004
q5,q5,PARTITION,PARTITION,52,28,19501234880,19201212864,19.50123488,19.201212864,600037902,600037902,28,112,0.9846152298638434,1.0,452964,452.964
q5,q5,PARTITION,PARTITION,54,56,727827645,727827645,0.727827645,0.727827645,18196777,18196777,56,56,1.0,1.0,314,0.314
q5,q5,PARTITION,PARTITION,55,6,864,864,8.64e-07,8.64e-07,30,30,6,6,1.0,1.0,105,0.105
q5,q5,PROJECTION,PROJECTION,25,6,29407933,14611805,0.029407933,0.014611805,730648,730648,6,6,0.4968661007218698,1.0,6048,6.048
q5,q5,RESULT,RESULT_COLLECTOR,28,1,144,144,1.44e-07,1.44e-07,5,5,1,1,1.0,1.0,2,0.002
q5,q5,SCAN,GPU_SCAN,29,1,0,68,0.0,6.8e-08,0,1,0,1,,,39116,39.116
q5,q5,SCAN,GPU_SCAN,32,1,0,673,0.0,6.73e-07,0,25,0,1,,,11347,11.347
q5,q5,SCAN,GPU_SCAN,37,1,0,183750016,0.0,0.183750016,0,15000000,0,1,,,51521,51.521
q5,q5,SCAN,GPU_SCAN,42,5,0,369863536,0.0,0.369863536,0,22760815,0,5,,,2959054,2959.054
q5,q5,SCAN,GPU_SCAN,47,1,0,12250112,0.0,0.012250112,0,1000000,0,1,,,22581,22.581
q5,q5,SCAN,GPU_SCAN,50,28,0,19501234880,0.0,19.50123488,0,600037902,0,28,,,35500205,35500.205
q5,q5,SORT,MERGE_SORT,59,1,152,144,1.52e-07,1.44e-07,5,5,3,1,0.9473684210526315,1.0,11558,11.558
q5,q5,SORT,ORDER_BY,27,1,144,144,1.44e-07,1.44e-07,5,5,1,1,1.0,1.0,4703,4.703
q5,q5,SORT,SORT_PARTITION,58,1,144,152,1.44e-07,1.52e-07,5,5,1,3,1.0555555555555556,1.0,2387,2.387
q5,q5,SORT,SORT_SAMPLE,57,1,144,144,1.44e-07,1.44e-07,5,5,1,1,1.0,1.0,39,0.039
q6,q6,AGGREGATE,MERGE_AGGREGATE,8,1,160,16,1.6e-07,1.6e-08,10,1,10,1,0.1,0.1,2519,2.519
q6,q6,AGGREGATE,UNGROUPED_AGGREGATE,5,10,92830416,160,0.092830416,1.6e-07,11425242,10,10,10,1.723573015120389e-06,8.752549836581142e-07,73416,73.416
q6,q6,PROJECTION,PROJECTION,4,10,185660832,92830416,0.185660832,0.092830416,11425242,11425242,10,10,0.5,1.0,152834,152.834
q6,q6,RESULT,RESULT_COLLECTOR,6,1,16,16,1.6e-08,1.6e-08,1,1,1,1,1.0,1.0,4,0.004
q6,q6,SCAN,GPU_SCAN,7,10,0,185660832,0.0,0.185660832,0,11425242,0,10,,,16088695,16088.695
q7,q7,AGGREGATE,HASH_GROUP_BY,32,2,24610680,544,0.02461068,5.44e-07,584228,8,2,2,2.2104224669940042e-05,1.369328412879903e-05,48832,48.832
q7,q7,AGGREGATE,MERGE_GROUP_BY,62,1,544,208,5.44e-07,2.08e-07,8,4,2,1,0.38235294117647056,0.5,6312,6.312
q7,q7,CONCAT,CONCAT,36,1,166,166,1.66e-07,1.66e-07,2,2,1,1,1.0,1.0,0,0.0
q7,q7,CONCAT,CONCAT,39,1,12250112,12250112,0.012250112,0.012250112,1000000,1000000,1,1,1.0,1.0,0,0.0
q7,q7,CONCAT,CONCAT,41,1,1701371,1701371,0.001701371,0.001701371,80079,80079,1,1,1.0,1.0,1,0.001
q7,q7,CONCAT,CONCAT,44,19,6676786520,6597946200,6.67678652,6.5979462,182301190,182301190,30,19,0.9881918764717372,1.0,111152,111.152
q7,q7,CONCAT,CONCAT,46,4,600127512,598300600,0.600127512,0.5983006,14594960,14594960,76,4,0.9969557936214063,1.0,33713,33.713
q7,q7,CONCAT,CONCAT,49,1,166,166,1.66e-07,1.66e-07,2,2,1,1,1.0,1.0,1,0.001
q7,q7,CONCAT,CONCAT,52,1,183750016,183750016,0.183750016,0.183750016,15000000,15000000,1,1,1.0,1.0,1,0.001
q7,q7,CONCAT,CONCAT,54,1,25510578,25510578,0.025510578,0.025510578,1200734,1200734,1,1,1.0,1.0,5,0.005
q7,q7,CONCAT,CONCAT,57,8,2400000000,2400000000,2.4,2.4,150000000,150000000,20,8,1.0,1.0,44182,44.182
q7,q7,CONCAT,CONCAT,59,2,598300616,598300592,0.598300616,0.598300592,14594960,14594960,8,2,0.9999999598863859,1.0,5275,5.275
q7,q7,FILTER,FILTER,21,1,509,166,5.09e-07,1.66e-07,25,2,1,1,0.32612966601178783,0.08,8147,8.147
q7,q7,FILTER,FILTER,27,1,509,166,5.09e-07,1.66e-07,25,2,1,1,0.32612966601178783,0.08,1167,1.167
q7,q7,FILTER,FILTER,30,2,53862968,26947592,0.053862968,0.026947592,1167860,584228,2,2,0.5002990551876012,0.5002551675714555,3409,3.409
q7,q7,JOIN,HASH_JOIN,22,1,12250278,1701371,0.012250278,0.001701371,1000002,80079,2,1,0.13888427674865828,0.08007883984232031,7313,7.313
q7,q7,JOIN,HASH_JOIN,23,19,6599647571,602374260,6.599647571,0.60237426,182381269,14594960,20,19,0.09127370113624511,0.08002444593145144,110120,110.12
q7,q7,JOIN,HASH_JOIN,24,8,3596601200,598300616,3.5966012,0.598300616,179189920,14594960,16,8,0.16635167001556914,0.08144967082969845,243660,243.66
q7,q7,JOIN,HASH_JOIN,28,1,183750182,25510578,0.183750182,0.025510578,15000002,1200734,2,1,0.13883294004029884,0.08004892266014364,5511,5.511
q7,q7,JOIN,HASH_JOIN,29,2,623811170,53862968,0.62381117,0.053862968,15795694,1167860,3,2,0.08634498801937131,0.0739353395931828,10454,10.454
q7,q7,PARTITION,PARTITION,37,1,166,166,1.66e-07,1.66e-07,2,2,1,1,1.0,1.0,3,0.003
q7,q7,PARTITION,PARTITION,40,1,12250112,12250112,0.012250112,0.012250112,1000000,1000000,1,1,1.0,1.0,3,0.003
q7,q7,PARTITION,PARTITION,42,1,1701371,1701371,0.001701371,0.001701371,80079,80079,1,1,1.0,1.0,3,0.003
q7,q7,PARTITION,PARTITION,45,30,6676786520,6676786520,6.67678652,6.67678652,182301190,182301190,30,30,1.0,1.0,109,0.109
q7,q7,PARTITION,PARTITION,47,19,602374260,600127512,0.60237426,0.600127512,14594960,14594960,19,76,0.9962701792735964,1.0,201567,201.567
q7,q7,PARTITION,PARTITION,50,1,166,166,1.66e-07,1.66e-07,2,2,1,1,1.0,1.0,10,0.01
q7,q7,PARTITION,PARTITION,53,1,183750016,183750016,0.183750016,0.183750016,15000000,15000000,1,1,1.0,1.0,7,0.007
q7,q7,PARTITION,PARTITION,55,1,25510578,25510578,0.025510578,0.025510578,1200734,1200734,1,1,1.0,1.0,8,0.008
q7,q7,PARTITION,PARTITION,58,5,2437500288,2400000000,2.437500288,2.4,150000000,150000000,5,20,0.9846152682793037,1.0,76627,76.627
q7,q7,PARTITION,PARTITION,60,8,598300616,598300616,0.598300616,0.598300616,14594960,14594960,8,8,1.0,1.0,53,0.053
q7,q7,PARTITION,PARTITION,61,2,544,544,5.44e-07,5.44e-07,8,8,2,2,1.0,1.0,11,0.011
q7,q7,PROJECTION,PROJECTION,31,2,26947592,24610680,0.026947592,0.02461068,584228,584228,2,2,0.9132793757601793,1.0,8585,8.585
q7,q7,RESULT,RESULT_COLLECTOR,34,1,208,208,2.08e-07,2.08e-07,4,4,1,1,1.0,1.0,3,0.003
q7,q7,SCAN,GPU_SCAN,35,1,0,509,0.0,5.09e-07,0,25,0,1,,,33555,33.555
q7,q7,SCAN,GPU_SCAN,38,1,0,12250112,0.0,0.012250112,0,1000000,0,1,,,23759,23.759
q7,q7,SCAN,GPU_SCAN,43,30,0,6676786520,0.0,6.67678652,0,182301190,0,30,,,39244589,39244.589
q7,q7,SCAN,GPU_SCAN,48,1,0,509,0.0,5.09e-07,0,25,0,1,,,3646,3.646
q7,q7,SCAN,GPU_SCAN,51,1,0,183750016,0.0,0.183750016,0,15000000,0,1,,,47620,47.62
q7,q7,SCAN,GPU_SCAN,56,5,0,2437500288,0.0,2.437500288,0,150000000,0,5,,,2114308,2114.308
q7,q7,SORT,MERGE_SORT,65,1,232,208,2.32e-07,2.08e-07,4,4,4,1,0.896551724137931,1.0,8711,8.711
q7,q7,SORT,ORDER_BY,33,1,208,208,2.08e-07,2.08e-07,4,4,1,1,1.0,1.0,6625,6.625
q7,q7,SORT,SORT_PARTITION,64,1,208,232,2.08e-07,2.32e-07,4,4,1,4,1.1153846153846154,1.0,3522,3.522
q7,q7,SORT,SORT_SAMPLE,63,1,208,208,2.08e-07,2.08e-07,4,4,1,1,1.0,1.0,1767,1.767
q8,q8,AGGREGATE,HASH_GROUP_BY,37,1,5824320,80,0.00582432,8e-08,242680,2,1,1,1.3735509037964947e-05,8.241305422778968e-06,11461,11.461
q8,q8,AGGREGATE,MERGE_GROUP_BY,78,1,80,80,8e-08,8e-08,2,2,1,1,1.0,1.0,1,0.001
q8,q8,CONCAT,CONCAT,42,1,68,68,6.8e-08,6.8e-08,1,1,1,1,1.0,1.0,0,0.0
q8,q8,CONCAT,CONCAT,45,1,328,328,3.28e-07,3.28e-07,25,25,1,1,1.0,1.0,3,0.003
q8,q8,CONCAT,CONCAT,47,1,168,168,1.68e-07,1.68e-07,5,5,1,1,1.0,1.0,1,0.001
q8,q8,CONCAT,CONCAT,50,1,183750016,183750016,0.183750016,0.183750016,15000000,15000000,1,1,1.0,1.0,5,0.005
q8,q8,CONCAT,CONCAT,52,1,49149952,49149952,0.049149952,0.049149952,3001516,3001516,1,1,1.0,1.0,1,0.001
q8,q8,CONCAT,CONCAT,55,3,928583552,914959040,0.928583552,0.91495904,45574624,45574624,5,3,0.9853276401777145,1.0,15946,15.946
q8,q8,CONCAT,CONCAT,57,4,255514728,255514728,0.255514728,0.255514728,9125526,9125526,12,4,1.0,1.0,5860,5.86
q8,q8,CONCAT,CONCAT,60,1,1083152,1083152,0.001083152,0.001083152,133306,133306,1,1,1.0,1.0,7,0.007
q8,q8,CONCAT,CONCAT,63,1,509,509,5.09e-07,5.09e-07,25,25,1,1,1.0,1.0,6,0.006
q8,q8,CONCAT,CONCAT,66,1,12250112,12250112,0.012250112,0.012250112,1000000,1000000,1,1,1.0,1.0,2,0.002
q8,q8,CONCAT,CONCAT,68,1,19332701,19332701,0.019332701,0.019332701,1000000,1000000,1,1,1.0,1.0,7,0.007
q8,q8,CONCAT,CONCAT,71,72,24001516080,24001516080,24.00151608,24.00151608,600037902,600037902,148,72,1.0,1.0,505241,505.241
q8,q8,CONCAT,CONCAT,73,4,1314202464,1314202464,1.314202464,1.314202464,36505624,36505624,72,4,1.0,1.0,53403,53.403
q8,q8,CONCAT,CONCAT,75,1,8766944,8736480,0.008766944,0.00873648,242680,242680,4,1,0.9965251289388868,1.0,230,0.23
q8,q8,JOIN,HASH_JOIN,25,1,396,168,3.96e-07,1.68e-07,26,5,2,1,0.42424242424242425,0.19230769230769232,9552,9.552
q8,q8,JOIN,HASH_JOIN,26,1,183750184,49149952,0.183750184,0.049149952,15000005,3001516,2,1,0.26748246412640325,0.20010099996633335,6418,6.418
q8,q8,JOIN,HASH_JOIN,27,3,964108992,259399848,0.964108992,0.259399848,48576140,9125526,4,3,0.2690565591156731,0.18786025402594772,42344,42.344
q8,q8,JOIN,HASH_JOIN,28,72,28600781184,1314202464,28.600781184,1.314202464,764297370,36505624,144,72,0.04594988002408822,0.047763639432646485,1456390,1456.39
q8,q8,JOIN,HASH_JOIN,30,4,1315285616,8766944,1.315285616,0.008766944,36638930,242680,5,4,0.006665429845315057,0.00662355587349303,26996,26.996
q8,q8,JOIN,HASH_JOIN,33,1,12250621,19332701,0.012250621,0.019332701,1000025,1000000,2,1,1.5780996734777772,0.9999750006249843,2196,2.196
q8,q8,JOIN,HASH_JOIN,34,1,28069181,7574015,0.028069181,0.007574015,1242680,242680,2,1,0.26983384374485314,0.19528760421025526,1765,1.765
q8,q8,PARTITION,PARTITION,43,1,68,68,6.8e-08,6.8e-08,1,1,1,1,1.0,1.0,3,0.003
q8,q8,PARTITION,PARTITION,46,1,328,328,3.28e-07,3.28e-07,25,25,1,1,1.0,1.0,2,0.002
q8,q8,PARTITION,PARTITION,48,1,168,168,1.68e-07,1.68e-07,5,5,1,1,1.0,1.0,3,0.003
q8,q8,PARTITION,PARTITION,51,1,183750016,183750016,0.183750016,0.183750016,15000000,15000000,1,1,1.0,1.0,3,0.003
q8,q8,PARTITION,PARTITION,53,1,49149952,49149952,0.049149952,0.049149952,3001516,3001516,1,1,1.0,1.0,3,0.003
q8,q8,PARTITION,PARTITION,56,5,928583552,928583552,0.928583552,0.928583552,45574624,45574624,5,5,1.0,1.0,10,0.01
q8,q8,PARTITION,PARTITION,58,3,259399848,255514728,0.259399848,0.255514728,9125526,9125526,3,12,0.9850226589184432,1.0,28537,28.537
q8,q8,PARTITION,PARTITION,61,1,1083152,1083152,0.001083152,0.001083152,133306,133306,1,1,1.0,1.0,8,0.008
q8,q8,PARTITION,PARTITION,64,1,509,509,5.09e-07,5.09e-07,25,25,1,1,1.0,1.0,9,0.009
q8,q8,PARTITION,PARTITION,67,1,12250112,12250112,0.012250112,0.012250112,1000000,1000000,1,1,1.0,1.0,7,0.007
q8,q8,PARTITION,PARTITION,69,1,19332701,19332701,0.019332701,0.019332701,1000000,1000000,1,1,1.0,1.0,8,0.008
q8,q8,PARTITION,PARTITION,72,37,24376545840,24001516080,24.37654584,24.00151608,600037902,600037902,37,148,0.9846151393859665,1.0,603733,603.733
q8,q8,PARTITION,PARTITION,74,72,1314202464,1314202464,1.314202464,1.314202464,36505624,36505624,72,72,1.0,1.0,984,0.984
q8,q8,PARTITION,PARTITION,76,4,8766944,8766944,0.008766944,0.008766944,242680,242680,4,4,1.0,1.0,18,0.018
q8,q8,PARTITION,PARTITION,77,1,80,80,8e-08,8e-08,2,2,1,1,1.0,1.0,8,0.008
q8,q8,PROJECTION,PROJECTION,35,1,7574015,6603295,0.007574015,0.006603295,242680,242680,1,1,0.8718354795970169,1.0,9092,9.092
q8,q8,PROJECTION,PROJECTION,36,1,6603295,5824320,0.006603295,0.00582432,242680,242680,1,1,0.8820323792894305,1.0,17300,17.3
q8,q8,PROJECTION,PROJECTION,38,1,80,32,8e-08,3.2e-08,2,2,1,1,0.4,1.0,1521,1.521
q8,q8,RESULT,RESULT_COLLECTOR,40,1,32,32,3.2e-08,3.2e-08,2,2,1,1,1.0,1.0,7,0.007
q8,q8,SCAN,GPU_SCAN,41,1,0,68,0.0,6.8e-08,0,1,0,1,,,41776,41.776
q8,q8,SCAN,GPU_SCAN,44,1,0,328,0.0,3.28e-07,0,25,0,1,,,9708,9.708
q8,q8,SCAN,GPU_SCAN,49,1,0,183750016,0.0,0.183750016,0,15000000,0,1,,,42432,42.432
q8,q8,SCAN,GPU_SCAN,54,5,0,928583552,0.0,0.928583552,0,45574624,0,5,,,2936666,2936.666
q8,q8,SCAN,GPU_SCAN,59,1,0,1083152,0.0,0.001083152,0,133306,0,1,,,82102,82.102
q8,q8,SCAN,GPU_SCAN,62,1,0,509,0.0,5.09e-07,0,25,0,1,,,3552,3.552
q8,q8,SCAN,GPU_SCAN,65,1,0,12250112,0.0,0.012250112,0,1000000,0,1,,,22736,22.736
q8,q8,SCAN,GPU_SCAN,70,37,0,24376545840,0.0,24.37654584,0,600037902,0,37,,,54707250,54707.25
q8,q8,SORT,MERGE_SORT,81,1,32,32,3.2e-08,3.2e-08,2,2,2,1,1.0,1.0,5698,5.698
q8,q8,SORT,ORDER_BY,39,1,32,32,3.2e-08,3.2e-08,2,2,1,1,1.0,1.0,5185,5.185
q8,q8,SORT,SORT_PARTITION,80,1,32,32,3.2e-08,3.2e-08,2,2,1,2,1.0,1.0,3335,3.335
q8,q8,SORT,SORT_SAMPLE,79,1,32,32,3.2e-08,3.2e-08,2,2,1,1,1.0,1.0,158,0.158
q9,q9,AGGREGATE,HASH_GROUP_BY,26,10,883698043,61750,0.883698043,6.175e-05,32587188,1750,10,10,6.987680971926742e-05,5.370208684468264e-05,230122,230.122
q9,q9,AGGREGATE,MERGE_GROUP_BY,56,1,61750,6143,6.175e-05,6.143e-06,1750,175,10,1,0.09948178137651822,0.1,2849,2.849
q9,q9,CONCAT,CONCAT,30,1,8825664,8825664,0.008825664,0.008825664,1086232,1086232,1,1,1.0,1.0,0,0.0
q9,q9,CONCAT,CONCAT,33,4,1800000000,1800000000,1.8,1.8,150000000,150000000,12,4,1.0,1.0,43561,43.561
q9,q9,CONCAT,CONCAT,36,1,509,509,5.09e-07,5.09e-07,25,25,1,1,1.0,1.0,3,0.003
q9,q9,CONCAT,CONCAT,39,1,12250112,12250112,0.012250112,0.012250112,1000000,1000000,1,1,1.0,1.0,1,0.001
q9,q9,CONCAT,CONCAT,41,1,19332701,19332701,0.019332701,0.019332701,1000000,1000000,1,1,1.0,1.0,1,0.001
q9,q9,CONCAT,CONCAT,44,4,1950000384,1950000384,1.950000384,1.950000384,80000000,80000000,4,4,1.0,1.0,11,0.011
q9,q9,CONCAT,CONCAT,46,10,2816607456,2809395064,2.816607456,2.809395064,80000000,80000000,20,10,0.9974393336264746,1.0,135514,135.514
q9,q9,CONCAT,CONCAT,49,38,29251855392,29251855392,29.251855392,29.251855392,600037902,600037902,38,38,1.0,1.0,73,0.073
q9,q9,CONCAT,CONCAT,51,4,1564185024,1564185024,1.564185024,1.564185024,32587188,32587188,152,4,1.0,1.0,25751,25.751
q9,q9,CONCAT,CONCAT,53,5,1433836272,1433836272,1.433836272,1.433836272,32587188,32587188,20,5,1.0,1.0,36469,36.469
q9,q9,JOIN,HASH_JOIN,16,38,29260681056,1588632384,29.260681056,1.588632384,601124134,32587188,39,38,0.054292392612448975,0.05421041371797593,1805980,1805.98
q9,q9,JOIN,HASH_JOIN,18,4,3364185024,1433836272,3.364185024,1.433836272,182587188,32587188,8,4,0.4262061277162382,0.17847466931798084,124770,124.77
q9,q9,JOIN,HASH_JOIN,22,1,12250621,19332701,0.012250621,0.019332701,1000025,1000000,2,1,1.5780996734777772,0.9999750006249843,1793,1.793
q9,q9,JOIN,HASH_JOIN,23,4,1969333085,2846607328,1.969333085,2.846607328,81000000,80000000,5,4,1.4454676812581961,0.9876543209876543,207653,207.653
q9,q9,JOIN,HASH_JOIN,24,10,5677067608,1535441803,5.677067608,1.535441803,145174376,32587188,20,10,0.2704638924567833,0.2244692823752864,448874,448.874
q9,q9,PARTITION,PARTITION,31,1,8825664,8825664,0.008825664,0.008825664,1086232,1086232,1,1,1.0,1.0,3,0.003
q9,q9,PARTITION,PARTITION,34,3,1837500288,1800000000,1.837500288,1.8,150000000,150000000,3,12,0.9795916831986913,1.0,62673,62.673
q9,q9,PARTITION,PARTITION,37,1,509,509,5.09e-07,5.09e-07,25,25,1,1,1.0,1.0,3,0.003
q9,q9,PARTITION,PARTITION,40,1,12250112,12250112,0.012250112,0.012250112,1000000,1000000,1,1,1.0,1.0,1,0.001
q9,q9,PARTITION,PARTITION,42,1,19332701,19332701,0.019332701,0.019332701,1000000,1000000,1,1,1.0,1.0,5,0.005
q9,q9,PARTITION,PARTITION,45,4,1950000384,1950000384,1.950000384,1.950000384,80000000,80000000,4,4,1.0,1.0,27,0.027
q9,q9,PARTITION,PARTITION,47,4,2846607328,2816607456,2.846607328,2.816607456,80000000,80000000,4,20,0.9894611835974308,1.0,238030,238.03
q9,q9,PARTITION,PARTITION,50,38,29251855392,29251855392,29.251855392,29.251855392,600037902,600037902,38,38,1.0,1.0,187,0.187
q9,q9,PARTITION,PARTITION,52,38,1588632384,1564185024,1.588632384,1.564185024,32587188,32587188,38,152,0.9846110653123888,1.0,187841,187.841
q9,q9,PARTITION,PARTITION,54,4,1433836272,1433836272,1.433836272,1.433836272,32587188,32587188,4,20,1.0,1.0,54063,54.063
q9,q9,PARTITION,PARTITION,55,10,61750,61750,6.175e-05,6.175e-05,1750,1750,10,10,1.0,1.0,101,0.101
q9,q9,PROJECTION,PROJECTION,25,10,1535441803,883698043,1.535441803,0.883698043,32587188,32587188,10,10,0.5755334010532993,1.0,93176,93.176
q9,q9,RESULT,RESULT_COLLECTOR,28,1,6143,6143,6.143e-06,6.143e-06,175,175,1,1,1.0,1.0,8,0.008
q9,q9,SCAN,GPU_SCAN,29,1,0,8825664,0.0,0.008825664,0,1086232,0,1,,,239474,239.474
q9,q9,SCAN,GPU_SCAN,32,3,0,1837500288,0.0,1.837500288,0,150000000,0,3,,,1465595,1465.595
q9,q9,SCAN,GPU_SCAN,35,1,0,509,0.0,5.09e-07,0,25,0,1,,,6940,6.94
q9,q9,SCAN,GPU_SCAN,38,1,0,12250112,0.0,0.012250112,0,1000000,0,1,,,14486,14.486
q9,q9,SCAN,GPU_SCAN,43,4,0,1950000384,0.0,1.950000384,0,80000000,0,4,,,1369438,1369.438
q9,q9,SCAN,GPU_SCAN,48,38,0,29251855392,0.0,29.251855392,0,600037902,0,38,,,53137030,53137.03
q9,q9,SORT,MERGE_SORT,59,1,6155,6143,6.155e-06,6.143e-06,175,175,4,1,0.9980503655564582,1.0,7320,7.32
q9,q9,SORT,ORDER_BY,27,1,6143,6143,6.143e-06,6.143e-06,175,175,1,1,1.0,1.0,3965,3.965
q9,q9,SORT,SORT_PARTITION,58,1,6143,6155,6.143e-06,6.155e-06,175,175,1,4,1.0019534429431873,1.0,2598,2.598
q9,q9,SORT,SORT_SAMPLE,57,1,6143,6143,6.143e-06,6.143e-06,175,175,1,1,1.0,1.0,526,0.526
