series,position,query,samples,total_ms,total_ms_std,load_ms,load_ms_std,scan_materialize_work_ms,scan_materialize_work_ms_std,scan_uncompressed_gb,scan_uncompressed_gb_std,computation_ms,computation_ms_std,stage_total_work_ms,stage_total_work_ms_std,stage_total_wall_ms,stage_total_wall_ms_std,scan_work_ms,scan_work_ms_std,filter_work_ms,filter_work_ms_std,join_work_ms,join_work_ms_std,aggregate_work_ms,aggregate_work_ms_std,projection_work_ms,projection_work_ms_std,partition_work_ms,partition_work_ms_std,concat_work_ms,concat_work_ms_std,sort_work_ms,sort_work_ms_std,result_work_ms,result_work_ms_std,other_work_ms,other_work_ms_std,scan_wall_ms,scan_wall_ms_std,filter_wall_ms,filter_wall_ms_std,join_wall_ms,join_wall_ms_std,aggregate_wall_ms,aggregate_wall_ms_std,projection_wall_ms,projection_wall_ms_std,partition_wall_ms,partition_wall_ms_std,concat_wall_ms,concat_wall_ms_std,sort_wall_ms,sort_wall_ms_std,result_wall_ms,result_wall_ms_std,other_wall_ms,other_wall_ms_std,cache_management_ms,cache_management_ms_std,fixed_page_cached_gb,fixed_page_cached_gb_std,fixed_page_reuse_split_count,fixed_page_reuse_split_count_std,fixed_page_materialize_count,fixed_page_materialize_count_std,fixed_page_materialize_view_count,fixed_page_materialize_view_count_std,fixed_page_fallback_count,fixed_page_fallback_count_std,fixed_page_auto_populate_count,fixed_page_auto_populate_count_std,fixed_page_auto_skip_count,fixed_page_auto_skip_count_std,fixed_page_backed_provider_count,fixed_page_backed_provider_count_std,page_budget_evicted_pages,page_budget_evicted_pages_std,page_budget_evicted_gb,page_budget_evicted_gb_std,page_directory_resident_gb_max,page_directory_resident_gb_max_std,page_directory_entries_max,page_directory_entries_max_std,page_directory_eviction_count_max,page_directory_eviction_count_max_std,demand_load_pages,demand_load_pages_std,demand_load_gb,demand_load_gb_std,demand_load_ms,demand_load_ms_std,demand_load_read_calls,demand_load_read_calls_std,cache_column_materialize_ms,cache_column_materialize_ms_std,cache_column_view_ms,cache_column_view_ms_std,splice_materialize_ms,splice_materialize_ms_std,splice_view_build_ms,splice_view_build_ms_std,filtered_splice_materialize_ms,filtered_splice_materialize_ms_std,filtered_splice_materialize_single_mask_ms,filtered_splice_materialize_single_mask_ms_std,partial_filter_cached_mask_ms,partial_filter_cached_mask_ms_std,partial_filter_mask_splice_ms,partial_filter_mask_splice_ms_std,single_mask_filter_apply_ms,single_mask_filter_apply_ms_std,cached_filter_select_ms,cached_filter_select_ms_std,post_filter_select_ms,post_filter_select_ms_std,inline_assembly_ms,inline_assembly_ms_std,post_filter_project_assembly_ms,post_filter_project_assembly_ms_std
baseline,1,q8,3,12483.676165342331,17.947134879785896,4998.68310546875,72.53522031691762,24033.776999999995,878.1473206934053,27.791279457,0.0,7484.993059873581,73.44120038681038,33676.55766666667,886.7121965419941,5989.4873046875,351.8030992056015,31620.321333333333,931.1758150963371,0.0,0.0,1067.1170000000002,61.2186052438308,3.984,6.1825569952892465,5.344333333333333,8.540453988713558,427.92999999999955,0.23429041807125464,544.8159999999998,83.57418747436306,5.280333333333333,8.573367035962786,0.004333333333333333,0.0049328828623162475,1.7603333333333309,1.3291449632501797,5606.970540364583,375.524094657501,0.0,0.0,167.386474609375,3.272290841522634,3.9833170572916665,6.183189838364703,5.250325520833333,8.62170412259053,307.08544921875,63.855618742310845,392.6577962239583,16.907916540997277,5.153727213541667,8.683163254546342,0.004313151041666667,0.004957517711757172,1.7506510416666667,1.3315769513424853,0.0,0.0,0.0,0.0,0.0,0.0,0.0,0.0,0.0,0.0,0.0,0.0,0.0,0.0,0.0,0.0,0.0,0.0,0.0,0.0,0.0,0.0,0.0,0.0,0.0,0.0,0.0,0.0,0.0,0.0,0.0,0.0,0.0,0.0,0.0,0.0,0.0,0.0,0.0,0.0,0.0,0.0,0.0,0.0,0.0,0.0,0.0,0.0,0.0,0.0,0.0,0.0,0.0,0.0,0.0,0.0,0.0,0.0,0.0,0.0,0.0,0.0
paging,1,q8,1,12533.068616001401,,5225.81494140625,,23817.326999999987,,27.791279457,,7307.253674595151,,34134.92999999999,,6082.326171875,,32141.944999999992,,0.0,,997.0310000000001,,10.387,,14.931000000000001,,345.8079999999996,,609.0699999999996,,13.415000000000001,,0.007,,2.3359999999999927,,5748.06396484375,,0.0,,172.969970703125,,10.386962890625,,14.930908203125,,327.24853515625,,417.74169921875,,13.24609375,,0.007080078125,,2.32568359375,,0.0,,0.0,,0.0,,0.0,,0.0,,0.0,,19.0,,39.0,,0.0,,0.0,,0.0,,3.69276764,,1785.0,,0.0,,0.0,,0.0,,0.0,,0.0,,0.0,,0.0,,0.0,,0.0,,0.0,,0.0,,0.0,,0.0,,0.0,,0.0,,0.0,,0.0,,0.0,
baseline,2,q1,3,10132.134853998044,101.99041352777336,2413.0433756510415,56.23330311938571,8806.546999999999,478.51755446273864,24.754772085,0.0,7719.0914783470025,155.7506607183218,16713.312333333335,761.4892505198832,3546.1533203125,199.63826498329672,14998.679666666669,689.2222017189628,0.0,0.0,0.0,0.0,1520.3873333333333,52.03711972557013,186.27900000000002,73.41574442175191,0.7723333333333335,0.2092422838083482,0.0,0.0,7.191666666666666,2.564720712540322,0.0023333333333333335,0.0005773502691896258,0.0,0.0,3463.5894368489585,190.96683119097702,0.0,0.0,0.0,0.0,1104.308349609375,26.03469154189285,160.04947916666666,52.869806606340845,0.24698893229166666,0.005569046911108601,0.0,0.0,7.000651041666667,2.370355397898466,0.0022786458333333335,0.0005638186222554939,0.0,0.0,0.0,0.0,0.0,0.0,0.0,0.0,0.0,0.0,0.0,0.0,0.0,0.0,0.0,0.0,0.0,0.0,0.0,0.0,0.0,0.0,0.0,0.0,0.0,0.0,0.0,0.0,0.0,0.0,0.0,0.0,0.0,0.0,0.0,0.0,0.0,0.0,0.0,0.0,0.0,0.0,0.0,0.0,0.0,0.0,0.0,0.0,0.0,0.0,0.0,0.0,0.0,0.0,0.0,0.0,0.0,0.0,0.0,0.0,0.0,0.0,0.0,0.0
paging,2,q1,1,9995.761212019715,,2448.90185546875,,8636.337999999996,,24.754772085,,7546.8593565509655,,16963.521999999997,,3741.7353515625,,15193.406999999997,,0.0,,0.0,,1493.98,,263.307,,0.7160000000000003,,0.0,,12.109,,0.003,,0.0,,3625.88525390625,,0.0,,0.0,,947.8623046875,,204.906494140625,,0.26708984375,,0.0,,11.9130859375,,0.0029296875,,0.0,,0.0,,0.0,,0.0,,0.0,,0.0,,0.0,,10.0,,37.0,,0.0,,0.0,,0.0,,2.454263676,,1205.0,,0.0,,0.0,,0.0,,0.0,,0.0,,0.0,,0.0,,0.0,,0.0,,0.0,,0.0,,0.0,,0.0,,0.0,,0.0,,0.0,,0.0,,0.0,
baseline,3,q16,3,835.2747113288691,37.90083130337586,375.7430826822917,4.1162668992865745,758.641,6.658403186951043,1.751456478,0.0,459.5316286465774,41.99378170549708,1146.5153333333335,46.60409821392665,672.514404296875,39.97823669956514,801.4646666666667,7.301629772409265,16.33,6.816600399025897,66.138,6.161448206387845,205.101,32.72509827334365,0.022,0.006082762530298221,26.116333333333333,4.709289790757553,25.762,0.5179758681637601,5.569333333333333,0.5115235413285818,0.0023333333333333335,0.0005773502691896258,0.009666666666666667,0.0030550504633038928,401.0618489583333,3.7427149290130592,16.329915364583332,6.8166106986761585,23.4052734375,6.25855588366994,200.63427734375,31.885011251768233,0.022054036458333332,0.0060806864724032034,17.971435546875,3.4042240820065675,23.273193359375,4.69894409011219,4.018636067708333,0.5253858790602812,0.0022786458333333335,0.0005638186222554939,0.007568359375,0.0021699693401649386,0.0,0.0,0.0,0.0,0.0,0.0,0.0,0.0,0.0,0.0,0.0,0.0,0.0,0.0,0.0,0.0,0.0,0.0,0.0,0.0,0.0,0.0,0.0,0.0,0.0,0.0,0.0,0.0,0.0,0.0,0.0,0.0,0.0,0.0,0.0,0.0,0.0,0.0,0.0,0.0,0.0,0.0,0.0,0.0,0.0,0.0,0.0,0.0,0.0,0.0,0.0,0.0,0.0,0.0,0.0,0.0,0.0,0.0,0.0,0.0,0.0,0.0
paging,3,q16,1,984.8530699964613,,377.6240234375,,773.862,,1.751456478,,607.2290465589613,,1363.0120000000002,,811.73095703125,,979.9110000000001,,23.839000000000002,,73.81,,223.322,,0.018000000000000002,,29.528000000000002,,27.104999999999997,,5.192,,0.001,,0.286,,499.341064453125,,23.839111328125,,29.75390625,,214.5009765625,,0.01806640625,,23.367919921875,,27.100830078125,,3.489013671875,,0.0009765625,,0.285888671875,,0.0,,0.0,,0.0,,0.0,,0.0,,0.0,,5.0,,0.0,,0.0,,0.0,,0.0,,1.28,,614.0,,0.0,,0.0,,0.0,,0.0,,0.0,,0.0,,0.0,,0.0,,0.0,,0.0,,0.0,,0.0,,0.0,,0.0,,0.0,,0.0,,0.0,,0.0,
baseline,4,q3,3,6964.253041641011,65.36171851640417,2904.7320149739585,33.980077861509955,12796.831000000002,620.3692587991438,18.422791865,0.0,4059.5210266670524,32.743249287884055,18219.663333333334,713.3656901381868,3463.35009765625,38.36913737206993,17131.79566666667,656.6235110246448,0.0,0.0,519.4076666666667,68.81220067933697,159.19533333333334,51.54084052800588,26.337666666666664,11.909176391897686,184.28299999999996,6.189270716328309,183.42933333333332,9.743232386294231,0.0,0.0,0.002,0.0,15.212666666666678,1.5257602476579777,3289.3573404947915,15.914794547975715,0.0,0.0,103.03857421875,0.2920032103636378,53.96435546875,11.189079644656568,17.775960286458332,11.825127087744194,142.6162109375,14.889756736779338,160.57552083333334,11.877927400082307,0.0,0.0,0.001953125,0.0,12.055745442708334,1.2861073538988754,0.0,0.0,0.0,0.0,0.0,0.0,0.0,0.0,0.0,0.0,0.0,0.0,0.0,0.0,0.0,0.0,0.0,0.0,0.0,0.0,0.0,0.0,0.0,0.0,0.0,0.0,0.0,0.0,0.0,0.0,0.0,0.0,0.0,0.0,0.0,0.0,0.0,0.0,0.0,0.0,0.0,0.0,0.0,0.0,0.0,0.0,0.0,0.0,0.0,0.0,0.0,0.0,0.0,0.0,0.0,0.0,0.0,0.0,0.0,0.0,0.0,0.0
paging,4,q3,1,6990.517891012132,,2865.73876953125,,13118.466000000002,,18.422791865,,4124.779121480882,,19126.604,,3473.49365234375,,18025.792999999998,,0.0,,538.384,,183.54399999999995,,14.232999999999999,,192.24600000000007,,161.049,,0.0,,0.003,,11.351999999999995,,3322.081787109375,,0.0,,102.98583984375,,48.7470703125,,10.84619140625,,160.27587890625,,149.497802734375,,0.0,,0.0029296875,,9.42333984375,,0.0,,0.0,,0.0,,0.0,,0.0,,0.0,,19.0,,17.0,,0.0,,0.0,,0.0,,3.614557436,,1738.0,,0.0,,0.0,,0.0,,0.0,,0.0,,0.0,,0.0,,0.0,,0.0,,0.0,,0.0,,0.0,,0.0,,0.0,,0.0,,0.0,,0.0,,0.0,
baseline,5,q14,3,7317.907345675242,190.58677468122016,3123.7386881510415,37.01439631242315,13133.731666666667,535.6053852159572,14.891610888,0.0,4194.168657524201,153.58288480431224,17250.217666666667,596.9274797036373,3773.9807942708335,105.05657108069154,17178.51266666667,572.9690998521094,0.0,0.0,20.120333333333335,0.1283367964900712,4.460666666666667,3.7124307849889044,3.164333333333333,0.6246489680879442,41.96766666666666,24.89868922922115,1.9849999999999999,1.6534748259347645,0.0,0.0,0.007,0.0,0.0,0.0,3744.8828938802085,106.02891299753479,0.0,0.0,10.103678385416666,0.07609606499776532,2.9529622395833335,2.371493930553391,2.3473307291666665,1.0736153960022512,33.00830078125,15.03795106224002,1.98486328125,1.6534983791981273,0.0,0.0,0.007080078125,0.0,0.0,0.0,0.0,0.0,0.0,0.0,0.0,0.0,0.0,0.0,0.0,0.0,0.0,0.0,0.0,0.0,0.0,0.0,0.0,0.0,0.0,0.0,0.0,0.0,0.0,0.0,0.0,0.0,0.0,0.0,0.0,0.0,0.0,0.0,0.0,0.0,0.0,0.0,0.0,0.0,0.0,0.0,0.0,0.0,0.0,0.0,0.0,0.0,0.0,0.0,0.0,0.0,0.0,0.0,0.0,0.0,0.0,0.0,0.0,0.0,0.0,0.0,0.0,0.0
paging,5,q14,1,7085.19025798887,,3124.016845703125,,12965.202999999998,,14.891610888,,3961.173412285745,,17069.68,,3634.39306640625,,17011.428,,0.0,,20.576,,12.077,,3.9029999999999996,,20.743999999999996,,0.944,,0.0,,0.008,,0.0,,3603.18994140625,,0.0,,10.320068359375,,7.11279296875,,2.783935546875,,17.8603515625,,0.944091796875,,0.0,,0.008056640625,,0.0,,0.0,,0.0,,0.0,,0.0,,0.0,,0.0,,29.0,,0.0,,0.0,,0.0,,0.0,,0.21658994,,193.0,,0.0,,0.0,,0.0,,0.0,,0.0,,0.0,,0.0,,0.0,,0.0,,0.0,,0.0,,0.0,,0.0,,0.0,,0.0,,0.0,,0.0,,0.0,
baseline,6,q4,3,4558.475238659109,95.00542829700943,1651.0481770833333,27.13653817681184,5639.123,258.390877155135,11.720109723,0.0,2907.4270615757755,69.08106740753684,8830.274000000001,286.0514965159242,2389.600830078125,74.79968012332412,8292.970333333335,272.7661936280472,42.785666666666664,3.3378220943203925,376.24966666666666,2.2669151579477744,11.784333333333333,0.08638479804533523,0.22866666666666668,0.10189373549602222,90.98100000000001,14.692509213881749,13.855666666666666,0.2733758097076879,1.375,1.131305440630425,0.0023333333333333335,0.0005773502691896258,0.041333333333333354,0.0035118845842842424,2301.1976725260415,71.3844965624455,38.462727864583336,2.159088427292768,61.326741536458336,0.457208343712128,7.217041015625,0.9603277303156406,0.11555989583333333,0.06813637828007389,68.620849609375,14.355218487069717,12.067789713541666,1.1377563285565013,1.1309407552083333,1.1416814779912625,0.0022786458333333335,0.0005638186222554939,0.038492838541666664,0.003557534667056379,0.0,0.0,0.0,0.0,0.0,0.0,0.0,0.0,0.0,0.0,0.0,0.0,0.0,0.0,0.0,0.0,0.0,0.0,0.0,0.0,0.0,0.0,0.0,0.0,0.0,0.0,0.0,0.0,0.0,0.0,0.0,0.0,0.0,0.0,0.0,0.0,0.0,0.0,0.0,0.0,0.0,0.0,0.0,0.0,0.0,0.0,0.0,0.0,0.0,0.0,0.0,0.0,0.0,0.0,0.0,0.0,0.0,0.0,0.0,0.0,0.0,0.0
paging,6,q4,1,4490.448683965951,,1618.243896484375,,5608.043000000001,,11.720109723,,2872.204787481576,,8931.335000000001,,2376.26025390625,,8384.667000000001,,46.617999999999995,,374.642,,11.707,,0.43600000000000005,,95.002,,13.802999999999999,,4.426,,0.002,,0.032000000000000015,,2273.15576171875,,44.282958984375,,61.831787109375,,9.158935546875,,0.18408203125,,66.819091796875,,12.54248046875,,4.14404296875,,0.001953125,,0.03125,,0.0,,0.0,,0.0,,0.0,,0.0,,0.0,,4.0,,19.0,,0.0,,0.0,,0.0,,0.068864412,,39.0,,0.0,,0.0,,0.0,,0.0,,0.0,,0.0,,0.0,,0.0,,0.0,,0.0,,0.0,,0.0,,0.0,,0.0,,0.0,,0.0,,0.0,,0.0,
baseline,7,q12,3,6872.368075341607,158.5656185277317,2079.2923990885415,3.6671714877719155,7190.331,511.957003073501,16.898499478,0.0,4793.0756762530655,161.52060996004417,12170.933,454.9452528469782,3067.1126302083335,55.44906677533417,11502.563333333334,444.7242543839206,49.41666666666667,20.091955637352317,225.24766666666667,1.9443637348328995,14.963333333333333,0.7157725430144223,20.108333333333334,0.6264106746642608,356.78733333333327,163.7693124194314,1.0493333333333332,0.11937057147108436,0.7736666666666667,0.1542087329995722,0.0013333333333333333,0.0005773502691896258,0.022,0.025119713374160937,2964.6886393229165,48.11677648045969,34.444905598958336,7.151491091766691,29.589029947916668,0.21057328227845887,3.8963216145833335,0.41099523083192996,4.618082682291667,0.999457699040065,86.618408203125,22.1387903951561,0.7455240885416666,0.37393197982431137,0.4344075520833333,0.22314324020357282,0.0013020833333333333,0.0005638186222554939,0.021158854166666668,0.025695534989408707,0.0,0.0,0.0,0.0,0.0,0.0,0.0,0.0,0.0,0.0,0.0,0.0,0.0,0.0,0.0,0.0,0.0,0.0,0.0,0.0,0.0,0.0,0.0,0.0,0.0,0.0,0.0,0.0,0.0,0.0,0.0,0.0,0.0,0.0,0.0,0.0,0.0,0.0,0.0,0.0,0.0,0.0,0.0,0.0,0.0,0.0,0.0,0.0,0.0,0.0,0.0,0.0,0.0,0.0,0.0,0.0,0.0,0.0,0.0,0.0,0.0,0.0
paging,7,q12,1,6978.694100980647,,2075.46630859375,,7209.169,,16.898499478,,4903.227792386897,,12537.752,,3131.656982421875,,12115.388,,44.413000000000004,,221.43200000000002,,11.884999999999998,,13.884999999999998,,129.07099999999997,,0.9610000000000001,,0.709,,0.003,,0.005,,3078.4150390625,,44.412841796875,,28.626953125,,3.14697265625,,3.467041015625,,65.451904296875,,0.501953125,,0.375,,0.0029296875,,0.0048828125,,0.0,,0.0,,0.0,,0.0,,0.0,,0.0,,33.0,,0.0,,0.0,,0.0,,0.0,,1.7726067,,956.0,,0.0,,0.0,,0.0,,0.0,,0.0,,0.0,,0.0,,0.0,,0.0,,0.0,,0.0,,0.0,,0.0,,0.0,,0.0,,0.0,,0.0,,0.0,
baseline,8,q19,3,10002.006702008657,271.43318370898606,3255.221923828125,38.32248137749526,12784.282666666666,358.34659426919654,22.642262976,0.0,6746.784778180532,309.68306645003776,19603.79533333333,312.1306824013481,4248.389322916667,107.9919169769214,19287.43833333333,270.33858382837593,54.693,1.5709704007396235,62.129000000000005,0.11010903686800898,0.6013333333333334,0.22572180517914817,0.17433333333333334,0.03421013495052793,196.21133333333333,99.0586155028089,2.536666666666666,0.21084907714603207,0.0,0.0,0.007666666666666666,0.005773502691896257,0.0036666666666666666,0.0037859388972001826,4153.995035807292,121.94398245850975,44.953206380208336,1.568271360544471,31.099283854166668,0.04361333846757424,0.50634765625,0.19856739148390876,0.11735026041666667,0.033809142862139985,49.829264322916664,21.922520060892403,2.407958984375,0.3221626810898581,0.0,0.0,0.007649739583333333,0.005779140878118812,0.003662109375,0.0038369711048588163,0.0,0.0,0.0,0.0,0.0,0.0,0.0,0.0,0.0,0.0,0.0,0.0,0.0,0.0,0.0,0.0,0.0,0.0,0.0,0.0,0.0,0.0,0.0,0.0,0.0,0.0,0.0,0.0,0.0,0.0,0.0,0.0,0.0,0.0,0.0,0.0,0.0,0.0,0.0,0.0,0.0,0.0,0.0,0.0,0.0,0.0,0.0,0.0,0.0,0.0,0.0,0.0,0.0,0.0,0.0,0.0,0.0,0.0,0.0,0.0,0.0,0.0
paging,8,q19,1,10123.97954100743,,3324.7265625,,14209.301000000003,,22.642262976,,6799.252978507429,,21375.517999999996,,4290.894775390625,,21035.059999999998,,63.202,,62.085,,0.485,,0.172,,211.83299999999997,,2.676,,0.0,,0.003,,0.002,,4197.8857421875,,44.774658203125,,31.073974609375,,0.174072265625,,0.171875,,49.926025390625,,1.453857421875,,0.0,,0.0029296875,,0.001953125,,0.0,,0.0,,0.0,,0.0,,0.0,,0.0,,17.0,,26.0,,0.0,,0.0,,0.0,,1.849614784,,896.0,,0.0,,0.0,,0.0,,0.0,,0.0,,0.0,,0.0,,0.0,,0.0,,0.0,,0.0,,0.0,,0.0,,0.0,,0.0,,0.0,,0.0,,0.0,
baseline,9,q20,3,7415.751240332611,85.85283410565914,3543.585693359375,10.668141157278942,16349.568333333335,680.6721539054865,16.809915276,0.0,3872.165546973236,77.94554622123867,20440.40566666667,758.092136885967,3959.27587890625,139.87491686603744,20408.313000000002,760.1004607227906,0.7976666666666667,0.8941444700568993,5.139,1.0090148660946476,1.4676666666666667,0.1815828552846698,0.20166666666666666,0.009609023536933043,0.20566666666666675,0.004163331998932274,1.0763333333333334,0.32939692368529067,6.472333333333333,0.22583696184046861,0.0036666666666666666,0.003055050463303893,16.728666666666665,0.28172563485301483,3943.4073079427085,137.8158665049787,0.7976888020833334,0.894191405305773,5.13671875,1.0094947968245436,1.4676106770833333,0.1815996568207432,0.20174153645833334,0.009494318886329643,0.17513020833333334,0.01151695284526985,1.0736490885416667,0.3301666261505097,6.134765625,0.07823135765722294,0.003662109375,0.0031169788415048106,16.225911458333332,0.4795270131523607,0.0,0.0,0.0,0.0,0.0,0.0,0.0,0.0,0.0,0.0,0.0,0.0,0.0,0.0,0.0,0.0,0.0,0.0,0.0,0.0,0.0,0.0,0.0,0.0,0.0,0.0,0.0,0.0,0.0,0.0,0.0,0.0,0.0,0.0,0.0,0.0,0.0,0.0,0.0,0.0,0.0,0.0,0.0,0.0,0.0,0.0,0.0,0.0,0.0,0.0,0.0,0.0,0.0,0.0,0.0,0.0,0.0,0.0,0.0,0.0,0.0,0.0
paging,9,q20,1,7599.908965989016,,3534.68701171875,,17267.408,,16.809915173,,4065.221954270266,,22344.051000000003,,4233.594970703125,,22307.295000000002,,1.934,,8.056000000000001,,1.5519999999999998,,0.15000000000000002,,0.34500000000000014,,0.863,,9.736,,0.007,,14.112999999999996,,4210.983154296875,,1.93408203125,,8.053955078125,,1.552001953125,,0.14990234375,,0.32666015625,,0.86279296875,,9.635986328125,,0.007080078125,,14.113037109375,,0.0,,0.0,,0.0,,0.0,,0.0,,0.0,,34.0,,0.0,,1.0,,0.0,,0.0,,2.548618492,,1260.0,,0.0,,0.0,,0.0,,0.0,,0.0,,0.0,,0.0,,0.0,,0.0,,0.0,,0.0,,0.0,,0.0,,0.0,,0.0,,0.0,,0.0,,0.0,
baseline,10,q15,3,7057.0828326356905,182.15694820150185,3094.51220703125,16.349615115045193,12718.409,598.0781523454937,14.716415743,0.0,3962.570625604441,165.80790864135054,16994.769666666667,649.1624124441715,3791.9685872395835,68.49120639492705,16717.340333333334,574.1964241514695,0.0,0.0,1.711,0.43377067674060216,65.71033333333332,10.502014489293632,19.35233333333333,4.1652438504046,189.0176666666667,84.02474022770525,0.6763333333333333,0.010503967504392496,0.9423333333333334,0.25265061514536913,0.0033333333333333335,0.0005773502691896258,0.016,0.002,3733.1692708333335,65.94400294012574,0.0,0.0,1.6402994791666667,0.4938088812506167,51.64794921875,7.091448103707773,17.787841796875,3.6576971548373547,39.423258463541664,2.85997547383118,0.675537109375,0.010722749636717651,0.7000325520833334,0.2541645008265868,0.0032552083333333335,0.0005638186222554939,0.011962890625,0.0016914558667664816,0.0,0.0,0.0,0.0,0.0,0.0,0.0,0.0,0.0,0.0,0.0,0.0,0.0,0.0,0.0,0.0,0.0,0.0,0.0,0.0,0.0,0.0,0.0,0.0,0.0,0.0,0.0,0.0,0.0,0.0,0.0,0.0,0.0,0.0,0.0,0.0,0.0,0.0,0.0,0.0,0.0,0.0,0.0,0.0,0.0,0.0,0.0,0.0,0.0,0.0,0.0,0.0,0.0,0.0,0.0,0.0,0.0,0.0,0.0,0.0,0.0,0.0
paging,10,q15,1,7246.964972990099,,3047.69091796875,,12944.056,,14.716415743,,4199.274055021349,,17382.538,,3701.534912109375,,17239.112,,0.0,,2.114,,70.602,,22.147999999999996,,46.62400000000001,,0.662,,1.2650000000000001,,0.005,,0.006,,3666.726806640625,,0.0,,2.04296875,,55.540283203125,,22.136474609375,,9.657958984375,,0.662109375,,1.088134765625,,0.0048828125,,0.0029296875,,0.0,,0.0,,0.0,,0.0,,0.0,,0.0,,29.0,,0.0,,0.0,,0.0,,0.0,,0.642485396,,385.0,,0.0,,0.0,,0.0,,0.0,,0.0,,0.0,,0.0,,0.0,,0.0,,0.0,,0.0,,0.0,,0.0,,0.0,,0.0,,0.0,,0.0,,0.0,
baseline,11,q9,3,14396.983950340655,288.15926761770316,5292.258707682292,35.536511425310565,22846.307666666668,954.618147188881,33.214085069,0.0,9104.725242658364,260.3333221712817,33248.99833333333,925.3156018755639,6584.443033854167,39.69297363977782,31703.431999999997,849.3036344770968,0.0,0.0,969.4663333333334,46.48429623360259,47.93933333333334,15.615042309687581,23.603666666666665,1.3687400532363103,287.14099999999996,8.403417221583107,158.67300000000003,15.270105828055009,2.585,0.48207157144971735,0.003,0.001,56.155,6.544488444485169,6187.888346354167,38.82133014128434,0.0,0.0,256.9641927083333,13.313214717925808,14.461100260416666,7.718441699636799,5.818929036458333,0.5073576039015728,78.780517578125,6.8895612444858525,100.96598307291667,9.701317845656867,2.3323567708333335,0.3942527417458696,0.0029296875,0.0009765625,49.311116536458336,6.315322123957855,0.0,0.0,0.0,0.0,0.0,0.0,0.0,0.0,0.0,0.0,0.0,0.0,0.0,0.0,0.0,0.0,0.0,0.0,0.0,0.0,0.0,0.0,0.0,0.0,0.0,0.0,0.0,0.0,0.0,0.0,0.0,0.0,0.0,0.0,0.0,0.0,0.0,0.0,0.0,0.0,0.0,0.0,0.0,0.0,0.0,0.0,0.0,0.0,0.0,0.0,0.0,0.0,0.0,0.0,0.0,0.0,0.0,0.0,0.0,0.0,0.0,0.0
paging,11,q9,1,14637.7034719917,,5250.947998046875,,21014.312,,33.214084561,,9386.755473944824,,32062.936999999994,,6642.58154296875,,30696.125999999993,,0.0,,804.001,,52.78399999999999,,25.082999999999995,,288.0399999999999,,143.58399999999997,,3.692,,0.002,,49.625,,6291.0869140625,,0.0,,247.09033203125,,21.595703125,,5.61376953125,,75.00537109375,,101.04736328125,,3.31494140625,,0.001953125,,43.04052734375,,0.0,,0.0,,0.0,,0.0,,0.0,,0.0,,10.0,,55.0,,1.0,,0.0,,0.0,,1.92,,921.0,,0.0,,0.0,,0.0,,0.0,,0.0,,0.0,,0.0,,0.0,,0.0,,0.0,,0.0,,0.0,,0.0,,0.0,,0.0,,0.0,,0.0,,0.0,
baseline,12,q17,3,10506.403424680078,277.6501478018502,4520.102701822917,109.31680678480019,18307.545333333335,1211.6660803242494,24.53902931,0.0,5986.300722857161,194.9533257571269,25221.040666666668,1277.569374939128,5737.356201171875,342.6828576266079,24940.103666666666,1213.5298620274464,0.13833333333333334,0.005507570547286091,192.94566666666665,37.39553933737731,24.070666666666664,14.579349002384614,5.227666666666667,7.629366574843114,0.37800000000000017,0.06954854419756032,0.35733333333333345,0.06595705673643522,0.0,0.0,0.006,0.0017320508075688774,57.81333333333333,24.761759334371483,5586.326009114583,350.17393190450645,0.138427734375,0.005518874294656892,186.87337239583334,27.207931519360514,23.248209635416668,13.277592326619986,5.224853515625,7.631451867141546,0.20735677083333334,0.04300641807446066,0.329833984375,0.0648932027105006,0.0,0.0,0.006022135416666667,0.0018324105223303552,49.66064453125,20.40068227688205,0.0,0.0,0.0,0.0,0.0,0.0,0.0,0.0,0.0,0.0,0.0,0.0,0.0,0.0,0.0,0.0,0.0,0.0,0.0,0.0,0.0,0.0,0.0,0.0,0.0,0.0,0.0,0.0,0.0,0.0,0.0,0.0,0.0,0.0,0.0,0.0,0.0,0.0,0.0,0.0,0.0,0.0,0.0,0.0,0.0,0.0,0.0,0.0,0.0,0.0,0.0,0.0,0.0,0.0,0.0,0.0,0.0,0.0,0.0,0.0,0.0,0.0
paging,12,q17,1,10424.084408965427,,4347.8857421875,,17373.579999999998,,24.37652933,,6076.198666777927,,24765.925000000007,,5955.80859375,,23845.472000000005,,0.129,,307.25499999999994,,568.156,,4.560999999999998,,0.5690000000000004,,0.6260000000000001,,0.0,,0.001,,39.15599999999999,,5539.85302734375,,0.12890625,,268.118408203125,,375.76953125,,4.541748046875,,0.223388671875,,0.5947265625,,0.0,,0.0009765625,,35.021240234375,,0.0,,0.0,,0.0,,0.0,,0.0,,0.0,,0.0,,47.0,,1.0,,0.0,,0.0,,0.0,,0.0,,0.0,,0.0,,0.0,,0.0,,0.0,,0.0,,0.0,,0.0,,0.0,,0.0,,0.0,,0.0,,0.0,,0.0,,0.0,,0.0,,0.0,,0.0,
baseline,13,q6,3,4799.900258677856,79.2992570569018,2076.530029296875,9.073502113660089,7501.042000000001,49.79088092211278,9.750611732,0.0,2723.3702293809815,88.21476240067229,10113.249666666665,43.08327496063009,2671.28271484375,13.524897328549402,10098.639,42.284141187919985,0.0,0.0,0.0,0.0,9.145333333333333,2.9087731663595457,5.460333333333333,0.5443026119111801,0.0,0.0,0.0,0.0,0.0,0.0,0.005,0.005291502622129181,0.0,0.0,2668.8754069010415,15.447040039324033,0.0,0.0,0.0,0.0,8.466715494791666,2.2382374216063803,5.122639973958333,0.7346557053652896,0.0,0.0,0.0,0.0,0.0,0.0,0.004964192708333333,0.00530596462002052,0.0,0.0,0.0,0.0,0.0,0.0,0.0,0.0,0.0,0.0,0.0,0.0,0.0,0.0,0.0,0.0,0.0,0.0,0.0,0.0,0.0,0.0,0.0,0.0,0.0,0.0,0.0,0.0,0.0,0.0,0.0,0.0,0.0,0.0,0.0,0.0,0.0,0.0,0.0,0.0,0.0,0.0,0.0,0.0,0.0,0.0,0.0,0.0,0.0,0.0,0.0,0.0,0.0,0.0,0.0,0.0,0.0,0.0,0.0,0.0,0.0,0.0,0.0,0.0
paging,13,q6,1,4610.157573013566,,2060.014892578125,,7208.347000000001,,9.750611732,,2550.1426804354414,,9789.070000000002,,2644.0400390625,,9776.199000000002,,0.0,,0.0,,7.241,,5.619000000000001,,0.0,,0.0,,0.0,,0.011,,0.0,,2642.593994140625,,0.0,,0.0,,7.240966796875,,5.619384765625,,0.0,,0.0,,0.0,,0.010986328125,,0.0,,0.0,,0.0,,0.0,,0.0,,0.0,,0.0,,19.0,,0.0,,0.0,,0.0,,0.0,,0.319906776,,202.0,,0.0,,0.0,,0.0,,0.0,,0.0,,0.0,,0.0,,0.0,,0.0,,0.0,,0.0,,0.0,,0.0,,0.0,,0.0,,0.0,,0.0,,0.0,
baseline,14,q11,3,1085.5285773286596,22.154165608053844,764.6730143229166,12.617180159559762,4259.489666666666,103.19363663682562,4.562249502,0.0,320.8555630057429,12.378802339880336,4414.388,99.52625719376782,831.0607096354166,9.25493834850778,4332.998333333333,105.7587852631327,0.0,0.0,53.75033333333334,3.459300700045218,17.308,3.6175809597022157,4.056666666666667,1.6475358367371973,4.390666666666666,1.0093187471425134,1.7513333333333334,0.04303874223688867,0.020333333333333335,0.0055075705472861025,0.0013333333333333333,0.0005773502691896258,0.111,0.009848857801796106,773.7437337239584,12.870176255014151,0.0,0.0,53.255777994791664,2.612051890848219,17.170166015625,3.5025743570678256,4.056559244791667,1.6479353539154402,1.710205078125,0.924749676881988,1.73876953125,0.038269383673847204,0.011393229166666666,0.0032785216599094543,0.0013020833333333333,0.0005638186222554939,0.111083984375,0.009853728550102815,0.0,0.0,0.0,0.0,0.0,0.0,0.0,0.0,0.0,0.0,0.0,0.0,0.0,0.0,0.0,0.0,0.0,0.0,0.0,0.0,0.0,0.0,0.0,0.0,0.0,0.0,0.0,0.0,0.0,0.0,0.0,0.0,0.0,0.0,0.0,0.0,0.0,0.0,0.0,0.0,0.0,0.0,0.0,0.0,0.0,0.0,0.0,0.0,0.0,0.0,0.0,0.0,0.0,0.0,0.0,0.0,0.0,0.0,0.0,0.0,0.0,0.0
paging,14,q11,1,1203.150640008971,,828.510009765625,,2205.077,,4.549999405,,374.6406302433461,,2899.4819999999995,,1087.402587890625,,2730.1449999999995,,0.0,,67.308,,75.98699999999998,,17.28,,4.5329999999999995,,1.748,,0.019999999999999997,,0.001,,2.4599999999999995,,975.1689453125,,0.0,,57.1728515625,,65.58203125,,16.911865234375,,1.564697265625,,1.741455078125,,0.01513671875,,0.0009765625,,0.760986328125,,0.0,,0.0,,0.0,,0.0,,0.0,,0.0,,9.0,,0.0,,2.0,,0.0,,0.0,,2.56,,1228.0,,0.0,,0.0,,0.0,,0.0,,0.0,,0.0,,0.0,,0.0,,0.0,,0.0,,0.0,,0.0,,0.0,,0.0,,0.0,,0.0,,0.0,,0.0,
baseline,15,q2,3,1132.4508360315424,9.530772286917609,891.0762532552084,9.981072944921163,2704.2426666666665,24.42820493473338,4.338222954,0.0,241.37458277633414,4.945576830288374,2821.5833333333335,29.158618440065155,943.6005859375,13.099179871836403,2780.3703333333333,30.193934363267566,0.9373333333333334,0.5321619427705567,10.616666666666667,0.478837481128341,0.437,0.14860686390607938,0.06166666666666666,0.024006943440041117,0.1703333333333334,0.03178574103797698,9.044333333333334,0.409986991663556,0.0,0.0,0.0023333333333333335,0.0005773502691896258,19.943333333333335,1.0830864846970116,915.2328287760416,13.300999532543177,0.9373372395833334,0.5321787588133738,10.614827473958334,0.479082812007015,0.435546875,0.14905120071034994,0.061686197916666664,0.02392245937823807,0.16202799479166666,0.029105344522317146,9.04150390625,0.40841136530624345,0.0,0.0,0.0022786458333333335,0.0005638186222554939,17.621500651041668,0.8594524811004056,0.0,0.0,0.0,0.0,0.0,0.0,0.0,0.0,0.0,0.0,0.0,0.0,0.0,0.0,0.0,0.0,0.0,0.0,0.0,0.0,0.0,0.0,0.0,0.0,0.0,0.0,0.0,0.0,0.0,0.0,0.0,0.0,0.0,0.0,0.0,0.0,0.0,0.0,0.0,0.0,0.0,0.0,0.0,0.0,0.0,0.0,0.0,0.0,0.0,0.0,0.0,0.0,0.0,0.0,0.0,0.0,0.0,0.0,0.0,0.0,0.0,0.0
paging,15,q2,1,1254.0966190281324,,904.73095703125,,1835.885,,4.32597296,,349.3656619968824,,2312.255,,1096.89990234375,,2274.375,,1.753,,10.45,,0.729,,0.067,,0.17300000000000004,,9.095,,0.0,,0.002,,15.611000000000002,,1069.251953125,,1.7529296875,,10.447021484375,,0.72900390625,,0.067138671875,,0.16552734375,,9.084228515625,,0.0,,0.001953125,,15.001220703125,,0.0,,0.0,,0.0,,0.0,,0.0,,0.0,,13.0,,1.0,,1.0,,0.0,,0.0,,3.313560816,,1590.0,,0.0,,0.0,,0.0,,0.0,,0.0,,0.0,,0.0,,0.0,,0.0,,0.0,,0.0,,0.0,,0.0,,0.0,,0.0,,0.0,,0.0,,0.0,
baseline,16,q22,3,984.4036819995381,5.959553490381249,631.603271484375,6.894491321999236,1381.8216666666667,61.906841030158695,1.931253749,0.0,352.8004105151631,10.206167547102513,1565.0800000000002,68.90806689350678,756.5900065104166,5.808944775343756,1467.932,67.74344907074043,0.0,0.0,82.886,0.9209989142230386,3.013333333333333,0.6460884872316894,0.7943333333333333,0.08334466589610476,3.293333333333333,0.1735290561644742,6.970666666666666,0.04901360355384381,0.18800000000000003,0.016822603841260723,0.0023333333333333335,0.002309401076758503,0.0,0.0,673.7442220052084,4.924197096254782,0.0,0.0,70.98014322916667,0.6182929332041597,2.756591796875,0.24144717860245174,0.48388671875,0.06496343024099603,2.8050944010416665,0.42146368344214685,6.967122395833333,0.04927912647007747,0.17569986979166666,0.015113731074563356,0.0022786458333333335,0.0022552744890219755,0.0,0.0,0.0,0.0,0.0,0.0,0.0,0.0,0.0,0.0,0.0,0.0,0.0,0.0,0.0,0.0,0.0,0.0,0.0,0.0,0.0,0.0,0.0,0.0,0.0,0.0,0.0,0.0,0.0,0.0,0.0,0.0,0.0,0.0,0.0,0.0,0.0,0.0,0.0,0.0,0.0,0.0,0.0,0.0,0.0,0.0,0.0,0.0,0.0,0.0,0.0,0.0,0.0,0.0,0.0,0.0,0.0,0.0,0.0,0.0,0.0,0.0,0.0,0.0
paging,16,q22,1,1062.0068699936382,,627.617919921875,,1381.016,,1.931253749,,434.38895007176325,,1790.06,,864.840087890625,,1699.714,,0.0,,75.45800000000001,,2.812,,0.989,,2.8339999999999996,,7.013,,1.238,,0.002,,0.0,,818.6279296875,,0.0,,72.5322265625,,2.528076171875,,0.989013671875,,2.830078125,,7.0126953125,,0.981201171875,,0.001953125,,0.0,,0.0,,0.0,,0.0,,0.0,,0.0,,0.0,,6.0,,0.0,,0.0,,0.0,,0.0,,1.2,,574.0,,0.0,,0.0,,0.0,,0.0,,0.0,,0.0,,0.0,,0.0,,0.0,,0.0,,0.0,,0.0,,0.0,,0.0,,0.0,,0.0,,0.0,,0.0,
baseline,17,q7,3,11370.323440351058,183.0266220776752,4047.7303873697915,33.50841662140344,17128.233666666667,782.7557454508598,24.609878328,0.0,7322.593052981266,173.02731095939453,24218.812666666665,787.753007735502,5031.418863932292,36.53222147555681,23789.052333333333,802.3879276162686,1.703,0.2178347997910343,281.661,0.4377202302841591,4.717333333333333,0.4088646882934906,0.256,0.0020000000000000018,42.511,14.978572128210354,67.613,13.558995095507628,4.434333333333333,0.6120411206228986,0.002,0.0,26.862666666666666,5.3110217786536555,4892.590494791667,51.760393470950376,1.703125,0.21787358876316787,65.23600260416667,0.7166499403916422,4.71728515625,0.40877503846267316,0.2559407552083333,0.002076391735379732,30.789143880208332,2.5053945076987785,47.750081380208336,18.84161633156919,4.258707682291667,0.7430237459244824,0.001953125,0.0,25.034098307291668,3.9384290593166877,0.0,0.0,0.0,0.0,0.0,0.0,0.0,0.0,0.0,0.0,0.0,0.0,0.0,0.0,0.0,0.0,0.0,0.0,0.0,0.0,0.0,0.0,0.0,0.0,0.0,0.0,0.0,0.0,0.0,0.0,0.0,0.0,0.0,0.0,0.0,0.0,0.0,0.0,0.0,0.0,0.0,0.0,0.0,0.0,0.0,0.0,0.0,0.0,0.0,0.0,0.0,0.0,0.0,0.0,0.0,0.0,0.0,0.0,0.0,0.0,0.0,0.0
paging,17,q7,1,11328.181602992117,,3974.859130859375,,17042.176,,24.413877368,,7353.322472132742,,24722.26400000001,,5091.02197265625,,24293.36800000001,,2.074,,283.861,,5.426,,0.261,,33.57800000000003,,54.24099999999999,,3.39,,0.002,,46.063000000000045,,4973.908203125,,2.07421875,,65.3232421875,,5.426025390625,,0.260986328125,,33.33837890625,,54.237548828125,,3.18603515625,,0.001953125,,32.937255859375,,0.0,,0.0,,0.0,,0.0,,0.0,,0.0,,28.0,,19.0,,4.0,,0.0,,0.0,,3.666303504,,1771.0,,0.0,,0.0,,0.0,,0.0,,0.0,,0.0,,0.0,,0.0,,0.0,,0.0,,0.0,,0.0,,0.0,,0.0,,0.0,,0.0,,0.0,,0.0,
baseline,18,q13,3,2283.8900696951896,38.742897388664474,1854.2277018229167,43.691383496413415,7944.331999999999,83.00755530070708,2.559374621,0.0,429.6623678722729,21.481397770612258,8711.037999999999,96.92526281109565,2119.6140950520835,38.58989089817236,8345.169333333333,118.61957519875608,0.0,0.0,245.94299999999998,0.2580251925684832,62.636,0.8987457927578939,0.043333333333333335,0.017925772879665004,49.79066666666667,27.41185474084767,7.241999999999999,0.016643316977093085,0.21200000000000002,0.020808652046684813,0.0016666666666666668,0.0011547005383792516,0.0,0.0,1946.5087076822917,39.38274636616521,0.0,0.0,123.34033203125,0.5726410867679342,32.385660807291664,0.4768469748338485,0.02734375,0.013019816040989632,44.861246744791664,29.8828780272852,7.242024739583333,0.01662010204854607,0.205322265625,0.01966355335787403,0.0016276041666666667,0.0011276372445109878,0.0,0.0,0.0,0.0,0.0,0.0,0.0,0.0,0.0,0.0,0.0,0.0,0.0,0.0,0.0,0.0,0.0,0.0,0.0,0.0,0.0,0.0,0.0,0.0,0.0,0.0,0.0,0.0,0.0,0.0,0.0,0.0,0.0,0.0,0.0,0.0,0.0,0.0,0.0,0.0,0.0,0.0,0.0,0.0,0.0,0.0,0.0,0.0,0.0,0.0,0.0,0.0,0.0,0.0,0.0,0.0,0.0,0.0,0.0,0.0,0.0,0.0,0.0,0.0
paging,18,q13,1,2499.766719993204,,2003.5810546875,,4405.869000000001,,2.437499646,,496.1856653057039,,5319.157,,2350.705322265625,,4940.698,,0.0,,247.534,,62.192,,0.032,,60.485000000000014,,8.015,,0.2,,0.001,,0.0,,2173.667236328125,,0.0,,124.325927734375,,32.328125,,0.025146484375,,27.490966796875,,8.01513671875,,0.19189453125,,0.0009765625,,0.0,,0.0,,0.0,,0.0,,0.0,,0.0,,0.0,,1.0,,4.0,,1.0,,0.0,,0.0,,0.526998336,,252.0,,0.0,,0.0,,0.0,,0.0,,0.0,,0.0,,0.0,,0.0,,0.0,,0.0,,0.0,,0.0,,0.0,,0.0,,0.0,,0.0,,0.0,,0.0,
baseline,19,q10,3,10003.92810268871,144.2554996271612,3115.6444498697915,72.57369015218825,12953.482999999998,285.5512444220814,19.813826466,0.0,6888.283652818917,178.34927122957458,18361.676666666666,298.55958705480475,3676.496337890625,80.62373483057003,17200.203666666665,264.1311763221741,0.0,0.0,446.551,21.110241803446947,299.20433333333335,3.7826345757068944,3.9686666666666675,0.1375657418594231,330.08566666666667,37.65007636557102,72.37133333333334,13.998606263958331,0.0,0.0,0.011333333333333332,0.0005773502691896262,9.280666666666667,3.853059217470363,3454.307373046875,70.54597007365402,0.0,0.0,98.64290364583333,0.892031189720342,54.896240234375,0.42872734299120213,1.421630859375,0.3110641873164265,137.583740234375,32.44449390505768,65.08943684895833,8.364017649548792,0.0,0.0,0.011311848958333334,0.0005638186222554939,5.55078125,1.993667830445146,0.0,0.0,0.0,0.0,0.0,0.0,0.0,0.0,0.0,0.0,0.0,0.0,0.0,0.0,0.0,0.0,0.0,0.0,0.0,0.0,0.0,0.0,0.0,0.0,0.0,0.0,0.0,0.0,0.0,0.0,0.0,0.0,0.0,0.0,0.0,0.0,0.0,0.0,0.0,0.0,0.0,0.0,0.0,0.0,0.0,0.0,0.0,0.0,0.0,0.0,0.0,0.0,0.0,0.0,0.0,0.0,0.0,0.0,0.0,0.0,0.0,0.0
paging,19,q10,1,10917.469097010326,,3374.56396484375,,9345.113000000003,,19.813825958,,7542.905132166576,,15044.275999999996,,4857.544189453125,,13877.431999999997,,0.0,,437.67299999999994,,303.95400000000006,,3.9009999999999994,,341.2199999999999,,64.86200000000001,,0.0,,0.002,,15.232000000000001,,4608.214111328125,,0.0,,100.46337890625,,54.972900390625,,1.052001953125,,136.94482421875,,62.560791015625,,0.0,,0.001953125,,8.1845703125,,0.0,,0.0,,0.0,,0.0,,0.0,,0.0,,33.0,,6.0,,1.0,,207.0,,0.424088152,,2.857186344,,1386.0,,0.0,,0.0,,0.0,,0.0,,0.0,,0.0,,0.0,,0.0,,0.0,,0.0,,0.0,,0.0,,0.0,,0.0,,0.0,,0.0,,0.0,,0.0,
baseline,20,q18,3,8078.730168344919,115.21862119188519,2502.031982421875,34.391875122552534,8927.399333333335,482.44118083486086,24.28997661,0.0,5576.698185923044,148.20852380237582,15532.216999999999,475.14828313274614,4595.619059244792,212.4631883424253,14260.990333333331,524.1404678197724,16.012333333333334,1.3467480585964595,6.156,0.7251923882667277,1018.6976666666668,53.16802462320132,0.020333333333333335,0.008962886439832502,193.2743333333333,17.682262590894105,0.718,0.2179977064099529,0.0,0.0,0.0036666666666666666,0.003055050463303893,36.34433333333333,1.4048378316849723,4364.115315755208,176.14194250571444,3.5570475260416665,0.7878224414126058,3.8296712239583335,0.6068486558072314,388.6494954427083,20.100206815448757,0.020263671875,0.008893557421917473,34.845865885416664,1.6589609008977422,0.7172037760416666,0.21888188519006663,0.0,0.0,0.003662109375,0.0031169788415048106,34.797200520833336,1.0873280228452578,0.0,0.0,0.0,0.0,0.0,0.0,0.0,0.0,0.0,0.0,0.0,0.0,0.0,0.0,0.0,0.0,0.0,0.0,0.0,0.0,0.0,0.0,0.0,0.0,0.0,0.0,0.0,0.0,0.0,0.0,0.0,0.0,0.0,0.0,0.0,0.0,0.0,0.0,0.0,0.0,0.0,0.0,0.0,0.0,0.0,0.0,0.0,0.0,0.0,0.0,0.0,0.0,0.0,0.0,0.0,0.0,0.0,0.0,0.0,0.0,0.0,0.0
paging,20,q18,1,8084.40202602651,,2405.1337890625,,9009.210000000001,,23.776222756,,5679.26823696401,,16087.752000000002,,4474.2578125,,14693.226000000002,,15.904,,5.763000000000001,,1059.839,,0.007,,253.50100000000018,,23.184999999999995,,0.0,,0.002,,36.32500000000001,,4210.49365234375,,2.73193359375,,4.359130859375,,408.553955078125,,0.007080078125,,38.25146484375,,21.35107421875,,0.0,,0.001953125,,32.364501953125,,0.0,,0.0,,0.0,,0.0,,0.0,,0.0,,8.0,,39.0,,1.0,,0.0,,0.0,,3.675748636,,1768.0,,0.0,,0.0,,0.0,,0.0,,0.0,,0.0,,0.0,,0.0,,0.0,,0.0,,0.0,,0.0,,0.0,,0.0,,0.0,,0.0,,0.0,,0.0,
baseline,21,q5,3,9746.24303668194,98.39934469676568,3822.353515625,6.038276774231659,17576.574,251.21976489320775,22.134723685,0.0,5923.889521056942,102.72251899884863,25163.315,250.3494031408918,4586.604654947917,21.871483237183558,23389.110666666664,213.30181307558976,0.0,0.0,788.8366666666667,6.136121766501525,3.7636666666666665,1.224828287284929,0.4786666666666667,0.12268795105198117,557.1093333333333,78.63127790728915,421.3226666666666,76.20628342422512,1.548,0.2715345281911676,0.0023333333333333335,0.0005773502691896258,1.1429999999999987,0.008544003745317344,4300.757405598958,27.154611231160857,0.0,0.0,118.04964192708333,0.9328721688173213,3.591552734375,1.0395508672553833,0.4345703125,0.10692801961784634,221.09130859375,19.77138144309829,322.0006510416667,17.868462376271644,1.4195963541666667,0.2987014734820801,0.0022786458333333335,0.0005638186222554939,1.130615234375,0.00994404875703921,0.0,0.0,0.0,0.0,0.0,0.0,0.0,0.0,0.0,0.0,0.0,0.0,0.0,0.0,0.0,0.0,0.0,0.0,0.0,0.0,0.0,0.0,0.0,0.0,0.0,0.0,0.0,0.0,0.0,0.0,0.0,0.0,0.0,0.0,0.0,0.0,0.0,0.0,0.0,0.0,0.0,0.0,0.0,0.0,0.0,0.0,0.0,0.0,0.0,0.0,0.0,0.0,0.0,0.0,0.0,0.0,0.0,0.0,0.0,0.0,0.0,0.0
paging,21,q5,1,12416.190306015778,,3866.1650390625,,12098.302000000001,,21.93872311,,8550.025266953278,,18494.885000000002,,5758.084716796875,,17189.602000000003,,0.0,,688.1939999999997,,20.958,,0.71,,198.2320000000001,,371.18899999999996,,1.2480000000000002,,0.002,,24.74999999999997,,5071.804931640625,,0.0,,229.81201171875,,16.773193359375,,0.600830078125,,144.32861328125,,320.550537109375,,1.219970703125,,0.001953125,,5.182373046875,,0.0,,0.0,,0.0,,0.0,,0.0,,0.0,,5.0,,37.0,,4.0,,0.0,,0.0,,0.4552163,,228.0,,0.0,,0.0,,0.0,,0.0,,0.0,,0.0,,0.0,,0.0,,0.0,,0.0,,0.0,,0.0,,0.0,,0.0,,0.0,,0.0,,0.0,,0.0,
baseline,22,q21,3,16041.335566337997,104.91650870588265,6658.211018880208,55.12049753607675,29405.652666666658,922.490867939799,40.409577432,0.0,9383.124547457788,98.93835692104301,46267.02733333334,836.4120901256299,8743.893798828125,90.42241367853977,40194.513000000006,873.2612216988665,131.40066666666667,3.863061523368918,4564.256666666667,97.61502130990556,22.393333333333334,0.396555586687835,1.840666666666666,0.5787869498643978,767.4436666666668,112.73575628137391,579.6826666666666,28.757034345240363,0.0,0.0,0.003,0.0017320508075688774,5.493666666666665,2.8592779391541,7865.75,89.53709110592422,113.4404296875,4.263473051767775,668.27978515625,14.896047053326676,16.275472005208332,0.42641537077046265,1.165771484375,0.562525165842621,477.1161295572917,13.009618983873786,498.3910319010417,11.197766948260924,0.0,0.0,0.0029296875,0.0016914558667664816,5.482421875,2.857742625321354,0.0,0.0,0.0,0.0,0.0,0.0,0.0,0.0,0.0,0.0,0.0,0.0,0.0,0.0,0.0,0.0,0.0,0.0,0.0,0.0,0.0,0.0,0.0,0.0,0.0,0.0,0.0,0.0,0.0,0.0,0.0,0.0,0.0,0.0,0.0,0.0,0.0,0.0,0.0,0.0,0.0,0.0,0.0,0.0,0.0,0.0,0.0,0.0,0.0,0.0,0.0,0.0,0.0,0.0,0.0,0.0,0.0,0.0,0.0,0.0,0.0,0.0
paging,22,q21,1,15851.276314002462,,6483.873046875,,28886.981999999993,,40.371202051,,9367.403267127462,,45925.340000000004,,9010.19189453125,,40002.677,,138.15400000000005,,4459.344000000004,,21.545,,2.002,,672.9350000000001,,623.4110000000001,,0.0,,0.003,,5.268999999999999,,7980.48193359375,,115.93212890625,,663.31982421875,,16.13818359375,,1.656005859375,,472.101318359375,,534.884521484375,,0.0,,0.0029296875,,3.304443359375,,0.0,,0.0,,0.0,,0.0,,0.0,,0.0,,3.0,,75.0,,2.0,,0.0,,0.0,,0.584580016,,280.0,,0.0,,0.0,,0.0,,0.0,,0.0,,0.0,,0.0,,0.0,,0.0,,0.0,,0.0,,0.0,,0.0,,0.0,,0.0,,0.0,,0.0,,0.0,
