previous_query,q1,q2,q3,q4,q5,q6,q7,q8,q9,q10,q11,q12,q13,q14,q15,q16,q17,q18,q19,q20,q21,q22
q1,,0.000008880,,0.000008880,0.000008880,0.000008880,0.000008880,0.000008880,0.000008880,0.000008880,0.000008880,0.000008880,0.000008880,0.000008880,0.000008880,0.000008880,,0.000008880,0.000008880,0.000008880,0.000008880,0.000008880
q2,0.001899240,,,0.001899240,0.001899240,0.001899240,0.001899240,0.001899240,0.001899240,0.001899240,0.001899240,0.001899240,0.001899240,0.001899240,0.001899240,0.001899240,,0.001899240,0.001899240,0.001899240,0.001899240,0.001899240
q3,,,,,,,,,,,,,,,,,,,,,,
q4,0.045910138,0.045910138,,,0.045910138,0.045910138,0.045910138,0.045910138,0.045910138,0.045910138,0.045910138,0.045910138,0.045910138,0.045910138,0.045910138,0.045910138,,0.045910138,0.045910138,0.045910138,0.045910138,0.045910138
q5,0.000001008,0.000001008,,0.000001008,,0.000001008,0.000001008,0.000001008,0.000001008,0.000001008,0.000001008,0.000001008,0.000001008,0.000001008,0.000001008,0.000001008,,0.000001008,0.000001008,0.000001008,0.000001008,0.000001008
q6,0.000000176,0.000000176,,0.000000176,0.000000176,,0.000000176,0.000000176,0.000000176,0.000000176,0.000000176,0.000000176,0.000000176,0.000000176,0.000000176,0.000000176,,0.000000176,0.000000176,0.000000176,0.000000176,0.000000176
q7,0.000000752,0.000000752,,0.000000752,0.000000752,0.000000752,,0.000000752,0.000000752,0.000000752,0.000000752,0.000000752,0.000000752,0.000000752,0.000000752,0.000000752,,0.000000752,0.000000752,0.000000752,0.000000752,0.000000752
q8,0.000000160,0.000000160,,0.000000160,0.000000160,0.000000160,0.000000160,,0.000000160,0.000000160,0.000000160,0.000000160,0.000000160,0.000000160,0.000000160,0.000000160,,0.000000160,0.000000160,0.000000160,0.000000160,0.000000160
q9,0.000067893,0.000067893,,0.000067893,0.000067893,0.000067893,0.000067893,0.000067893,,0.000067893,0.000067893,0.000067893,0.000067893,0.000067893,0.000067893,0.000067893,,0.000067893,0.000067893,0.000067893,0.000067893,0.000067893
q10,1.474258486,1.474258486,,1.474258486,1.474258486,1.474258486,1.474258486,1.474258486,1.474258486,,1.474258486,1.474258486,1.474258486,1.474258486,1.474258486,1.474258486,,1.474258486,1.474258486,1.474258486,1.474258486,1.474258486
q11,0.145185856,0.145185856,,0.145185856,0.145185856,0.145185856,0.145185856,0.145185856,0.145185856,0.145185856,,0.145185856,0.145185856,0.145185856,0.145185856,0.145185856,,0.145185856,0.145185856,0.145185856,0.145185856,0.145185856
q12,0.000000224,0.000000224,,0.000000224,0.000000224,0.000000224,0.000000224,0.000000224,0.000000224,0.000000224,0.000000224,,0.000000224,0.000000224,0.000000224,0.000000224,,0.000000224,0.000000224,0.000000224,0.000000224,0.000000224
q13,0.480003520,0.480003520,,0.480003520,0.480003520,0.480003520,0.480003520,0.480003520,0.480003520,0.480003520,0.480003520,0.480003520,,0.480003520,0.480003520,0.480003520,,0.480003520,0.480003520,0.480003520,0.480003520,0.480003520
q14,0.000000160,0.000000160,,0.000000160,0.000000160,0.000000160,0.000000160,0.000000160,0.000000160,0.000000160,0.000000160,0.000000160,0.000000160,,0.000000160,0.000000160,,0.000000160,0.000000160,0.000000160,0.000000160,0.000000160
q15,0.343401752,0.343401752,,0.343401752,0.343401752,0.343401752,0.343401752,0.343401752,0.343401752,0.343401752,0.343401752,0.343401752,0.343401752,0.343401752,,0.343401752,,0.343401752,0.343401752,0.343401752,0.343401752,0.343401752
q16,0.098848792,0.098848792,,0.098848792,0.098848792,0.098848792,0.098848792,0.098848792,0.098848792,0.098848792,0.098848792,0.098848792,0.098848792,0.098848792,0.098848792,,,0.098848792,0.098848792,0.098848792,0.098848792,0.098848792
q17,,,,,,,,,,,,,,,,,,,,,,
q18,7.219595020,7.219595020,,7.219595020,7.219595020,7.219595020,7.219595020,7.219595020,7.219595020,7.219595020,7.219595020,7.219595020,7.219595020,7.219595020,7.219595020,7.219595020,,,7.219595020,7.219595020,7.219595020,7.219595020
q19,0.000000080,0.000000080,,0.000000080,0.000000080,0.000000080,0.000000080,0.000000080,0.000000080,0.000000080,0.000000080,0.000000080,0.000000080,0.000000080,0.000000080,0.000000080,,0.000000080,,0.000000080,0.000000080,0.000000080
q20,0.061692160,0.061692160,,0.061692160,0.061692160,0.061692160,0.061692160,0.061692160,0.061692160,0.061692160,0.061692160,0.061692160,0.061692160,0.061692160,0.061692160,0.061692160,,0.061692160,0.061692160,,0.061692160,0.061692160
q21,0.236241830,0.236241830,,0.236241830,0.236241830,0.236241830,0.236241830,0.236241830,0.236241830,0.236241830,0.236241830,0.236241830,0.236241830,0.236241830,0.236241830,0.236241830,,0.236241830,0.236241830,0.236241830,,0.236241830
q22,0.015507726,0.015507726,,0.015507726,0.015507726,0.015507726,0.015507726,0.015507726,0.015507726,0.015507726,0.015507726,0.015507726,0.015507726,0.015507726,0.015507726,0.015507726,,0.015507726,0.015507726,0.015507726,0.015507726,
