,q1,q2,q3,q4,q5,q6,q7,q8,q9,q10,q11,q12,q13,q14,q15,q16,q17,q18,q19,q20,q21,q22
q1,,0.0,0.44464553346240365,0.0,0.29197196896410355,1.0,0.33283469818892514,0.22722290697243486,0.22949725499375526,0.3471581082838911,0.0,0.1041625919417196,0.0,0.5486893378085181,0.5538428420529813,0.0,0.5130397081652691,0.04767461010971546,0.5044965647005886,0.1047359594907067,0.0,0.0
q2,0.0,,0.0,0.0,0.00049379378573993,0.0,0.0004743818693804488,0.00842911769098306,0.08623407913807993,2.820142385064599e-08,0.9093101394117107,0.0,0.0,0.016371939746444648,0.007133321398699808,0.9919139907261637,0.015619890907238818,0.0,0.015894231031985236,0.111623949731789,0.0023980970502862765,0.0
q3,0.8508683544847049,0.0,,0.7608694564851903,0.7243441724848791,0.930123457992137,0.7351722736304575,0.5637102393921664,0.4682540407198629,0.8362506803354914,0.0,0.7605819301186113,0.24242818139675565,0.5486893378085181,0.5538428420529813,0.0,0.46862613083081883,0.7919938552099656,0.46320553740591436,0.07087246208189696,0.46976743464083914,0.7652195814168674
q4,0.0,0.0,0.4580098642618798,,0.35685615701490153,0.0,0.3297878883110363,0.2777180756619368,0.257540218722572,0.4119881341239754,0.0,0.8708866253293757,0.1154419908572972,0.0,0.0,0.0,0.0,0.6536680231713007,0.0,0.0,0.618789165508451,0.0
q5,0.7170859832559228,0.003791447908414544,0.9296652715587858,0.7608694564851903,,0.7838797751828719,0.9476682674631886,0.7782353483404797,0.666802211962391,0.8368752511272812,0.004069390165379761,0.6564193381768917,0.24242818139675565,0.462418694067832,0.9065174102235285,0.005118553382447488,0.46862613083081883,0.7919938552099656,0.46320553740591436,0.35795030033438696,0.8462618419888345,0.7652195814168674
q6,0.9147907701645106,0.0,0.44464553346240365,0.0,0.29197196896410355,,0.33283469818892514,0.22722290697243486,0.22949725499375526,0.33707975705460863,0.0,0.1041625919417196,0.0,0.5486893378085181,0.5538428420529813,0.0,0.5130397081652691,0.04767461010971546,0.5044965647005886,0.1047359594907067,0.0,0.0
q7,0.8508683544847049,0.003791327114845246,0.9821423955312242,0.7319060878513741,0.9864158453111987,0.930123457992137,,0.7676636789843294,0.6569986481193197,0.8211924502214427,0.004069390165379761,0.7605819301186113,0.24242818139675565,0.5486893378085181,0.9935983414949802,0.005118553382447488,0.46862613083081883,0.7671112321030978,0.46320553740591436,0.4288227624162839,0.8462618419888345,0.7652195814168674
q8,0.7170859832559228,0.08316309390475386,0.9296652715587858,0.7608694564851903,1.0,0.7838797751828719,0.9476682674631886,,0.87160000689403,0.8368752511272812,0.004069390165379761,0.6564193381768917,0.24242818139675565,0.9137293562593138,0.9065174102235285,0.12072881141312888,0.9528721525688765,0.7919938552099656,0.9134060594299311,0.727167663278792,0.8462618419888345,0.7652195814168674
q9,0.7810083989357285,0.9174587298667758,0.8327436028980293,0.7608694564851903,0.9239429710443101,0.8537563171907347,0.8745988634256184,0.9398884487330976,,0.7490679193800079,0.9093101394117107,0.6564193381768917,0.1154419908572972,0.9118544642636656,0.9065174102235285,0.9264550457724909,0.9972857299033269,0.7013426332810161,0.9546970867246055,0.911014070214573,0.8462618419888345,0.0
q10,0.7385261446705335,1.8755946941947393e-07,0.9296652715587858,0.7608694564851903,0.7248851636302085,0.7838797751828719,0.6833602814687061,0.5641312578246009,0.46825405834901346,,2.0131543313444944e-07,0.6564193381768917,0.24242818139675565,0.462418694067832,0.4667619107815297,0.0,0.46862613083081883,0.8265746340821272,0.46320553740591436,3.178251260978984e-08,0.4697674680698885,1.0
q11,0.0,0.8471766154754062,0.0,0.0,0.000493778053725323,0.0,0.0004743818693804488,0.00038427553564381083,0.07962809979850023,2.820142385064599e-08,,0.0,0.0,0.0,0.0007316628936799283,0.8240843152964863,0.0,0.0,0.0,0.11023614577541911,0.0006757348032405637,0.0
q12,0.13378237122878212,0.0,0.5104869882343182,0.9710366313661838,0.3432720180581148,0.1462436828092652,0.38211962084784773,0.2671464185489964,0.24773665487950072,0.3963053332181369,0.0,,0.1154419908572972,0.08627064374068612,0.08708093127145157,0.0,0.0,0.628785400064433,0.020700164398309632,0.07087246208189696,0.618789165508451,0.0
q13,0.0,0.0,0.18503227612033163,0.14637385619715507,0.14416699755240917,0.0,0.13850394784844428,0.11219585355940023,0.04954483928744137,0.166439869836385,0.0,0.1312772654937217,,0.0,0.0,0.0,0.0,0.26407658784682225,0.0,0.0,0.09394876209608445,0.7652195814168674
q14,0.8508683544847049,0.07937164599633931,0.44464553346240365,0.0,0.29197196896410355,0.930123457992137,0.33283469818892514,0.44898755863195516,0.4155116169289299,0.33707975705460863,0.0,0.1041625919417196,0.0,,0.5538428420529813,0.1156102580306814,0.9528721525688765,0.0,0.9134060594299311,0.440089825026302,0.0,0.0
q15,0.8508683544847049,0.03426076176044214,0.44464553346240365,0.0,0.567050710543276,0.930123457992137,0.5971080223527792,0.4412989072463629,0.40923593764421706,0.33707975705460863,0.0037718492554600466,0.1041625919417196,0.0,0.5486893378085181,,0.005118553382447488,0.46862613083081883,0.0,0.46320553740591436,0.4325716670536652,0.3781673620081423,0.0
q16,0.0,0.680993602746215,0.0,0.0,0.0004576745675927498,0.0,0.00043969657076600607,0.008401008438666504,0.05978410882646753,0.0,0.6072656820863473,0.0,0.0,0.016371939746444648,0.0007316628936799283,,0.016853667223427644,0.0,0.017041265218482975,0.1077810970291828,0.0006263272163418882,0.0
q17,0.7383944157127966,0.07028211439136957,0.3524645859484889,0.0,0.2746210670115797,0.8071730058885577,0.26383362759308804,0.4345631905630821,0.4217730435201628,0.31704825253865926,0.0,0.0,0.0,0.8843744926408708,0.43902383654831895,0.1104567397498409,,0.04767461010971546,0.929693795744889,0.4030808603532148,0.0,0.0
q18,0.06392241567980571,0.0,0.5549315329226362,0.7608694564851903,0.43237220352077554,0.06987654200786293,0.4023375754415323,0.33648733241973156,0.2763236517190364,0.5209661925292948,0.0,0.6564193381768917,0.24242818139675565,0.0,0.0,0.0,0.04441357733445032,,0.04129102729467428,0.03386349740880974,0.46976743464083914,0.7652195814168674
q19,0.7810083989357285,0.07692480621395152,0.3747337386361495,0.0,0.29197196896410355,0.8537563171907347,0.2805029656521137,0.448066275788126,0.4342950499253943,0.33707975705460863,0.0,0.024950782728904764,0.0,0.9118544642636656,0.4667619107815297,0.12013227697710738,1.0,0.04767461010971546,,0.4030808603532148,0.0,0.0
q20,0.1977047869085878,0.6587310777862005,0.06991179482625412,0.0,0.27511484506530504,0.21612022481712814,0.3166397419992799,0.434947466098726,0.5053220445641267,2.820142385064599e-08,0.6982530835845564,0.1041625919417196,0.0,0.5357064139365196,0.5315004234670043,0.9264550457724909,0.528659599072508,0.04767461010971546,0.49149154931869116,,0.37821676959504097,0.0
q21,0.0,0.013454938723267142,0.44057519340806406,0.9640846170581583,0.6183868631234198,0.0,0.5940958977735048,0.48125051583203116,0.44628482612202885,0.39630536141956074,0.004069390165379761,0.8646516223599823,0.1154419908572972,0.0,0.44176752847851236,0.005118553382447488,0.0,0.628785400064433,0.0,0.35958782820088925,,0.0
q22,0.0,0.0,0.09692166866075648,0.0,0.07551604650587404,0.0,0.07254968713049603,0.05876925675779475,0.0,0.11393172793027755,0.0,0.0,0.12698619053945845,0.0,0.0,0.0,0.0,0.1383258320386649,0.0,0.0,0.0,
