condition,workload_id,query_sequence,repeats_completed,total_ms_mean,total_ms_std,load_ms_mean,load_ms_std,scan_materialize_work_ms_mean,scan_uncompressed_gb_mean,computation_ms_mean,fixed_page_cached_gb_mean,fixed_page_reuse_split_count_mean,fixed_page_materialize_view_count_mean,fixed_page_fallback_count_mean,page_pruning_matched_cols_mean,page_pruning_pages_mean,page_pruning_all_fail_pages_mean,page_pruning_all_pass_pages_mean,page_pruning_partial_pages_mean,page_pruning_unknown_pages_mean,page_pruning_skip_reuse_count_mean,page_pruning_keep_reuse_count_mean,cache_column_view_ms_mean,cache_column_materialize_ms_mean,splice_view_build_ms_mean,splice_materialize_ms_mean,filtered_splice_materialize_ms_mean,filtered_splice_materialize_single_mask_ms_mean,single_mask_filter_apply_ms_mean,post_filter_select_ms_mean,inline_assembly_ms_mean,post_filter_project_assembly_ms_mean,assembly_ms_mean,fixed_page_extra_stage_ms_mean
baseline,q10x3,"q10,q10,q10",1,13753.809000000001,,10733.786865234375,,27391.219000000005,44.253083487,3020.022134765625,0.0,0.0,0.0,0.0,0.0,0.0,0.0,0.0,0.0,0.0,0.0,0.0,0.0,0.0,0.0,0.0,0.0,0.0,0.0,0.0,4.256,0.0,4.256,0.0
baseline,q11x3,"q11,q11,q11",1,3674.3520000000003,,2527.14208984375,,4979.793,10.780341552,1147.2099101562503,0.0,0.0,0.0,0.0,0.0,0.0,0.0,0.0,0.0,0.0,0.0,0.0,0.0,0.0,0.0,0.0,0.0,0.0,0.0,0.0,0.011,0.0,0.011,0.0
baseline,q12x3,"q12,q12,q12",1,8663.013,,6041.010498046875,,18409.357,27.423737541,2622.002501953126,0.0,0.0,0.0,0.0,0.0,0.0,0.0,0.0,0.0,0.0,0.0,0.0,0.0,0.0,0.0,0.0,0.0,0.0,0.0,0.0,0.0,0.0,0.0,0.0
baseline,q13x3,"q13,q13,q13",1,7241.902,,5666.114990234375,,10291.505,7.560237894,1575.7870097656246,0.0,0.0,0.0,0.0,0.0,0.0,0.0,0.0,0.0,0.0,0.0,0.0,0.0,0.0,0.0,0.0,0.0,0.0,0.0,1031.333,0.0,0.056999999999999995,0.056999999999999995,0.0
baseline,q14x3,"q14,q14,q14",1,11109.691,,9456.46484375,,42291.587,30.254707701,1653.2261562500003,0.0,0.0,0.0,0.0,0.0,0.0,0.0,0.0,0.0,0.0,0.0,0.0,0.0,0.0,0.0,0.0,0.0,0.0,0.0,0.0,5.284999999999998,0.0,5.284999999999998,0.0
baseline,q15x3,"q15,q15,q15",1,10776.511,,9198.47412109375,,41869.643,29.94660786,1578.03687890625,0.0,0.0,0.0,0.0,0.0,0.0,0.0,0.0,0.0,0.0,0.0,0.0,0.0,0.0,0.0,0.0,0.0,0.0,0.0,0.0,7.236999999999998,0.0,7.236999999999998,0.0
baseline,q16x3,"q16,q16,q16",1,2813.926,,1179.27685546875,,1686.726,4.489500558,1634.64914453125,0.0,0.0,0.0,0.0,0.0,0.0,0.0,0.0,0.0,0.0,0.0,0.0,0.0,0.0,0.0,0.0,0.0,0.0,0.0,54.38,0.0,0.006,0.006,0.0
baseline,q17x3,"q17,q17,q17",1,27592.655,,14106.104248046875,,43658.932,46.413839226,13486.550751953126,0.0,0.0,0.0,0.0,0.0,0.0,0.0,0.0,0.0,0.0,0.0,0.0,0.0,0.0,0.0,0.0,0.0,0.0,0.0,0.0,0.048,0.0,0.048,0.0
baseline,q18x3,"q18,q18,q18",1,16709.479,,7756.3701171875,,18965.650000000005,44.395192179,8953.1088828125,0.0,0.0,0.0,0.0,0.0,0.0,0.0,0.0,0.0,0.0,0.0,0.0,0.0,0.0,0.0,0.0,0.0,0.0,0.0,0.0,0.0,0.0,0.0,0.0
baseline,q19x3,"q19,q19,q19",1,11361.471,,9140.87109375,,16947.969,32.370526668,2220.59990625,0.0,0.0,0.0,0.0,0.0,0.0,0.0,0.0,0.0,0.0,0.0,0.0,0.0,0.0,0.0,0.0,0.0,0.0,0.0,0.0,2.7929999999999993,0.0,2.7929999999999993,0.0
baseline,q1x3,"q1,q1,q1",1,10077.575,,7269.422119140625,,10523.003,18.495520199999998,2808.1528808593753,0.0,0.0,0.0,0.0,0.0,0.0,0.0,0.0,0.0,0.0,0.0,0.0,0.0,0.0,0.0,0.0,0.0,0.0,0.0,0.0,2.6769999999999996,0.0,2.6769999999999996,0.0
baseline,q20x3,"q20,q20,q20",1,12899.447,,10941.942138671875,,42349.118,35.243687133,1957.5048613281242,0.0,0.0,0.0,0.0,0.0,0.0,0.0,0.0,0.0,0.0,0.0,0.0,0.0,0.0,0.0,0.0,0.0,0.0,0.0,0.0,2.856999999999999,0.0,2.856999999999999,0.0
baseline,q21x3,"q21,q21,q21",1,30897.97,,20985.0087890625,,93739.373,101.521172619,9912.961210937501,0.0,0.0,0.0,0.0,0.0,0.0,0.0,0.0,0.0,0.0,0.0,0.0,0.0,0.0,0.0,0.0,0.0,0.0,0.0,0.0,0.281,0.0,0.281,0.0
baseline,q22x3,"q22,q22,q22",1,3464.5460000000003,,2044.890869140625,,3628.853,5.53515939,1419.6551308593753,0.0,0.0,0.0,0.0,0.0,0.0,0.0,0.0,0.0,0.0,0.0,0.0,0.0,0.0,0.0,0.0,0.0,0.0,0.0,135.132,0.0,0.008,0.008,0.0
baseline,q2x3,"q2,q2,q2",1,4001.763,,2854.727783203125,,4699.969,12.508460232000001,1147.0352167968751,0.0,0.0,0.0,0.0,0.0,0.0,0.0,0.0,0.0,0.0,0.0,0.0,0.0,0.0,0.0,0.0,0.0,0.0,0.0,14.151,0.024,0.011,0.035,0.0
baseline,q3x3,"q3,q3,q3",1,12682.234,,9339.4306640625,,17641.326999999997,37.985393097,3342.8033359374995,0.0,0.0,0.0,0.0,0.0,0.0,0.0,0.0,0.0,0.0,0.0,0.0,0.0,0.0,0.0,0.0,0.0,0.0,0.0,0.0,4.717999999999999,0.0,4.717999999999999,0.0
baseline,q4x3,"q4,q4,q4",1,8094.032,,5370.657958984375,,20313.906,23.882966241,2723.374041015625,0.0,0.0,0.0,0.0,0.0,0.0,0.0,0.0,0.0,0.0,0.0,0.0,0.0,0.0,0.0,0.0,0.0,0.0,0.0,0.0,0.851,0.0,0.851,0.0
baseline,q5x3,"q5,q5,q5",1,22792.356,,13078.160888671875,,40730.496999999996,51.728472294,9714.195111328125,0.0,0.0,0.0,0.0,0.0,0.0,0.0,0.0,0.0,0.0,0.0,0.0,0.0,0.0,0.0,0.0,0.0,0.0,0.0,0.0,6.0969999999999995,0.0,6.0969999999999995,0.0
baseline,q6x3,"q6,q6,q6",1,7722.544,,5924.06201171875,,14846.560000000001,15.311254178999999,1798.4819882812503,0.0,0.0,0.0,0.0,0.0,0.0,0.0,0.0,0.0,0.0,0.0,0.0,0.0,0.0,0.0,0.0,0.0,0.0,0.0,0.0,7.266,0.0,7.266,0.0
baseline,q7x3,"q7,q7,q7",1,16281.448,,12426.738037109375,,42950.992,54.585000564000005,3854.7099628906253,0.0,0.0,0.0,0.0,0.0,0.0,0.0,0.0,0.0,0.0,0.0,0.0,0.0,0.0,0.0,0.0,0.0,0.0,0.0,0.0,0.0,0.0,0.0,0.0
baseline,q8x3,"q8,q8,q8",1,29045.202000000005,,16727.63330078125,,46553.125,67.322209806,12317.568699218753,0.0,0.0,0.0,0.0,0.0,0.0,0.0,0.0,0.0,0.0,0.0,0.0,0.0,0.0,0.0,0.0,0.0,0.0,0.0,0.0,0.028000000000000004,0.0,0.028000000000000004,0.0
baseline,q9x3,"q9,q9,q9",1,39018.235,,19287.78515625,,58020.070999999996,70.458771276,19730.44984375,0.0,0.0,0.0,0.0,0.0,0.0,0.0,0.0,0.0,0.0,0.0,0.0,0.0,0.0,0.0,0.0,0.0,0.0,0.0,31.508,0.0,0.009000000000000001,0.009000000000000001,0.0
paging_filter_aware,q10x3,"q10,q10,q10",1,13698.885,,10327.90380859375,,26168.706,44.253083487,3370.98119140625,1.2,10.0,0.0,0.0,0.0,0.0,0.0,0.0,0.0,0.0,0.0,0.0,0.0,35.20099999999999,0.0,0.0,0.0,116.328,80.924,0.0,5.6759999999999975,0.932,6.607999999999998,116.328
paging_filter_aware,q12x3,"q12,q12,q12",1,13541.936000000002,,6019.21875,,16895.771,27.423737541,7522.717250000001,0.0,0.0,0.0,0.0,0.0,0.0,0.0,0.0,0.0,0.0,0.0,0.0,0.0,0.0,0.0,0.0,0.0,0.0,0.0,0.0,0.0,0.0,0.0,0.0
paging_filter_aware,q13x3,"q13,q13,q13",1,7210.799,,5584.1220703125,,10016.835,7.560237894,1626.6769296875,0.0,0.0,0.0,0.0,0.0,0.0,0.0,0.0,0.0,0.0,0.0,0.0,0.0,0.0,0.0,0.0,0.0,0.0,0.0,1023.8389999999999,0.0,0.04,0.04,0.0
paging_filter_aware,q14x3,"q14,q14,q14",1,11631.479,,8659.72802734375,,33926.229999999996,30.254707701,2971.7509726562494,4.800303216,40.0,0.0,0.0,0.0,0.0,0.0,0.0,0.0,0.0,0.0,0.0,0.0,213.16800000000003,0.0,0.0,0.0,862.345,647.578,0.0,0.18500000000000005,8.013000000000002,8.198,862.345
paging_filter_aware,q15x3,"q15,q15,q15",1,11015.858,,8295.28466796875,,33313.340000000004,29.94660786,2720.5733320312493,4.800303216,40.0,0.0,0.0,0.0,0.0,0.0,0.0,0.0,0.0,0.0,0.0,0.0,173.54999999999998,0.0,0.0,0.0,790.844,615.767,0.0,0.134,2.5810000000000004,2.7150000000000003,790.844
paging_filter_aware,q16x3,"q16,q16,q16",1,2956.445,,1208.599609375,,1645.295,4.489500558,1747.8453906250002,0.0,0.0,0.0,0.0,0.0,0.0,0.0,0.0,0.0,0.0,0.0,0.0,0.0,0.0,0.0,0.0,0.0,0.0,0.0,53.872,0.0,0.006,0.006,0.0
paging_filter_aware,q17x3,"q17,q17,q17",1,26994.131,,14144.21826171875,,44166.849,46.413839226,12849.91273828125,0.0,0.0,0.0,0.0,0.0,0.0,0.0,0.0,0.0,0.0,0.0,0.0,0.0,0.0,0.0,0.0,0.0,0.0,0.0,0.0,0.044,0.0,0.044,0.0
paging_filter_aware,q18x3,"q18,q18,q18",1,16945.28,,7558.323486328125,,18404.799000000003,44.395192179,9386.956513671874,0.0,0.0,0.0,0.0,0.0,0.0,0.0,0.0,0.0,0.0,0.0,0.0,0.0,0.0,0.0,0.0,0.0,0.0,0.0,0.0,0.0,0.0,0.0,0.0
paging_filter_aware,q19x3,"q19,q19,q19",1,11614.496,,9388.5908203125,,17503.272999999997,32.370526668,2225.9051796874996,0.0,0.0,0.0,0.0,0.0,0.0,0.0,0.0,0.0,0.0,0.0,0.0,0.0,0.0,0.0,0.0,0.0,0.0,0.0,0.0,7.710999999999998,0.0,7.710999999999998,0.0
paging_filter_aware,q1x3,"q1,q1,q1",1,10146.192000000001,,6411.620849609375,,9132.592,18.495520199999998,3734.5711503906255,4.800303216,28.0,0.0,0.0,0.0,0.0,0.0,0.0,0.0,0.0,0.0,0.0,0.0,89.321,0.0,0.0,0.0,712.963,622.8969999999999,0.0,0.099,0.20400000000000001,0.30300000000000005,712.963
paging_filter_aware,q20x3,"q20,q20,q20",1,13331.638,,10159.771728515625,,38385.69499999999,35.243687133,3171.8662714843754,4.800303216,46.0,0.0,0.0,0.0,0.0,0.0,0.0,0.0,0.0,0.0,0.0,0.0,317.053,0.0,0.0,0.0,926.8069999999999,608.0730000000001,0.0,0.32700000000000007,7.579999999999999,7.906999999999999,926.8069999999999
paging_filter_aware,q21x3,"q21,q21,q21",1,31044.434,,20692.142822265625,,93174.156,101.521172619,10352.291177734376,0.0,0.0,0.0,0.0,0.0,0.0,0.0,0.0,0.0,0.0,0.0,0.0,0.0,0.0,0.0,0.0,0.0,0.0,0.0,0.0,0.10700000000000001,0.0,0.10700000000000001,0.0
paging_filter_aware,q22x3,"q22,q22,q22",1,3178.187,,1922.5078125,,3760.505,4.93514048,1255.6791875,0.6,5.0,5.0,0.0,0.0,0.0,0.0,0.0,0.0,0.0,0.0,0.0,0.005,0.0,0.057999999999999996,0.0,0.0,0.0,0.0,124.94399999999999,0.0,0.006,0.006,0.057999999999999996
paging_filter_aware,q2x3,"q2,q2,q2",1,4267.984,,2937.784912109375,,4842.24,12.508460232000001,1330.199087890625,0.16,2.0,2.0,0.0,0.0,0.0,0.0,0.0,0.0,0.0,0.0,0.0,0.003,0.0,0.053,0.0,0.0,0.0,0.0,12.263,0.023,0.012,0.035,0.053
paging_filter_aware,q3x3,"q3,q3,q3",1,14662.894,,9096.384765625,,16672.4,37.510484027,5566.509234375,6.000303216,50.0,0.0,0.0,0.0,0.0,0.0,0.0,0.0,0.0,0.0,0.0,0.0,157.73100000000002,0.0,0.0,0.0,723.7890000000001,564.515,0.0,0.9930000000000002,3.2190000000000003,4.212,723.7890000000001
paging_filter_aware,q4x3,"q4,q4,q4",1,7672.6900000000005,,4933.121826171875,,16185.089,23.882966241,2739.568173828125,1.2,8.0,0.0,0.0,0.0,0.0,0.0,0.0,0.0,0.0,0.0,0.0,0.0,9.757,0.0,0.0,0.0,81.877,71.828,0.0,0.02,0.024,0.044,81.877
paging_filter_aware,q5x3,"q5,q5,q5",1,22323.791999999998,,12555.826171875,,38298.026000000005,51.728472294,9767.965828124998,1.2,10.0,0.0,0.0,0.0,0.0,0.0,0.0,0.0,0.0,0.0,0.0,0.0,28.038999999999998,0.0,0.0,0.0,137.824,109.513,0.0,2.054,0.052,2.106,137.824
paging_filter_aware,q6x3,"q6,q6,q6",1,11615.914,,6065.799072265625,,15595.628,15.311254178999999,5550.114927734375,0.0,0.0,0.0,0.0,0.0,0.0,0.0,0.0,0.0,0.0,0.0,0.0,0.0,0.0,0.0,0.0,0.0,0.0,0.0,0.0,20.281,0.0,20.281,0.0
paging_filter_aware,q7x3,"q7,q7,q7",1,17775.468,,11685.134521484375,,31969.709000000003,52.680648842000004,6090.333478515626,4.800303216,56.0,0.0,0.0,0.0,0.0,0.0,0.0,0.0,0.0,0.0,0.0,0.0,232.67100000000005,0.0,0.0,0.0,811.561,577.5459999999998,0.0,0.0,0.0,0.0,811.561
paging_filter_aware,q8x3,"q8,q8,q8",1,27854.535,,16812.630126953125,,45718.266,66.847300736,11041.904873046875,1.2,10.0,0.0,0.0,0.0,0.0,0.0,0.0,0.0,0.0,0.0,0.0,0.0,27.371000000000002,0.0,0.0,0.0,141.734,114.08600000000001,0.0,0.024,0.0,0.024,141.734
paging_filter_aware,q9x3,"q9,q9,q9",1,38403.735,,18988.38134765625,,57974.208,70.458771276,19415.35365234375,0.0,0.0,0.0,0.0,0.0,0.0,0.0,0.0,0.0,0.0,0.0,0.0,0.0,0.0,0.0,0.0,0.0,0.0,0.0,28.922,0.0,0.008,0.008,0.0
pinned_hot,q11x3,"q11,q11,q11",1,1241.221,,21.907958984375,,21.908,3.75e-07,1219.313041015625,0.0,0.0,0.0,0.0,0.0,0.0,0.0,0.0,0.0,0.0,0.0,0.0,0.0,0.0,0.0,0.0,0.0,0.0,0.0,0.0,0.011,0.0,0.011,0.0
pinned_hot,q13x3,"q13,q13,q13",1,6953.2339999999995,,5447.69384765625,,9993.369,7.200226548,1505.5401523437495,0.0,0.0,0.0,0.0,0.0,0.0,0.0,0.0,0.0,0.0,0.0,0.0,0.0,0.0,0.0,0.0,0.0,0.0,0.0,1010.3299999999999,0.0,0.041,0.041,0.0
pinned_hot,q14x3,"q14,q14,q14",1,11104.485,,9437.850830078125,,41672.31800000001,30.254707701,1666.6341699218751,0.0,0.0,0.0,0.0,0.0,0.0,0.0,0.0,0.0,0.0,0.0,0.0,0.0,0.0,0.0,0.0,0.0,0.0,0.0,0.0,6.261999999999996,0.0,6.261999999999996,0.0
pinned_hot,q15x3,"q15,q15,q15",1,10948.274,,9166.565185546875,,42460.254,29.94660786,1781.708814453125,0.0,0.0,0.0,0.0,0.0,0.0,0.0,0.0,0.0,0.0,0.0,0.0,0.0,0.0,0.0,0.0,0.0,0.0,0.0,0.0,4.502999999999999,0.0,4.502999999999999,0.0
pinned_hot,q16x3,"q16,q16,q16",1,2115.385,,537.216796875,,537.217,0.64937967,1578.1682031250002,0.0,0.0,0.0,0.0,0.0,0.0,0.0,0.0,0.0,0.0,0.0,0.0,0.0,0.0,0.0,0.0,0.0,0.0,0.0,53.837,0.0,0.007,0.007,0.0
pinned_hot,q17x3,"q17,q17,q17",1,27423.392,,13953.462158203125,,43958.85800000001,46.413839226,13469.929841796873,0.0,0.0,0.0,0.0,0.0,0.0,0.0,0.0,0.0,0.0,0.0,0.0,0.0,0.0,0.0,0.0,0.0,0.0,0.0,0.0,0.023,0.0,0.023,0.0
pinned_hot,q19x3,"q19,q19,q19",1,11719.731,,9475.760986328125,,18202.01,32.370526668,2243.9700136718743,0.0,0.0,0.0,0.0,0.0,0.0,0.0,0.0,0.0,0.0,0.0,0.0,0.0,0.0,0.0,0.0,0.0,0.0,0.0,0.0,15.858999999999998,0.0,15.858999999999998,0.0
pinned_hot,q1x3,"q1,q1,q1",1,9575.999,,7038.61376953125,,10927.955,18.495520199999998,2537.38523046875,0.0,0.0,0.0,0.0,0.0,0.0,0.0,0.0,0.0,0.0,0.0,0.0,0.0,0.0,0.0,0.0,0.0,0.0,0.0,0.0,8.623999999999999,0.0,8.623999999999999,0.0
pinned_hot,q20x3,"q20,q20,q20",1,12174.310999999998,,10172.51171875,,30704.089,30.826493192999997,2001.7992812499988,0.0,0.0,0.0,0.0,0.0,0.0,0.0,0.0,0.0,0.0,0.0,0.0,0.0,0.0,0.0,0.0,0.0,0.0,0.0,0.0,5.336999999999999,0.0,5.336999999999999,0.0
pinned_hot,q22x3,"q22,q22,q22",1,2385.9030000000002,,965.47705078125,,965.477,1.935046116,1420.42594921875,0.0,0.0,0.0,0.0,0.0,0.0,0.0,0.0,0.0,0.0,0.0,0.0,0.0,0.0,0.0,0.0,0.0,0.0,0.0,138.00900000000001,0.0,0.009000000000000001,0.009000000000000001,0.0
pinned_hot,q2x3,"q2,q2,q2",1,2252.3900000000003,,639.815673828125,,639.816,0.9622038749999999,1612.574326171875,0.0,0.0,0.0,0.0,0.0,0.0,0.0,0.0,0.0,0.0,0.0,0.0,0.0,0.0,0.0,0.0,0.0,0.0,0.0,12.764999999999999,0.023,0.012,0.035,0.0
pinned_hot,q6x3,"q6,q6,q6",1,7440.039000000001,,5775.56201171875,,14894.793,15.311254178999999,1664.4769882812507,0.0,0.0,0.0,0.0,0.0,0.0,0.0,0.0,0.0,0.0,0.0,0.0,0.0,0.0,0.0,0.0,0.0,0.0,0.0,0.0,24.472,0.0,24.472,0.0
