condition,query,execution,operator_kind,duration_ms
paging,q1,1,GPU_SCAN,4691.763575999999
paging,q1,1,GPU_SCAN,4785.224928
paging,q1,1,HASH_GROUP_BY,1295.3890379999998
paging,q1,1,HASH_GROUP_BY,1354.452816
paging,q1,1,MERGE_GROUP_BY,1.316172
paging,q1,1,MERGE_GROUP_BY,2.823903
paging,q1,1,MERGE_SORT,1.788713
paging,q1,1,MERGE_SORT,1.482054
paging,q1,1,ORDER_BY,0.740047
paging,q1,1,ORDER_BY,0.419392
paging,q1,1,PARTITION,0.9503600000000001
paging,q1,1,PARTITION,0.8414139999999997
paging,q1,1,PROJECTION,210.04293799999996
paging,q1,1,PROJECTION,191.40478399999995
paging,q1,1,RESULT_COLLECTOR,0.194204
paging,q1,1,RESULT_COLLECTOR,0.1286
paging,q1,1,SORT_PARTITION,0.797403
paging,q1,1,SORT_PARTITION,1.076808
paging,q1,1,SORT_SAMPLE,0.312934
paging,q1,1,SORT_SAMPLE,0.411404
paging,q1,2,GPU_SCAN,4559.855546
paging,q1,2,GPU_SCAN,4690.92585
paging,q1,2,HASH_GROUP_BY,1293.0104360000003
paging,q1,2,HASH_GROUP_BY,1294.4252790000003
paging,q1,2,MERGE_GROUP_BY,2.362813
paging,q1,2,MERGE_GROUP_BY,1.282323
paging,q1,2,MERGE_SORT,1.383759
paging,q1,2,MERGE_SORT,1.620397
paging,q1,2,ORDER_BY,0.530154
paging,q1,2,ORDER_BY,0.66556
paging,q1,2,PARTITION,1.1230159999999998
paging,q1,2,PARTITION,0.7559170000000001
paging,q1,2,PROJECTION,182.90402099999997
paging,q1,2,PROJECTION,214.38752299999993
paging,q1,2,RESULT_COLLECTOR,0.165081
paging,q1,2,RESULT_COLLECTOR,0.161349
paging,q1,2,SORT_PARTITION,0.842629
paging,q1,2,SORT_PARTITION,0.993939
paging,q1,2,SORT_SAMPLE,0.319073
paging,q1,2,SORT_SAMPLE,0.548978
paging,q1,3,GPU_SCAN,4735.909052999999
paging,q1,3,GPU_SCAN,4672.230117000001
paging,q1,3,HASH_GROUP_BY,1273.25515
paging,q1,3,HASH_GROUP_BY,1294.7579220000002
paging,q1,3,MERGE_GROUP_BY,2.20488
paging,q1,3,MERGE_GROUP_BY,1.96675
paging,q1,3,MERGE_SORT,1.117979
paging,q1,3,MERGE_SORT,1.376564
paging,q1,3,ORDER_BY,0.676334
paging,q1,3,ORDER_BY,0.58831
paging,q1,3,PARTITION,2.0720369999999995
paging,q1,3,PARTITION,1.698995
paging,q1,3,PROJECTION,272.5475589999999
paging,q1,3,PROJECTION,184.41601400000002
paging,q1,3,RESULT_COLLECTOR,0.240373
paging,q1,3,RESULT_COLLECTOR,0.160121
paging,q1,3,SORT_PARTITION,0.677045
paging,q1,3,SORT_PARTITION,0.582937
paging,q1,3,SORT_SAMPLE,0.253995
paging,q1,3,SORT_SAMPLE,0.216961
paging,q1,4,GPU_SCAN,4709.865154000001
paging,q1,4,GPU_SCAN,4553.964559
paging,q1,4,HASH_GROUP_BY,1324.7189580000002
paging,q1,4,HASH_GROUP_BY,1197.5989670000004
paging,q1,4,MERGE_GROUP_BY,3.451648
paging,q1,4,MERGE_GROUP_BY,1.197801
paging,q1,4,MERGE_SORT,3.228892
paging,q1,4,MERGE_SORT,1.121918
paging,q1,4,ORDER_BY,0.420813
paging,q1,4,ORDER_BY,0.410533
paging,q1,4,PARTITION,0.6735529999999998
paging,q1,4,PARTITION,0.688835
paging,q1,4,PROJECTION,186.29057799999998
paging,q1,4,PROJECTION,246.580787
paging,q1,4,RESULT_COLLECTOR,0.149976
paging,q1,4,RESULT_COLLECTOR,0.182199
paging,q1,4,SORT_PARTITION,0.711657
paging,q1,4,SORT_PARTITION,1.06907
paging,q1,4,SORT_SAMPLE,0.265212
paging,q1,4,SORT_SAMPLE,0.618222
paging,q1,5,GPU_SCAN,4437.433586
paging,q1,5,GPU_SCAN,4494.128357999999
paging,q1,5,HASH_GROUP_BY,1323.329867
paging,q1,5,HASH_GROUP_BY,1279.518846
paging,q1,5,MERGE_GROUP_BY,1.178398
paging,q1,5,MERGE_GROUP_BY,1.509838
paging,q1,5,MERGE_SORT,1.202439
paging,q1,5,MERGE_SORT,0.876645
paging,q1,5,ORDER_BY,0.612773
paging,q1,5,ORDER_BY,0.977617
paging,q1,5,PARTITION,1.342155
paging,q1,5,PARTITION,0.597273
paging,q1,5,PROJECTION,214.51104500000002
paging,q1,5,PROJECTION,158.73929800000002
paging,q1,5,RESULT_COLLECTOR,0.17533
paging,q1,5,RESULT_COLLECTOR,0.168758
paging,q1,5,SORT_PARTITION,0.824298
paging,q1,5,SORT_PARTITION,0.567176
paging,q1,5,SORT_SAMPLE,0.321396
paging,q1,5,SORT_SAMPLE,0.235126
paging,q2,1,CONCAT,3.3056029999999996
paging,q2,1,CONCAT,3.3654909999999996
paging,q2,1,DYNAMIC_FILTER,10.853726
paging,q2,1,DYNAMIC_FILTER,8.572257
paging,q2,1,FILTER,0.646722
paging,q2,1,FILTER,0.594215
paging,q2,1,GPU_SCAN,686.993789
paging,q2,1,GPU_SCAN,682.279432
paging,q2,1,HASH_GROUP_BY,0.329921
paging,q2,1,HASH_GROUP_BY,0.436928
paging,q2,1,HASH_JOIN,6.4208479999999994
paging,q2,1,HASH_JOIN,8.111747
paging,q2,1,LEFT_DELIM_JOIN,0.135632
paging,q2,1,LEFT_DELIM_JOIN,0.124011
paging,q2,1,MERGE_GROUP_BY,0.032035
paging,q2,1,MERGE_GROUP_BY,0.011346
paging,q2,1,MERGE_SORT,1.218427
paging,q2,1,MERGE_SORT,0.907605
paging,q2,1,ORDER_BY,1.348025
paging,q2,1,ORDER_BY,1.345899
paging,q2,1,PARTITION,0.19630799999999998
paging,q2,1,PARTITION,0.233464
paging,q2,1,PROJECTION,0.044935
paging,q2,1,PROJECTION,0.059683
paging,q2,1,RESULT_COLLECTOR,4.219674
paging,q2,1,RESULT_COLLECTOR,3.025812
paging,q2,1,SORT_PARTITION,1.358062
paging,q2,1,SORT_PARTITION,1.16429
paging,q2,1,SORT_SAMPLE,0.175543
paging,q2,1,SORT_SAMPLE,0.200649
paging,q2,2,CONCAT,3.809875
paging,q2,2,CONCAT,4.014777
paging,q2,2,DYNAMIC_FILTER,13.895328
paging,q2,2,DYNAMIC_FILTER,9.890899000000001
paging,q2,2,FILTER,0.543552
paging,q2,2,FILTER,0.676987
paging,q2,2,GPU_SCAN,638.585765
paging,q2,2,GPU_SCAN,642.379091
paging,q2,2,HASH_GROUP_BY,0.391734
paging,q2,2,HASH_GROUP_BY,0.432917
paging,q2,2,HASH_JOIN,8.635576
paging,q2,2,HASH_JOIN,7.83091
paging,q2,2,LEFT_DELIM_JOIN,0.188939
paging,q2,2,LEFT_DELIM_JOIN,0.205864
paging,q2,2,MERGE_GROUP_BY,0.053180000000000005
paging,q2,2,MERGE_GROUP_BY,0.01346
paging,q2,2,MERGE_SORT,2.379059
paging,q2,2,MERGE_SORT,2.110139
paging,q2,2,ORDER_BY,1.249732
paging,q2,2,ORDER_BY,1.399008
paging,q2,2,PARTITION,0.48633299999999996
paging,q2,2,PARTITION,0.373663
paging,q2,2,PROJECTION,0.112315
paging,q2,2,PROJECTION,0.096536
paging,q2,2,RESULT_COLLECTOR,8.927212
paging,q2,2,RESULT_COLLECTOR,3.862959
paging,q2,2,SORT_PARTITION,1.519831
paging,q2,2,SORT_PARTITION,1.853994
paging,q2,2,SORT_SAMPLE,0.239609
paging,q2,2,SORT_SAMPLE,0.212676
paging,q2,3,CONCAT,4.566856
paging,q2,3,CONCAT,4.736712
paging,q2,3,DYNAMIC_FILTER,10.391642000000001
paging,q2,3,DYNAMIC_FILTER,9.138826
paging,q2,3,FILTER,0.679595
paging,q2,3,FILTER,1.249748
paging,q2,3,GPU_SCAN,658.851382
paging,q2,3,GPU_SCAN,658.747914
paging,q2,3,HASH_GROUP_BY,0.407529
paging,q2,3,HASH_GROUP_BY,0.644368
paging,q2,3,HASH_JOIN,11.58789
paging,q2,3,HASH_JOIN,11.579615
paging,q2,3,LEFT_DELIM_JOIN,0.228917
paging,q2,3,LEFT_DELIM_JOIN,0.252006
paging,q2,3,MERGE_GROUP_BY,0.049222
paging,q2,3,MERGE_GROUP_BY,0.037294
paging,q2,3,MERGE_SORT,1.761123
paging,q2,3,MERGE_SORT,2.048301
paging,q2,3,ORDER_BY,1.337607
paging,q2,3,ORDER_BY,1.491174
paging,q2,3,PARTITION,0.649231
paging,q2,3,PARTITION,0.8206999999999998
paging,q2,3,PROJECTION,0.05001
paging,q2,3,PROJECTION,0.164681
paging,q2,3,RESULT_COLLECTOR,2.545412
paging,q2,3,RESULT_COLLECTOR,5.308079
paging,q2,3,SORT_PARTITION,1.719411
paging,q2,3,SORT_PARTITION,2.186222
paging,q2,3,SORT_SAMPLE,0.245676
paging,q2,3,SORT_SAMPLE,0.318478
paging,q2,4,CONCAT,3.7991679999999994
paging,q2,4,CONCAT,4.584536000000001
paging,q2,4,DYNAMIC_FILTER,11.637229
paging,q2,4,DYNAMIC_FILTER,8.804331999999999
paging,q2,4,FILTER,0.690481
paging,q2,4,FILTER,0.680572
paging,q2,4,GPU_SCAN,652.3877689999999
paging,q2,4,GPU_SCAN,658.503145
paging,q2,4,HASH_GROUP_BY,0.447421
paging,q2,4,HASH_GROUP_BY,0.434631
paging,q2,4,HASH_JOIN,9.001472999999999
paging,q2,4,HASH_JOIN,10.74903
paging,q2,4,LEFT_DELIM_JOIN,0.260844
paging,q2,4,LEFT_DELIM_JOIN,0.253568
paging,q2,4,MERGE_GROUP_BY,0.014062999999999999
paging,q2,4,MERGE_GROUP_BY,0.016721
paging,q2,4,MERGE_SORT,2.358927
paging,q2,4,MERGE_SORT,2.303066
paging,q2,4,ORDER_BY,1.391879
paging,q2,4,ORDER_BY,1.391827
paging,q2,4,PARTITION,0.300125
paging,q2,4,PARTITION,0.528298
paging,q2,4,PROJECTION,0.053179000000000004
paging,q2,4,PROJECTION,0.090326
paging,q2,4,RESULT_COLLECTOR,2.523706
paging,q2,4,RESULT_COLLECTOR,5.897481
paging,q2,4,SORT_PARTITION,1.801111
paging,q2,4,SORT_PARTITION,1.762269
paging,q2,4,SORT_SAMPLE,0.182385
paging,q2,4,SORT_SAMPLE,0.182468
paging,q2,5,CONCAT,3.841336
paging,q2,5,CONCAT,3.9570229999999995
paging,q2,5,DYNAMIC_FILTER,8.578921999999999
paging,q2,5,DYNAMIC_FILTER,8.551696
paging,q2,5,FILTER,0.567115
paging,q2,5,FILTER,0.542152
paging,q2,5,GPU_SCAN,641.021913
paging,q2,5,GPU_SCAN,643.880161
paging,q2,5,HASH_GROUP_BY,0.319117
paging,q2,5,HASH_GROUP_BY,0.313268
paging,q2,5,HASH_JOIN,8.82512
paging,q2,5,HASH_JOIN,7.636037
paging,q2,5,LEFT_DELIM_JOIN,0.147101
paging,q2,5,LEFT_DELIM_JOIN,0.105438
paging,q2,5,MERGE_GROUP_BY,0.012012
paging,q2,5,MERGE_GROUP_BY,0.011758999999999999
paging,q2,5,MERGE_SORT,2.018609
paging,q2,5,MERGE_SORT,1.47066
paging,q2,5,ORDER_BY,1.264457
paging,q2,5,ORDER_BY,1.308839
paging,q2,5,PARTITION,0.3957110000000001
paging,q2,5,PARTITION,0.275324
paging,q2,5,PROJECTION,0.047418
paging,q2,5,PROJECTION,0.040251999999999996
paging,q2,5,RESULT_COLLECTOR,2.440216
paging,q2,5,RESULT_COLLECTOR,2.274851
paging,q2,5,SORT_PARTITION,1.428233
paging,q2,5,SORT_PARTITION,1.29002
paging,q2,5,SORT_SAMPLE,0.197237
paging,q2,5,SORT_SAMPLE,0.176949
paging,q3,1,CONCAT,5.729851
paging,q3,1,CONCAT,5.7414760000000005
paging,q3,1,DYNAMIC_FILTER,24.285535999999997
paging,q3,1,DYNAMIC_FILTER,20.818983999999997
paging,q3,1,GPU_SCAN,4702.0553629999995
paging,q3,1,GPU_SCAN,4371.62498
paging,q3,1,HASH_GROUP_BY,1.338024
paging,q3,1,HASH_GROUP_BY,1.23897
paging,q3,1,HASH_JOIN,10.627648
paging,q3,1,HASH_JOIN,10.774345
paging,q3,1,MERGE_GROUP_BY,0.011764
paging,q3,1,MERGE_GROUP_BY,0.054571
paging,q3,1,MERGE_SORT,0.481372
paging,q3,1,MERGE_SORT,0.40494
paging,q3,1,ORDER_BY,2.544851
paging,q3,1,ORDER_BY,2.402264
paging,q3,1,PARTITION,0.23207800000000003
paging,q3,1,PARTITION,0.26731099999999997
paging,q3,1,PROJECTION,0.249337
paging,q3,1,PROJECTION,0.23727199999999998
paging,q3,1,RESULT_COLLECTOR,5.889232
paging,q3,1,RESULT_COLLECTOR,6.349856
paging,q3,1,SORT_PARTITION,0.251735
paging,q3,1,SORT_PARTITION,0.296793
paging,q3,1,SORT_SAMPLE,0.049483
paging,q3,1,SORT_SAMPLE,0.106801
paging,q3,2,CONCAT,6.190822
paging,q3,2,CONCAT,5.602183
paging,q3,2,DYNAMIC_FILTER,24.451632999999998
paging,q3,2,DYNAMIC_FILTER,31.679990999999998
paging,q3,2,GPU_SCAN,4775.499412
paging,q3,2,GPU_SCAN,4927.703387
paging,q3,2,HASH_GROUP_BY,1.234307
paging,q3,2,HASH_GROUP_BY,1.388384
paging,q3,2,HASH_JOIN,10.477245
paging,q3,2,HASH_JOIN,10.592748
paging,q3,2,MERGE_GROUP_BY,0.023323
paging,q3,2,MERGE_GROUP_BY,0.011876
paging,q3,2,MERGE_SORT,0.358549
paging,q3,2,MERGE_SORT,0.426359
paging,q3,2,ORDER_BY,2.57876
paging,q3,2,ORDER_BY,2.663078
paging,q3,2,PARTITION,0.39714400000000005
paging,q3,2,PARTITION,0.300469
paging,q3,2,PROJECTION,0.249722
paging,q3,2,PROJECTION,0.306443
paging,q3,2,RESULT_COLLECTOR,5.282091
paging,q3,2,RESULT_COLLECTOR,10.848579
paging,q3,2,SORT_PARTITION,0.240413
paging,q3,2,SORT_PARTITION,0.362645
paging,q3,2,SORT_SAMPLE,0.040505
paging,q3,2,SORT_SAMPLE,0.141414
paging,q3,3,CONCAT,5.857444
paging,q3,3,CONCAT,5.737648999999999
paging,q3,3,DYNAMIC_FILTER,24.365772999999994
paging,q3,3,DYNAMIC_FILTER,32.641955
paging,q3,3,GPU_SCAN,4603.296469000001
paging,q3,3,GPU_SCAN,4445.546445
paging,q3,3,HASH_GROUP_BY,1.229218
paging,q3,3,HASH_GROUP_BY,1.310927
paging,q3,3,HASH_JOIN,10.643599
paging,q3,3,HASH_JOIN,10.518569
paging,q3,3,MERGE_GROUP_BY,0.024625
paging,q3,3,MERGE_GROUP_BY,0.049645
paging,q3,3,MERGE_SORT,0.669372
paging,q3,3,MERGE_SORT,0.665965
paging,q3,3,ORDER_BY,2.522617
paging,q3,3,ORDER_BY,2.736685
paging,q3,3,PARTITION,0.238716
paging,q3,3,PARTITION,0.361942
paging,q3,3,PROJECTION,0.230772
paging,q3,3,PROJECTION,0.28328600000000004
paging,q3,3,RESULT_COLLECTOR,9.608634
paging,q3,3,RESULT_COLLECTOR,5.11847
paging,q3,3,SORT_PARTITION,0.229466
paging,q3,3,SORT_PARTITION,0.273287
paging,q3,3,SORT_SAMPLE,0.06774
paging,q3,3,SORT_SAMPLE,0.059506
paging,q3,4,CONCAT,6.2159510000000004
paging,q3,4,CONCAT,5.871871
paging,q3,4,DYNAMIC_FILTER,25.807011
paging,q3,4,DYNAMIC_FILTER,24.990136999999997
paging,q3,4,GPU_SCAN,4439.9229700000005
paging,q3,4,GPU_SCAN,4448.794991
paging,q3,4,HASH_GROUP_BY,1.246229
paging,q3,4,HASH_GROUP_BY,1.277346
paging,q3,4,HASH_JOIN,10.750229000000001
paging,q3,4,HASH_JOIN,10.513809
paging,q3,4,MERGE_GROUP_BY,0.050776
paging,q3,4,MERGE_GROUP_BY,0.024162
paging,q3,4,MERGE_SORT,0.414564
paging,q3,4,MERGE_SORT,0.606348
paging,q3,4,ORDER_BY,2.505317
paging,q3,4,ORDER_BY,2.55664
paging,q3,4,PARTITION,0.480477
paging,q3,4,PARTITION,0.5404809999999999
paging,q3,4,PROJECTION,0.256001
paging,q3,4,PROJECTION,0.24433
paging,q3,4,RESULT_COLLECTOR,7.529966
paging,q3,4,RESULT_COLLECTOR,5.695523
paging,q3,4,SORT_PARTITION,0.217771
paging,q3,4,SORT_PARTITION,0.235227
paging,q3,4,SORT_SAMPLE,0.0407
paging,q3,4,SORT_SAMPLE,0.076384
paging,q3,5,CONCAT,5.971529
paging,q3,5,CONCAT,5.870343
paging,q3,5,DYNAMIC_FILTER,27.876886000000002
paging,q3,5,DYNAMIC_FILTER,36.29913
paging,q3,5,GPU_SCAN,4557.050332
paging,q3,5,GPU_SCAN,4628.402939
paging,q3,5,HASH_GROUP_BY,1.220986
paging,q3,5,HASH_GROUP_BY,1.423526
paging,q3,5,HASH_JOIN,10.283451
paging,q3,5,HASH_JOIN,10.698437
paging,q3,5,MERGE_GROUP_BY,0.023153
paging,q3,5,MERGE_GROUP_BY,0.064176
paging,q3,5,MERGE_SORT,0.343581
paging,q3,5,MERGE_SORT,0.504665
paging,q3,5,ORDER_BY,2.413985
paging,q3,5,ORDER_BY,2.82949
paging,q3,5,PARTITION,0.4010080000000001
paging,q3,5,PARTITION,0.42895599999999995
paging,q3,5,PROJECTION,0.23520600000000003
paging,q3,5,PROJECTION,0.37517100000000003
paging,q3,5,RESULT_COLLECTOR,5.857697
paging,q3,5,RESULT_COLLECTOR,7.718473
paging,q3,5,SORT_PARTITION,0.24267
paging,q3,5,SORT_PARTITION,0.767701
paging,q3,5,SORT_SAMPLE,0.072168
paging,q3,5,SORT_SAMPLE,0.209983
paging,q4,1,CONCAT,1.943864
paging,q4,1,CONCAT,1.824829
paging,q4,1,DYNAMIC_FILTER,25.586176000000005
paging,q4,1,DYNAMIC_FILTER,25.773752000000005
paging,q4,1,FILTER,12.449788999999997
paging,q4,1,FILTER,6.662603000000001
paging,q4,1,GPU_SCAN,2772.167044
paging,q4,1,GPU_SCAN,2632.1320820000005
paging,q4,1,HASH_GROUP_BY,2.894209
paging,q4,1,HASH_GROUP_BY,2.059938
paging,q4,1,HASH_JOIN,8.096688
paging,q4,1,HASH_JOIN,7.332383
paging,q4,1,LEFT_DELIM_JOIN,2.778721
paging,q4,1,LEFT_DELIM_JOIN,2.445084
paging,q4,1,MERGE_GROUP_BY,2.932865
paging,q4,1,MERGE_GROUP_BY,2.862461
paging,q4,1,MERGE_SORT,0.763479
paging,q4,1,MERGE_SORT,0.760476
paging,q4,1,ORDER_BY,0.165079
paging,q4,1,ORDER_BY,0.20693
paging,q4,1,PARTITION,0.384506
paging,q4,1,PARTITION,0.31166800000000006
paging,q4,1,PROJECTION,0.0117
paging,q4,1,PROJECTION,0.011211
paging,q4,1,RESULT_COLLECTOR,0.315461
paging,q4,1,RESULT_COLLECTOR,0.214254
paging,q4,1,SORT_PARTITION,0.161922
paging,q4,1,SORT_PARTITION,0.150183
paging,q4,1,SORT_SAMPLE,0.083574
paging,q4,1,SORT_SAMPLE,0.072687
paging,q4,2,CONCAT,2.009391
paging,q4,2,CONCAT,2.0504059999999997
paging,q4,2,DYNAMIC_FILTER,22.78911
paging,q4,2,DYNAMIC_FILTER,20.886076000000003
paging,q4,2,FILTER,4.217839000000001
paging,q4,2,FILTER,3.24835
paging,q4,2,GPU_SCAN,2488.7754320000004
paging,q4,2,GPU_SCAN,2320.31184
paging,q4,2,HASH_GROUP_BY,2.119654
paging,q4,2,HASH_GROUP_BY,2.211452
paging,q4,2,HASH_JOIN,7.730323
paging,q4,2,HASH_JOIN,7.62285
paging,q4,2,LEFT_DELIM_JOIN,3.512551
paging,q4,2,LEFT_DELIM_JOIN,3.3101000000000003
paging,q4,2,MERGE_GROUP_BY,2.901023
paging,q4,2,MERGE_GROUP_BY,2.870607
paging,q4,2,MERGE_SORT,0.272572
paging,q4,2,MERGE_SORT,0.220776
paging,q4,2,ORDER_BY,0.162542
paging,q4,2,ORDER_BY,0.167168
paging,q4,2,PARTITION,0.43497399999999997
paging,q4,2,PARTITION,0.35967
paging,q4,2,PROJECTION,0.036027
paging,q4,2,PROJECTION,0.012214
paging,q4,2,RESULT_COLLECTOR,0.302818
paging,q4,2,RESULT_COLLECTOR,0.150864
paging,q4,2,SORT_PARTITION,0.180195
paging,q4,2,SORT_PARTITION,0.176776
paging,q4,2,SORT_SAMPLE,0.086311
paging,q4,2,SORT_SAMPLE,0.097302
paging,q4,3,CONCAT,1.887297
paging,q4,3,CONCAT,2.351339
paging,q4,3,DYNAMIC_FILTER,18.713934000000002
paging,q4,3,DYNAMIC_FILTER,24.206516999999998
paging,q4,3,FILTER,3.2705550000000003
paging,q4,3,FILTER,8.711579
paging,q4,3,GPU_SCAN,2471.5617580000003
paging,q4,3,GPU_SCAN,2588.0245
paging,q4,3,HASH_GROUP_BY,2.198039
paging,q4,3,HASH_GROUP_BY,2.298817
paging,q4,3,HASH_JOIN,7.60443
paging,q4,3,HASH_JOIN,7.690505
paging,q4,3,LEFT_DELIM_JOIN,4.574431
paging,q4,3,LEFT_DELIM_JOIN,3.7818560000000003
paging,q4,3,MERGE_GROUP_BY,2.948954
paging,q4,3,MERGE_GROUP_BY,2.86192
paging,q4,3,MERGE_SORT,0.268616
paging,q4,3,MERGE_SORT,0.257021
paging,q4,3,ORDER_BY,0.165894
paging,q4,3,ORDER_BY,0.184286
paging,q4,3,PARTITION,0.305687
paging,q4,3,PARTITION,0.410434
paging,q4,3,PROJECTION,0.011281
paging,q4,3,PROJECTION,0.01594
paging,q4,3,RESULT_COLLECTOR,0.284549
paging,q4,3,RESULT_COLLECTOR,0.209255
paging,q4,3,SORT_PARTITION,0.175092
paging,q4,3,SORT_PARTITION,0.208203
paging,q4,3,SORT_SAMPLE,0.093732
paging,q4,3,SORT_SAMPLE,0.196516
paging,q4,4,CONCAT,2.43425
paging,q4,4,CONCAT,2.013506
paging,q4,4,DYNAMIC_FILTER,24.658986000000002
paging,q4,4,DYNAMIC_FILTER,25.193929999999998
paging,q4,4,FILTER,5.925837
paging,q4,4,FILTER,7.232016000000001
paging,q4,4,GPU_SCAN,2613.809671
paging,q4,4,GPU_SCAN,2660.7166
paging,q4,4,HASH_GROUP_BY,2.21406
paging,q4,4,HASH_GROUP_BY,2.475606
paging,q4,4,HASH_JOIN,7.684529
paging,q4,4,HASH_JOIN,7.91854
paging,q4,4,LEFT_DELIM_JOIN,3.698074
paging,q4,4,LEFT_DELIM_JOIN,4.471077
paging,q4,4,MERGE_GROUP_BY,2.8842670000000004
paging,q4,4,MERGE_GROUP_BY,3.009406
paging,q4,4,MERGE_SORT,0.260608
paging,q4,4,MERGE_SORT,0.288387
paging,q4,4,ORDER_BY,0.197153
paging,q4,4,ORDER_BY,0.375553
paging,q4,4,PARTITION,0.236139
paging,q4,4,PARTITION,0.27450800000000003
paging,q4,4,PROJECTION,0.013246
paging,q4,4,PROJECTION,0.01652
paging,q4,4,RESULT_COLLECTOR,0.155024
paging,q4,4,RESULT_COLLECTOR,0.367949
paging,q4,4,SORT_PARTITION,0.190562
paging,q4,4,SORT_PARTITION,0.228263
paging,q4,4,SORT_SAMPLE,0.108563
paging,q4,4,SORT_SAMPLE,0.216162
paging,q4,5,CONCAT,1.920602
paging,q4,5,CONCAT,2.1185869999999998
paging,q4,5,DYNAMIC_FILTER,25.356339999999996
paging,q4,5,DYNAMIC_FILTER,27.090316
paging,q4,5,FILTER,5.004026
paging,q4,5,FILTER,6.1584140000000005
paging,q4,5,GPU_SCAN,2557.983041
paging,q4,5,GPU_SCAN,2466.238985
paging,q4,5,HASH_GROUP_BY,2.21843
paging,q4,5,HASH_GROUP_BY,3.470847
paging,q4,5,HASH_JOIN,7.584889
paging,q4,5,HASH_JOIN,7.741045
paging,q4,5,LEFT_DELIM_JOIN,4.083807
paging,q4,5,LEFT_DELIM_JOIN,4.108021
paging,q4,5,MERGE_GROUP_BY,2.882328
paging,q4,5,MERGE_GROUP_BY,2.799909
paging,q4,5,MERGE_SORT,0.39757
paging,q4,5,MERGE_SORT,0.760479
paging,q4,5,ORDER_BY,0.158355
paging,q4,5,ORDER_BY,0.169231
paging,q4,5,PARTITION,0.2339930000000001
paging,q4,5,PARTITION,0.403827
paging,q4,5,PROJECTION,0.010977
paging,q4,5,PROJECTION,0.010888
paging,q4,5,RESULT_COLLECTOR,0.272316
paging,q4,5,RESULT_COLLECTOR,0.238059
paging,q4,5,SORT_PARTITION,0.156554
paging,q4,5,SORT_PARTITION,0.177991
paging,q4,5,SORT_SAMPLE,0.078822
paging,q4,5,SORT_SAMPLE,0.099819
paging,q5,1,CONCAT,2.372472
paging,q5,1,CONCAT,2.7882230000000003
paging,q5,1,DYNAMIC_FILTER,26.156636999999993
paging,q5,1,DYNAMIC_FILTER,27.638318
paging,q5,1,GPU_SCAN,5188.067450000001
paging,q5,1,GPU_SCAN,5202.1581639999995
paging,q5,1,HASH_GROUP_BY,0.602842
paging,q5,1,HASH_GROUP_BY,0.632086
paging,q5,1,HASH_JOIN,17.602806
paging,q5,1,HASH_JOIN,17.071288
paging,q5,1,MERGE_GROUP_BY,0.006259
paging,q5,1,MERGE_GROUP_BY,0.007724
paging,q5,1,MERGE_SORT,1.034161
paging,q5,1,MERGE_SORT,0.874727
paging,q5,1,ORDER_BY,0.513928
paging,q5,1,ORDER_BY,0.212175
paging,q5,1,PARTITION,0.5178860000000002
paging,q5,1,PARTITION,0.5869179999999999
paging,q5,1,PROJECTION,0.133967
paging,q5,1,PROJECTION,0.130428
paging,q5,1,RESULT_COLLECTOR,0.12419
paging,q5,1,RESULT_COLLECTOR,0.342971
paging,q5,1,SORT_PARTITION,0.46583
paging,q5,1,SORT_PARTITION,0.641122
paging,q5,1,SORT_SAMPLE,0.029263
paging,q5,1,SORT_SAMPLE,0.089394
paging,q5,2,CONCAT,2.31757
paging,q5,2,CONCAT,2.3223450000000003
paging,q5,2,DYNAMIC_FILTER,25.771903000000012
paging,q5,2,DYNAMIC_FILTER,26.211790000000004
paging,q5,2,GPU_SCAN,5554.318828000001
paging,q5,2,GPU_SCAN,5569.783133000001
paging,q5,2,HASH_GROUP_BY,0.585333
paging,q5,2,HASH_GROUP_BY,0.54032
paging,q5,2,HASH_JOIN,16.401258
paging,q5,2,HASH_JOIN,17.017823
paging,q5,2,MERGE_GROUP_BY,0.051389
paging,q5,2,MERGE_GROUP_BY,0.006578
paging,q5,2,MERGE_SORT,0.993552
paging,q5,2,MERGE_SORT,0.55431
paging,q5,2,ORDER_BY,0.354653
paging,q5,2,ORDER_BY,0.355548
paging,q5,2,PARTITION,0.7657169999999999
paging,q5,2,PARTITION,0.800827
paging,q5,2,PROJECTION,0.127034
paging,q5,2,PROJECTION,0.132589
paging,q5,2,RESULT_COLLECTOR,0.263306
paging,q5,2,RESULT_COLLECTOR,0.142567
paging,q5,2,SORT_PARTITION,0.399125
paging,q5,2,SORT_PARTITION,0.431182
paging,q5,2,SORT_SAMPLE,0.02807
paging,q5,2,SORT_SAMPLE,0.030963
paging,q5,3,CONCAT,2.9302629999999996
paging,q5,3,CONCAT,2.93267
paging,q5,3,DYNAMIC_FILTER,35.36786399999999
paging,q5,3,DYNAMIC_FILTER,29.93610600000001
paging,q5,3,GPU_SCAN,5627.164775999999
paging,q5,3,GPU_SCAN,5537.156686
paging,q5,3,HASH_GROUP_BY,0.638873
paging,q5,3,HASH_GROUP_BY,0.571982
paging,q5,3,HASH_JOIN,17.199365999999998
paging,q5,3,HASH_JOIN,17.285266
paging,q5,3,MERGE_GROUP_BY,0.014458
paging,q5,3,MERGE_GROUP_BY,0.033319
paging,q5,3,MERGE_SORT,0.59289
paging,q5,3,MERGE_SORT,1.770862
paging,q5,3,ORDER_BY,0.315911
paging,q5,3,ORDER_BY,0.481869
paging,q5,3,PARTITION,0.697608
paging,q5,3,PARTITION,0.7492089999999998
paging,q5,3,PROJECTION,0.137947
paging,q5,3,PROJECTION,0.114098
paging,q5,3,RESULT_COLLECTOR,0.162298
paging,q5,3,RESULT_COLLECTOR,0.306455
paging,q5,3,SORT_PARTITION,0.56089
paging,q5,3,SORT_PARTITION,0.590982
paging,q5,3,SORT_SAMPLE,0.103371
paging,q5,3,SORT_SAMPLE,0.075493
paging,q5,4,CONCAT,2.463467
paging,q5,4,CONCAT,2.7429570000000005
paging,q5,4,DYNAMIC_FILTER,28.872515000000007
paging,q5,4,DYNAMIC_FILTER,23.689995000000003
paging,q5,4,GPU_SCAN,5245.849661
paging,q5,4,GPU_SCAN,5237.820242999998
paging,q5,4,HASH_GROUP_BY,0.531446
paging,q5,4,HASH_GROUP_BY,0.536859
paging,q5,4,HASH_JOIN,17.118192
paging,q5,4,HASH_JOIN,16.864678
paging,q5,4,MERGE_GROUP_BY,0.00777
paging,q5,4,MERGE_GROUP_BY,0.021919
paging,q5,4,MERGE_SORT,0.532826
paging,q5,4,MERGE_SORT,0.892983
paging,q5,4,ORDER_BY,0.489968
paging,q5,4,ORDER_BY,0.25028
paging,q5,4,PARTITION,0.614835
paging,q5,4,PARTITION,0.5821749999999999
paging,q5,4,PROJECTION,0.126073
paging,q5,4,PROJECTION,0.116481
paging,q5,4,RESULT_COLLECTOR,0.110863
paging,q5,4,RESULT_COLLECTOR,0.122546
paging,q5,4,SORT_PARTITION,0.415606
paging,q5,4,SORT_PARTITION,0.502872
paging,q5,4,SORT_SAMPLE,0.028974
paging,q5,4,SORT_SAMPLE,0.06869
paging,q5,5,CONCAT,2.4446670000000004
paging,q5,5,CONCAT,2.6043999999999996
paging,q5,5,DYNAMIC_FILTER,29.240364999999997
paging,q5,5,DYNAMIC_FILTER,24.749954999999996
paging,q5,5,GPU_SCAN,5231.185828
paging,q5,5,GPU_SCAN,5251.149307
paging,q5,5,HASH_GROUP_BY,0.517616
paging,q5,5,HASH_GROUP_BY,0.567859
paging,q5,5,HASH_JOIN,17.773981999999997
paging,q5,5,HASH_JOIN,17.28456
paging,q5,5,MERGE_GROUP_BY,0.006334
paging,q5,5,MERGE_GROUP_BY,0.00619
paging,q5,5,MERGE_SORT,0.736497
paging,q5,5,MERGE_SORT,0.969721
paging,q5,5,ORDER_BY,0.242965
paging,q5,5,ORDER_BY,0.236469
paging,q5,5,PARTITION,0.5320779999999998
paging,q5,5,PARTITION,0.47644600000000004
paging,q5,5,PROJECTION,0.112683
paging,q5,5,PROJECTION,0.117901
paging,q5,5,RESULT_COLLECTOR,0.112506
paging,q5,5,RESULT_COLLECTOR,0.123585
paging,q5,5,SORT_PARTITION,0.38868
paging,q5,5,SORT_PARTITION,0.449879
paging,q5,5,SORT_SAMPLE,0.028007
paging,q5,5,SORT_SAMPLE,0.066044
paging,q6,1,GPU_SCAN,3397.8533239999997
paging,q6,1,GPU_SCAN,3416.9488309999997
paging,q6,1,MERGE_AGGREGATE,0.207468
paging,q6,1,MERGE_AGGREGATE,0.19019
paging,q6,1,PROJECTION,7.110637
paging,q6,1,PROJECTION,3.7908059999999995
paging,q6,1,RESULT_COLLECTOR,0.08249
paging,q6,1,RESULT_COLLECTOR,0.077427
paging,q6,1,UNGROUPED_AGGREGATE,6.594164999999999
paging,q6,1,UNGROUPED_AGGREGATE,3.7322129999999993
paging,q6,2,GPU_SCAN,3394.108118
paging,q6,2,GPU_SCAN,3404.6427230000004
paging,q6,2,MERGE_AGGREGATE,0.908751
paging,q6,2,MERGE_AGGREGATE,0.931247
paging,q6,2,PROJECTION,6.008443
paging,q6,2,PROJECTION,5.861039
paging,q6,2,RESULT_COLLECTOR,0.135616
paging,q6,2,RESULT_COLLECTOR,0.123505
paging,q6,2,UNGROUPED_AGGREGATE,12.727427
paging,q6,2,UNGROUPED_AGGREGATE,6.182752
paging,q6,3,GPU_SCAN,3260.152978
paging,q6,3,GPU_SCAN,3191.444036
paging,q6,3,MERGE_AGGREGATE,0.766683
paging,q6,3,MERGE_AGGREGATE,0.581276
paging,q6,3,PROJECTION,18.373134
paging,q6,3,PROJECTION,10.568285999999999
paging,q6,3,RESULT_COLLECTOR,0.241971
paging,q6,3,RESULT_COLLECTOR,0.256662
paging,q6,3,UNGROUPED_AGGREGATE,7.704242
paging,q6,3,UNGROUPED_AGGREGATE,4.593753
paging,q6,4,GPU_SCAN,3233.911448
paging,q6,4,GPU_SCAN,3183.846466
paging,q6,4,MERGE_AGGREGATE,0.692674
paging,q6,4,MERGE_AGGREGATE,0.692574
paging,q6,4,PROJECTION,2.8006220000000006
paging,q6,4,PROJECTION,3.038533
paging,q6,4,RESULT_COLLECTOR,0.223186
paging,q6,4,RESULT_COLLECTOR,0.09004
paging,q6,4,UNGROUPED_AGGREGATE,3.5842620000000003
paging,q6,4,UNGROUPED_AGGREGATE,3.2614370000000004
paging,q6,5,GPU_SCAN,3225.699125
paging,q6,5,GPU_SCAN,3214.9652459999998
paging,q6,5,MERGE_AGGREGATE,1.069548
paging,q6,5,MERGE_AGGREGATE,0.550072
paging,q6,5,PROJECTION,3.45861
paging,q6,5,PROJECTION,3.399876
paging,q6,5,RESULT_COLLECTOR,0.229114
paging,q6,5,RESULT_COLLECTOR,0.238094
paging,q6,5,UNGROUPED_AGGREGATE,4.038582
paging,q6,5,UNGROUPED_AGGREGATE,4.671326
paging,q7,1,CONCAT,4.8323480000000005
paging,q7,1,CONCAT,4.806787
paging,q7,1,DYNAMIC_FILTER,25.249569000000005
paging,q7,1,DYNAMIC_FILTER,25.796844
paging,q7,1,FILTER,2.217796
paging,q7,1,FILTER,1.060894
paging,q7,1,GPU_SCAN,5812.462652000001
paging,q7,1,GPU_SCAN,5796.238646
paging,q7,1,HASH_GROUP_BY,1.969209
paging,q7,1,HASH_GROUP_BY,1.586325
paging,q7,1,HASH_JOIN,20.949683
paging,q7,1,HASH_JOIN,20.687566999999998
paging,q7,1,MERGE_GROUP_BY,0.033404
paging,q7,1,MERGE_GROUP_BY,0.007202
paging,q7,1,MERGE_SORT,0.851114
paging,q7,1,MERGE_SORT,0.807011
paging,q7,1,ORDER_BY,0.490409
paging,q7,1,ORDER_BY,0.558371
paging,q7,1,PARTITION,0.7189909999999999
paging,q7,1,PARTITION,0.416996
paging,q7,1,PROJECTION,0.155631
paging,q7,1,PROJECTION,0.13597
paging,q7,1,RESULT_COLLECTOR,0.359175
paging,q7,1,RESULT_COLLECTOR,0.119019
paging,q7,1,SORT_PARTITION,0.889336
paging,q7,1,SORT_PARTITION,0.710374
paging,q7,1,SORT_SAMPLE,0.157109
paging,q7,1,SORT_SAMPLE,0.153089
paging,q7,2,CONCAT,4.873493
paging,q7,2,CONCAT,4.567393
paging,q7,2,DYNAMIC_FILTER,32.034864000000006
paging,q7,2,DYNAMIC_FILTER,30.940932999999998
paging,q7,2,FILTER,1.179209
paging,q7,2,FILTER,1.705893
paging,q7,2,GPU_SCAN,6147.668022
paging,q7,2,GPU_SCAN,6122.779904
paging,q7,2,HASH_GROUP_BY,1.792427
paging,q7,2,HASH_GROUP_BY,1.914523
paging,q7,2,HASH_JOIN,21.543425
paging,q7,2,HASH_JOIN,20.722775000000002
paging,q7,2,MERGE_GROUP_BY,0.032974
paging,q7,2,MERGE_GROUP_BY,0.011573
paging,q7,2,MERGE_SORT,0.983545
paging,q7,2,MERGE_SORT,1.279451
paging,q7,2,ORDER_BY,0.546428
paging,q7,2,ORDER_BY,0.563784
paging,q7,2,PARTITION,0.573433
paging,q7,2,PARTITION,0.6200070000000001
paging,q7,2,PROJECTION,0.149028
paging,q7,2,PROJECTION,0.150579
paging,q7,2,RESULT_COLLECTOR,0.352309
paging,q7,2,RESULT_COLLECTOR,0.160502
paging,q7,2,SORT_PARTITION,0.797391
paging,q7,2,SORT_PARTITION,0.885498
paging,q7,2,SORT_SAMPLE,0.212323
paging,q7,2,SORT_SAMPLE,0.292658
paging,q7,3,CONCAT,4.576863
paging,q7,3,CONCAT,4.749861
paging,q7,3,DYNAMIC_FILTER,30.82764
paging,q7,3,DYNAMIC_FILTER,26.585943999999998
paging,q7,3,FILTER,1.302327
paging,q7,3,FILTER,1.602703
paging,q7,3,GPU_SCAN,6042.075081999999
paging,q7,3,GPU_SCAN,6023.522317
paging,q7,3,HASH_GROUP_BY,1.723358
paging,q7,3,HASH_GROUP_BY,1.644456
paging,q7,3,HASH_JOIN,21.845225000000003
paging,q7,3,HASH_JOIN,19.855024999999998
paging,q7,3,MERGE_GROUP_BY,0.032633
paging,q7,3,MERGE_GROUP_BY,0.008302
paging,q7,3,MERGE_SORT,0.902331
paging,q7,3,MERGE_SORT,2.408873
paging,q7,3,ORDER_BY,0.564269
paging,q7,3,ORDER_BY,0.491423
paging,q7,3,PARTITION,0.5534189999999999
paging,q7,3,PARTITION,0.637965
paging,q7,3,PROJECTION,0.141338
paging,q7,3,PROJECTION,0.136242
paging,q7,3,RESULT_COLLECTOR,0.391692
paging,q7,3,RESULT_COLLECTOR,0.113241
paging,q7,3,SORT_PARTITION,0.784978
paging,q7,3,SORT_PARTITION,0.733827
paging,q7,3,SORT_SAMPLE,0.164329
paging,q7,3,SORT_SAMPLE,0.159768
paging,q7,4,CONCAT,4.460102999999999
paging,q7,4,CONCAT,4.645522000000001
paging,q7,4,DYNAMIC_FILTER,27.924572000000005
paging,q7,4,DYNAMIC_FILTER,29.832883
paging,q7,4,FILTER,1.904928
paging,q7,4,FILTER,1.023819
paging,q7,4,GPU_SCAN,6297.827182
paging,q7,4,GPU_SCAN,6376.565076000001
paging,q7,4,HASH_GROUP_BY,1.55958
paging,q7,4,HASH_GROUP_BY,1.686512
paging,q7,4,HASH_JOIN,20.592183
paging,q7,4,HASH_JOIN,20.425333
paging,q7,4,MERGE_GROUP_BY,0.0266
paging,q7,4,MERGE_GROUP_BY,0.013616
paging,q7,4,MERGE_SORT,2.490218
paging,q7,4,MERGE_SORT,0.718636
paging,q7,4,ORDER_BY,0.470827
paging,q7,4,ORDER_BY,0.528845
paging,q7,4,PARTITION,0.6241009999999999
paging,q7,4,PARTITION,0.601135
paging,q7,4,PROJECTION,0.135632
paging,q7,4,PROJECTION,0.133773
paging,q7,4,RESULT_COLLECTOR,0.115156
paging,q7,4,RESULT_COLLECTOR,0.213556
paging,q7,4,SORT_PARTITION,0.685148
paging,q7,4,SORT_PARTITION,0.723366
paging,q7,4,SORT_SAMPLE,0.163152
paging,q7,4,SORT_SAMPLE,0.200573
paging,q7,5,CONCAT,4.856509
paging,q7,5,CONCAT,4.736387
paging,q7,5,DYNAMIC_FILTER,24.341174000000006
paging,q7,5,DYNAMIC_FILTER,25.386684
paging,q7,5,FILTER,1.2031779999999999
paging,q7,5,FILTER,1.4421970000000002
paging,q7,5,GPU_SCAN,5870.809514999999
paging,q7,5,GPU_SCAN,6048.469838
paging,q7,5,HASH_GROUP_BY,1.788354
paging,q7,5,HASH_GROUP_BY,1.75835
paging,q7,5,HASH_JOIN,22.361215
paging,q7,5,HASH_JOIN,20.551294
paging,q7,5,MERGE_GROUP_BY,0.023663
paging,q7,5,MERGE_GROUP_BY,0.028792
paging,q7,5,MERGE_SORT,0.920972
paging,q7,5,MERGE_SORT,0.89835
paging,q7,5,ORDER_BY,0.493589
paging,q7,5,ORDER_BY,0.528354
paging,q7,5,PARTITION,0.6564340000000001
paging,q7,5,PARTITION,0.6600100000000001
paging,q7,5,PROJECTION,0.16289
paging,q7,5,PROJECTION,0.140685
paging,q7,5,RESULT_COLLECTOR,0.263643
paging,q7,5,RESULT_COLLECTOR,0.338519
paging,q7,5,SORT_PARTITION,0.832258
paging,q7,5,SORT_PARTITION,0.768734
paging,q7,5,SORT_SAMPLE,0.163266
paging,q7,5,SORT_SAMPLE,0.237547
paging,q8,1,CONCAT,16.112893
paging,q8,1,CONCAT,16.347106
paging,q8,1,DYNAMIC_FILTER,48.76662899999999
paging,q8,1,DYNAMIC_FILTER,51.575435999999996
paging,q8,1,GPU_SCAN,7590.95089
paging,q8,1,GPU_SCAN,7717.9588269999995
paging,q8,1,HASH_GROUP_BY,0.340799
paging,q8,1,HASH_GROUP_BY,0.283712
paging,q8,1,HASH_JOIN,22.18161
paging,q8,1,HASH_JOIN,23.178131999999998
paging,q8,1,MERGE_GROUP_BY,0.020775
paging,q8,1,MERGE_GROUP_BY,0.024519
paging,q8,1,MERGE_SORT,0.212967
paging,q8,1,MERGE_SORT,0.253107
paging,q8,1,ORDER_BY,0.099728
paging,q8,1,ORDER_BY,0.062551
paging,q8,1,PARTITION,0.7375819999999998
paging,q8,1,PARTITION,0.9848910000000003
paging,q8,1,PROJECTION,0.35960099999999995
paging,q8,1,PROJECTION,0.377649
paging,q8,1,RESULT_COLLECTOR,0.186719
paging,q8,1,RESULT_COLLECTOR,0.187179
paging,q8,1,SORT_PARTITION,0.121316
paging,q8,1,SORT_PARTITION,0.115378
paging,q8,1,SORT_SAMPLE,0.025776
paging,q8,1,SORT_SAMPLE,0.025629
paging,q8,2,CONCAT,16.621362
paging,q8,2,CONCAT,20.805867
paging,q8,2,DYNAMIC_FILTER,44.42441900000001
paging,q8,2,DYNAMIC_FILTER,48.93934800000001
paging,q8,2,GPU_SCAN,7847.562974000001
paging,q8,2,GPU_SCAN,7793.579692
paging,q8,2,HASH_GROUP_BY,0.399862
paging,q8,2,HASH_GROUP_BY,0.399466
paging,q8,2,HASH_JOIN,22.74254
paging,q8,2,HASH_JOIN,35.170072999999995
paging,q8,2,MERGE_GROUP_BY,0.007167
paging,q8,2,MERGE_GROUP_BY,0.025031
paging,q8,2,MERGE_SORT,0.106809
paging,q8,2,MERGE_SORT,0.240011
paging,q8,2,ORDER_BY,0.063978
paging,q8,2,ORDER_BY,0.158497
paging,q8,2,PARTITION,0.5019300000000002
paging,q8,2,PARTITION,0.75039
paging,q8,2,PROJECTION,0.370716
paging,q8,2,PROJECTION,0.538172
paging,q8,2,RESULT_COLLECTOR,0.079581
paging,q8,2,RESULT_COLLECTOR,0.238463
paging,q8,2,SORT_PARTITION,0.118105
paging,q8,2,SORT_PARTITION,0.132214
paging,q8,2,SORT_SAMPLE,0.025168
paging,q8,2,SORT_SAMPLE,0.030397
paging,q8,3,CONCAT,16.748153
paging,q8,3,CONCAT,16.845315000000003
paging,q8,3,DYNAMIC_FILTER,51.87772299999999
paging,q8,3,DYNAMIC_FILTER,45.385086
paging,q8,3,GPU_SCAN,7916.820087
paging,q8,3,GPU_SCAN,7798.074393999998
paging,q8,3,HASH_GROUP_BY,0.377718
paging,q8,3,HASH_GROUP_BY,0.303935
paging,q8,3,HASH_JOIN,24.328242
paging,q8,3,HASH_JOIN,23.93815
paging,q8,3,MERGE_GROUP_BY,0.010329
paging,q8,3,MERGE_GROUP_BY,0.006674
paging,q8,3,MERGE_SORT,0.134466
paging,q8,3,MERGE_SORT,0.091808
paging,q8,3,ORDER_BY,0.077054
paging,q8,3,ORDER_BY,0.064069
paging,q8,3,PARTITION,0.756226
paging,q8,3,PARTITION,0.4761939999999999
paging,q8,3,PROJECTION,0.474805
paging,q8,3,PROJECTION,0.381234
paging,q8,3,RESULT_COLLECTOR,0.130021
paging,q8,3,RESULT_COLLECTOR,0.084311
paging,q8,3,SORT_PARTITION,0.146644
paging,q8,3,SORT_PARTITION,0.121816
paging,q8,3,SORT_SAMPLE,0.033368
paging,q8,3,SORT_SAMPLE,0.025418
paging,q8,4,CONCAT,16.824405000000002
paging,q8,4,CONCAT,16.80258
paging,q8,4,DYNAMIC_FILTER,43.069877999999996
paging,q8,4,DYNAMIC_FILTER,46.940663999999984
paging,q8,4,GPU_SCAN,7826.592255999997
paging,q8,4,GPU_SCAN,7799.342574999999
paging,q8,4,HASH_GROUP_BY,0.304889
paging,q8,4,HASH_GROUP_BY,0.348931
paging,q8,4,HASH_JOIN,23.269856
paging,q8,4,HASH_JOIN,23.341435000000004
paging,q8,4,MERGE_GROUP_BY,0.00847
paging,q8,4,MERGE_GROUP_BY,0.015476
paging,q8,4,MERGE_SORT,0.110599
paging,q8,4,MERGE_SORT,0.126081
paging,q8,4,ORDER_BY,0.062525
paging,q8,4,ORDER_BY,0.069318
paging,q8,4,PARTITION,0.517548
paging,q8,4,PARTITION,0.6573090000000001
paging,q8,4,PROJECTION,0.371763
paging,q8,4,PROJECTION,0.423284
paging,q8,4,RESULT_COLLECTOR,0.089408
paging,q8,4,RESULT_COLLECTOR,0.171282
paging,q8,4,SORT_PARTITION,0.116564
paging,q8,4,SORT_PARTITION,0.13519
paging,q8,4,SORT_SAMPLE,0.027123
paging,q8,4,SORT_SAMPLE,0.029302
paging,q8,5,CONCAT,16.225875
paging,q8,5,CONCAT,15.562361000000003
paging,q8,5,DYNAMIC_FILTER,51.185519
paging,q8,5,DYNAMIC_FILTER,44.041786
paging,q8,5,GPU_SCAN,7673.3240829999995
paging,q8,5,GPU_SCAN,7718.593669
paging,q8,5,HASH_GROUP_BY,0.859066
paging,q8,5,HASH_GROUP_BY,0.324639
paging,q8,5,HASH_JOIN,24.209607000000005
paging,q8,5,HASH_JOIN,23.748834
paging,q8,5,MERGE_GROUP_BY,0.00639
paging,q8,5,MERGE_GROUP_BY,0.009358
paging,q8,5,MERGE_SORT,0.265465
paging,q8,5,MERGE_SORT,0.248347
paging,q8,5,ORDER_BY,0.062737
paging,q8,5,ORDER_BY,0.07335
paging,q8,5,PARTITION,0.526592
paging,q8,5,PARTITION,0.5969489999999998
paging,q8,5,PROJECTION,0.9679380000000001
paging,q8,5,PROJECTION,0.463989
paging,q8,5,RESULT_COLLECTOR,0.09371
paging,q8,5,RESULT_COLLECTOR,0.121751
paging,q8,5,SORT_PARTITION,0.123013
paging,q8,5,SORT_PARTITION,0.14048
paging,q8,5,SORT_SAMPLE,0.0278
paging,q8,5,SORT_SAMPLE,0.032406
paging,q9,1,CONCAT,19.279072
paging,q9,1,CONCAT,15.533953000000004
paging,q9,1,DYNAMIC_FILTER,53.292221000000005
paging,q9,1,DYNAMIC_FILTER,48.538816
paging,q9,1,GPU_SCAN,7551.842277
paging,q9,1,GPU_SCAN,7599.578613999997
paging,q9,1,HASH_GROUP_BY,4.937499000000001
paging,q9,1,HASH_GROUP_BY,3.8283570000000005
paging,q9,1,HASH_JOIN,268.396001
paging,q9,1,HASH_JOIN,487.237068
paging,q9,1,MERGE_GROUP_BY,0.4342
paging,q9,1,MERGE_GROUP_BY,0.626175
paging,q9,1,MERGE_SORT,0.548574
paging,q9,1,MERGE_SORT,1.786908
paging,q9,1,ORDER_BY,0.626303
paging,q9,1,ORDER_BY,0.670504
paging,q9,1,PARTITION,0.9061289999999999
paging,q9,1,PARTITION,0.8619739999999996
paging,q9,1,PROJECTION,7.993164999999999
paging,q9,1,PROJECTION,3.164749
paging,q9,1,RESULT_COLLECTOR,0.143517
paging,q9,1,RESULT_COLLECTOR,0.128087
paging,q9,1,SORT_PARTITION,0.286534
paging,q9,1,SORT_PARTITION,0.266233
paging,q9,1,SORT_SAMPLE,0.114302
paging,q9,1,SORT_SAMPLE,0.084456
paging,q9,2,CONCAT,18.799687999999996
paging,q9,2,CONCAT,16.195702999999998
paging,q9,2,DYNAMIC_FILTER,52.505209
paging,q9,2,DYNAMIC_FILTER,55.202593
paging,q9,2,GPU_SCAN,7497.889689000005
paging,q9,2,GPU_SCAN,7551.232715999998
paging,q9,2,HASH_GROUP_BY,7.060409
paging,q9,2,HASH_GROUP_BY,5.277844
paging,q9,2,HASH_JOIN,514.0983759999999
paging,q9,2,HASH_JOIN,460.030662
paging,q9,2,MERGE_GROUP_BY,0.523162
paging,q9,2,MERGE_GROUP_BY,0.450517
paging,q9,2,MERGE_SORT,1.467102
paging,q9,2,MERGE_SORT,0.544794
paging,q9,2,ORDER_BY,1.09542
paging,q9,2,ORDER_BY,0.617734
paging,q9,2,PARTITION,1.2002920000000004
paging,q9,2,PARTITION,1.3049269999999997
paging,q9,2,PROJECTION,4.510898
paging,q9,2,PROJECTION,3.463058
paging,q9,2,RESULT_COLLECTOR,0.128489
paging,q9,2,RESULT_COLLECTOR,0.144888
paging,q9,2,SORT_PARTITION,0.289416
paging,q9,2,SORT_PARTITION,0.295464
paging,q9,2,SORT_SAMPLE,0.133194
paging,q9,2,SORT_SAMPLE,0.168542
paging,q9,3,CONCAT,18.076867
paging,q9,3,CONCAT,15.351166999999998
paging,q9,3,DYNAMIC_FILTER,56.197061999999995
paging,q9,3,DYNAMIC_FILTER,54.55956200000001
paging,q9,3,GPU_SCAN,7721.048092000001
paging,q9,3,GPU_SCAN,7521.470320999999
paging,q9,3,HASH_GROUP_BY,5.021667
paging,q9,3,HASH_GROUP_BY,4.306224
paging,q9,3,HASH_JOIN,548.130002
paging,q9,3,HASH_JOIN,499.27720099999993
paging,q9,3,MERGE_GROUP_BY,0.459523
paging,q9,3,MERGE_GROUP_BY,0.438092
paging,q9,3,MERGE_SORT,1.719449
paging,q9,3,MERGE_SORT,1.837255
paging,q9,3,ORDER_BY,0.643269
paging,q9,3,ORDER_BY,0.604425
paging,q9,3,PARTITION,1.1729700000000003
paging,q9,3,PARTITION,1.3639550000000003
paging,q9,3,PROJECTION,3.558758
paging,q9,3,PROJECTION,3.71239
paging,q9,3,RESULT_COLLECTOR,0.136157
paging,q9,3,RESULT_COLLECTOR,0.182979
paging,q9,3,SORT_PARTITION,0.292361
paging,q9,3,SORT_PARTITION,0.939129
paging,q9,3,SORT_SAMPLE,0.100024
paging,q9,3,SORT_SAMPLE,0.454568
paging,q9,4,CONCAT,12.690722
paging,q9,4,CONCAT,29.711992
paging,q9,4,DYNAMIC_FILTER,50.194622999999986
paging,q9,4,DYNAMIC_FILTER,59.83274400000002
paging,q9,4,GPU_SCAN,7742.309466999998
paging,q9,4,GPU_SCAN,7631.2588479999995
paging,q9,4,HASH_GROUP_BY,8.198675
paging,q9,4,HASH_GROUP_BY,4.085211
paging,q9,4,HASH_JOIN,503.89975599999997
paging,q9,4,HASH_JOIN,414.007464
paging,q9,4,MERGE_GROUP_BY,0.461944
paging,q9,4,MERGE_GROUP_BY,0.53255
paging,q9,4,MERGE_SORT,0.633542
paging,q9,4,MERGE_SORT,1.432275
paging,q9,4,ORDER_BY,0.646787
paging,q9,4,ORDER_BY,0.666164
paging,q9,4,PARTITION,0.9091800000000004
paging,q9,4,PARTITION,1.4554839999999998
paging,q9,4,PROJECTION,3.1722029999999997
paging,q9,4,PROJECTION,3.760962
paging,q9,4,RESULT_COLLECTOR,0.112187
paging,q9,4,RESULT_COLLECTOR,0.144614
paging,q9,4,SORT_PARTITION,0.286066
paging,q9,4,SORT_PARTITION,0.731218
paging,q9,4,SORT_SAMPLE,0.101313
paging,q9,4,SORT_SAMPLE,0.471209
paging,q9,5,CONCAT,16.015163
paging,q9,5,CONCAT,28.972373999999995
paging,q9,5,DYNAMIC_FILTER,52.433989
paging,q9,5,DYNAMIC_FILTER,50.712037
paging,q9,5,GPU_SCAN,7738.666783999997
paging,q9,5,GPU_SCAN,7570.580712999996
paging,q9,5,HASH_GROUP_BY,4.9072700000000005
paging,q9,5,HASH_GROUP_BY,5.0653570000000006
paging,q9,5,HASH_JOIN,435.30694600000004
paging,q9,5,HASH_JOIN,406.37184999999994
paging,q9,5,MERGE_GROUP_BY,0.452693
paging,q9,5,MERGE_GROUP_BY,0.441956
paging,q9,5,MERGE_SORT,0.607522
paging,q9,5,MERGE_SORT,0.530068
paging,q9,5,ORDER_BY,0.680465
paging,q9,5,ORDER_BY,0.618608
paging,q9,5,PARTITION,0.8893330000000002
paging,q9,5,PARTITION,1.0495250000000003
paging,q9,5,PROJECTION,3.407878
paging,q9,5,PROJECTION,3.496746
paging,q9,5,RESULT_COLLECTOR,0.123307
paging,q9,5,RESULT_COLLECTOR,0.119419
paging,q9,5,SORT_PARTITION,0.612426
paging,q9,5,SORT_PARTITION,0.277881
paging,q9,5,SORT_SAMPLE,0.264812
paging,q9,5,SORT_SAMPLE,0.093891
paging,q10,1,CONCAT,1.805297
paging,q10,1,CONCAT,2.1437389999999996
paging,q10,1,DYNAMIC_FILTER,10.425016
paging,q10,1,DYNAMIC_FILTER,10.716424
paging,q10,1,GPU_SCAN,4415.525691
paging,q10,1,GPU_SCAN,4154.930473999999
paging,q10,1,HASH_GROUP_BY,28.307768
paging,q10,1,HASH_GROUP_BY,29.014143
paging,q10,1,HASH_JOIN,43.782709
paging,q10,1,HASH_JOIN,44.051761
paging,q10,1,MERGE_GROUP_BY,0.042617
paging,q10,1,MERGE_GROUP_BY,0.01462
paging,q10,1,MERGE_SORT,20.603569
paging,q10,1,MERGE_SORT,23.029149
paging,q10,1,ORDER_BY,15.584792
paging,q10,1,ORDER_BY,9.095774
paging,q10,1,PARTITION,0.41006099999999995
paging,q10,1,PARTITION,0.32683599999999996
paging,q10,1,PROJECTION,6.5204439999999995
paging,q10,1,PROJECTION,0.65473
paging,q10,1,RESULT_COLLECTOR,326.106745
paging,q10,1,RESULT_COLLECTOR,268.195999
paging,q10,1,SORT_PARTITION,5.5981
paging,q10,1,SORT_PARTITION,8.691221
paging,q10,1,SORT_SAMPLE,0.0324
paging,q10,1,SORT_SAMPLE,0.241545
paging,q10,2,CONCAT,1.2775640000000001
paging,q10,2,CONCAT,1.495669
paging,q10,2,DYNAMIC_FILTER,8.834056
paging,q10,2,DYNAMIC_FILTER,9.049235
paging,q10,2,GPU_SCAN,3267.4682159999998
paging,q10,2,GPU_SCAN,3303.056455
paging,q10,2,HASH_GROUP_BY,28.808827
paging,q10,2,HASH_GROUP_BY,28.514711
paging,q10,2,HASH_JOIN,43.142694000000006
paging,q10,2,HASH_JOIN,43.89046999999999
paging,q10,2,MERGE_GROUP_BY,0.070451
paging,q10,2,MERGE_GROUP_BY,0.05233
paging,q10,2,MERGE_SORT,24.635446
paging,q10,2,MERGE_SORT,26.673957
paging,q10,2,ORDER_BY,9.558893
paging,q10,2,ORDER_BY,9.022194
paging,q10,2,PARTITION,0.5551670000000001
paging,q10,2,PARTITION,0.8416589999999997
paging,q10,2,PROJECTION,0.658743
paging,q10,2,PROJECTION,0.6309640000000001
paging,q10,2,RESULT_COLLECTOR,234.273385
paging,q10,2,RESULT_COLLECTOR,356.383588
paging,q10,2,SORT_PARTITION,7.304442
paging,q10,2,SORT_PARTITION,8.834688
paging,q10,2,SORT_SAMPLE,0.039518
paging,q10,2,SORT_SAMPLE,0.123703
paging,q10,3,CONCAT,1.183591
paging,q10,3,CONCAT,1.2192219999999998
paging,q10,3,DYNAMIC_FILTER,7.637117
paging,q10,3,DYNAMIC_FILTER,10.617599999999998
paging,q10,3,GPU_SCAN,3319.074251
paging,q10,3,GPU_SCAN,3750.2221510000004
paging,q10,3,HASH_GROUP_BY,28.594837
paging,q10,3,HASH_GROUP_BY,28.521632
paging,q10,3,HASH_JOIN,42.987961
paging,q10,3,HASH_JOIN,43.180268999999996
paging,q10,3,MERGE_GROUP_BY,0.0111
paging,q10,3,MERGE_GROUP_BY,0.02166
paging,q10,3,MERGE_SORT,24.427624
paging,q10,3,MERGE_SORT,24.577344
paging,q10,3,ORDER_BY,9.015201
paging,q10,3,ORDER_BY,8.901306
paging,q10,3,PARTITION,0.46357599999999993
paging,q10,3,PARTITION,0.5127890000000002
paging,q10,3,PROJECTION,0.6443810000000001
paging,q10,3,PROJECTION,0.5806
paging,q10,3,RESULT_COLLECTOR,195.353136
paging,q10,3,RESULT_COLLECTOR,245.846353
paging,q10,3,SORT_PARTITION,7.411006
paging,q10,3,SORT_PARTITION,7.51241
paging,q10,3,SORT_SAMPLE,0.064796
paging,q10,3,SORT_SAMPLE,0.073258
paging,q10,4,CONCAT,1.6183589999999999
paging,q10,4,CONCAT,1.456688
paging,q10,4,DYNAMIC_FILTER,7.536315999999999
paging,q10,4,DYNAMIC_FILTER,12.604039
paging,q10,4,GPU_SCAN,3320.5887810000004
paging,q10,4,GPU_SCAN,3548.6333529999997
paging,q10,4,HASH_GROUP_BY,28.486087
paging,q10,4,HASH_GROUP_BY,28.342201
paging,q10,4,HASH_JOIN,43.843883
paging,q10,4,HASH_JOIN,43.56017
paging,q10,4,MERGE_GROUP_BY,0.011746
paging,q10,4,MERGE_GROUP_BY,0.025921
paging,q10,4,MERGE_SORT,24.321342
paging,q10,4,MERGE_SORT,26.591012
paging,q10,4,ORDER_BY,8.859722
paging,q10,4,ORDER_BY,8.87843
paging,q10,4,PARTITION,0.7701550000000001
paging,q10,4,PARTITION,0.770703
paging,q10,4,PROJECTION,0.592144
paging,q10,4,PROJECTION,0.593732
paging,q10,4,RESULT_COLLECTOR,219.253416
paging,q10,4,RESULT_COLLECTOR,234.328384
paging,q10,4,SORT_PARTITION,7.412983
paging,q10,4,SORT_PARTITION,7.731021
paging,q10,4,SORT_SAMPLE,0.029734
paging,q10,4,SORT_SAMPLE,0.073267
paging,q10,5,CONCAT,1.299507
paging,q10,5,CONCAT,1.23189
paging,q10,5,DYNAMIC_FILTER,16.528749
paging,q10,5,DYNAMIC_FILTER,10.927053
paging,q10,5,GPU_SCAN,3865.765684000001
paging,q10,5,GPU_SCAN,3693.438067
paging,q10,5,HASH_GROUP_BY,28.671264
paging,q10,5,HASH_GROUP_BY,28.752738
paging,q10,5,HASH_JOIN,43.148577
paging,q10,5,HASH_JOIN,43.333247
paging,q10,5,MERGE_GROUP_BY,0.064603
paging,q10,5,MERGE_GROUP_BY,0.066277
paging,q10,5,MERGE_SORT,26.530114
paging,q10,5,MERGE_SORT,26.546366
paging,q10,5,ORDER_BY,8.860101
paging,q10,5,ORDER_BY,9.131368
paging,q10,5,PARTITION,0.570538
paging,q10,5,PARTITION,0.555668
paging,q10,5,PROJECTION,0.584394
paging,q10,5,PROJECTION,0.645193
paging,q10,5,RESULT_COLLECTOR,242.28953
paging,q10,5,RESULT_COLLECTOR,195.320648
paging,q10,5,SORT_PARTITION,7.519777
paging,q10,5,SORT_PARTITION,7.810284
paging,q10,5,SORT_SAMPLE,0.039851
paging,q10,5,SORT_SAMPLE,0.083701
paging,q11,1,CONCAT,0.21656599999999998
paging,q11,1,CONCAT,10.060856
paging,q11,1,CTE,0.008822
paging,q11,1,CTE,0.020123
paging,q11,1,DYNAMIC_FILTER,0.106335
paging,q11,1,DYNAMIC_FILTER,0.099527
paging,q11,1,GPU_SCAN,799.8222389999999
paging,q11,1,GPU_SCAN,19.655834
paging,q11,1,HASH_GROUP_BY,1.7840859999999998
paging,q11,1,HASH_GROUP_BY,1.016688
paging,q11,1,HASH_JOIN,23.98748
paging,q11,1,HASH_JOIN,37.731083999999996
paging,q11,1,MERGE_AGGREGATE,0.33343300000000003
paging,q11,1,MERGE_AGGREGATE,0.470333
paging,q11,1,MERGE_GROUP_BY,2.654359
paging,q11,1,MERGE_GROUP_BY,0.010794
paging,q11,1,MERGE_SORT,0.009905
paging,q11,1,MERGE_SORT,0.006314
paging,q11,1,NESTED_LOOP_JOIN,0.545528
paging,q11,1,NESTED_LOOP_JOIN,0.255919
paging,q11,1,ORDER_BY,0.039199
paging,q11,1,ORDER_BY,0.017895
paging,q11,1,PARTITION,0.19958800000000002
paging,q11,1,PARTITION,0.32152699999999995
paging,q11,1,PROJECTION,1.401831
paging,q11,1,PROJECTION,9.130700000000001
paging,q11,1,RESULT_COLLECTOR,0.004345
paging,q11,1,RESULT_COLLECTOR,0.007999
paging,q11,1,SORT_PARTITION,0.004927
paging,q11,1,SORT_PARTITION,0.005795
paging,q11,1,SORT_SAMPLE,0.012296
paging,q11,1,SORT_SAMPLE,0.008871
paging,q11,1,UNGROUPED_AGGREGATE,1.171636
paging,q11,1,UNGROUPED_AGGREGATE,14.279212000000001
paging,q11,2,CONCAT,4.860822
paging,q11,2,CONCAT,5.067830000000001
paging,q11,2,CTE,0.03417
paging,q11,2,CTE,0.019798
paging,q11,2,DYNAMIC_FILTER,0.132865
paging,q11,2,DYNAMIC_FILTER,0.116297
paging,q11,2,GPU_SCAN,16.700682999999998
paging,q11,2,GPU_SCAN,14.988104
paging,q11,2,HASH_GROUP_BY,1.196147
paging,q11,2,HASH_GROUP_BY,1.061774
paging,q11,2,HASH_JOIN,13.135421
paging,q11,2,HASH_JOIN,12.446583
paging,q11,2,MERGE_AGGREGATE,0.05384
paging,q11,2,MERGE_AGGREGATE,0.086481
paging,q11,2,MERGE_GROUP_BY,0.029016
paging,q11,2,MERGE_GROUP_BY,0.020625
paging,q11,2,MERGE_SORT,0.009579
paging,q11,2,MERGE_SORT,0.01122
paging,q11,2,NESTED_LOOP_JOIN,0.213363
paging,q11,2,NESTED_LOOP_JOIN,0.259034
paging,q11,2,ORDER_BY,0.013282
paging,q11,2,ORDER_BY,0.016228
paging,q11,2,PARTITION,0.261135
paging,q11,2,PARTITION,0.302217
paging,q11,2,PROJECTION,0.9868060000000001
paging,q11,2,PROJECTION,0.961127
paging,q11,2,RESULT_COLLECTOR,0.006401
paging,q11,2,RESULT_COLLECTOR,0.005363
paging,q11,2,SORT_PARTITION,0.010254
paging,q11,2,SORT_PARTITION,0.021338
paging,q11,2,SORT_SAMPLE,0.01846
paging,q11,2,SORT_SAMPLE,0.04277
paging,q11,2,UNGROUPED_AGGREGATE,5.724556000000001
paging,q11,2,UNGROUPED_AGGREGATE,6.010551
paging,q11,3,CONCAT,4.909543
paging,q11,3,CONCAT,5.170358
paging,q11,3,CTE,0.021702
paging,q11,3,CTE,0.038014
paging,q11,3,DYNAMIC_FILTER,0.151686
paging,q11,3,DYNAMIC_FILTER,0.145593
paging,q11,3,GPU_SCAN,17.743095999999998
paging,q11,3,GPU_SCAN,19.58786
paging,q11,3,HASH_GROUP_BY,1.405479
paging,q11,3,HASH_GROUP_BY,1.189659
paging,q11,3,HASH_JOIN,14.125205
paging,q11,3,HASH_JOIN,13.493673999999999
paging,q11,3,MERGE_AGGREGATE,0.09173
paging,q11,3,MERGE_AGGREGATE,0.056992
paging,q11,3,MERGE_GROUP_BY,0.013901
paging,q11,3,MERGE_GROUP_BY,0.014126
paging,q11,3,MERGE_SORT,0.010263
paging,q11,3,MERGE_SORT,0.007899
paging,q11,3,NESTED_LOOP_JOIN,0.70302
paging,q11,3,NESTED_LOOP_JOIN,0.275349
paging,q11,3,ORDER_BY,0.034229
paging,q11,3,ORDER_BY,0.012618
paging,q11,3,PARTITION,0.5834229999999998
paging,q11,3,PARTITION,0.46268299999999996
paging,q11,3,PROJECTION,2.5702550000000004
paging,q11,3,PROJECTION,0.869342
paging,q11,3,RESULT_COLLECTOR,0.008996
paging,q11,3,RESULT_COLLECTOR,0.008818
paging,q11,3,SORT_PARTITION,0.010989
paging,q11,3,SORT_PARTITION,0.013533
paging,q11,3,SORT_SAMPLE,0.018858
paging,q11,3,SORT_SAMPLE,0.022508
paging,q11,3,UNGROUPED_AGGREGATE,4.217348
paging,q11,3,UNGROUPED_AGGREGATE,5.893669
paging,q11,4,CONCAT,5.161796000000001
paging,q11,4,CONCAT,5.2175720000000005
paging,q11,4,CTE,0.016377
paging,q11,4,CTE,0.030863
paging,q11,4,DYNAMIC_FILTER,0.123328
paging,q11,4,DYNAMIC_FILTER,0.121913
paging,q11,4,GPU_SCAN,16.150885
paging,q11,4,GPU_SCAN,16.859071
paging,q11,4,HASH_GROUP_BY,1.168167
paging,q11,4,HASH_GROUP_BY,1.0721
paging,q11,4,HASH_JOIN,12.519708000000001
paging,q11,4,HASH_JOIN,13.49551
paging,q11,4,MERGE_AGGREGATE,0.07523999999999999
paging,q11,4,MERGE_AGGREGATE,0.042751
paging,q11,4,MERGE_GROUP_BY,0.009372
paging,q11,4,MERGE_GROUP_BY,0.006715
paging,q11,4,MERGE_SORT,0.007514
paging,q11,4,MERGE_SORT,0.008516
paging,q11,4,NESTED_LOOP_JOIN,0.570914
paging,q11,4,NESTED_LOOP_JOIN,0.267864
paging,q11,4,ORDER_BY,0.05104
paging,q11,4,ORDER_BY,0.019624
paging,q11,4,PARTITION,0.380777
paging,q11,4,PARTITION,0.45824200000000015
paging,q11,4,PROJECTION,2.433809
paging,q11,4,PROJECTION,2.029459
paging,q11,4,RESULT_COLLECTOR,0.005314
paging,q11,4,RESULT_COLLECTOR,0.006829
paging,q11,4,SORT_PARTITION,0.01025
paging,q11,4,SORT_PARTITION,0.008237
paging,q11,4,SORT_SAMPLE,0.02049
paging,q11,4,SORT_SAMPLE,0.030242
paging,q11,4,UNGROUPED_AGGREGATE,4.158436
paging,q11,4,UNGROUPED_AGGREGATE,4.147092
paging,q11,5,CONCAT,4.747992
paging,q11,5,CONCAT,4.928489999999999
paging,q11,5,CTE,0.010966
paging,q11,5,CTE,0.00937
paging,q11,5,DYNAMIC_FILTER,0.099898
paging,q11,5,DYNAMIC_FILTER,0.100776
paging,q11,5,GPU_SCAN,15.994038
paging,q11,5,GPU_SCAN,17.015459
paging,q11,5,HASH_GROUP_BY,1.00727
paging,q11,5,HASH_GROUP_BY,1.099858
paging,q11,5,HASH_JOIN,12.37923
paging,q11,5,HASH_JOIN,12.384758
paging,q11,5,MERGE_AGGREGATE,0.038567000000000004
paging,q11,5,MERGE_AGGREGATE,0.028665999999999997
paging,q11,5,MERGE_GROUP_BY,0.030037
paging,q11,5,MERGE_GROUP_BY,0.008098
paging,q11,5,MERGE_SORT,0.008486
paging,q11,5,MERGE_SORT,0.007363
paging,q11,5,NESTED_LOOP_JOIN,0.194019
paging,q11,5,NESTED_LOOP_JOIN,0.189601
paging,q11,5,ORDER_BY,0.011353
paging,q11,5,ORDER_BY,0.011045
paging,q11,5,PARTITION,0.316304
paging,q11,5,PARTITION,0.379763
paging,q11,5,PROJECTION,5.923605
paging,q11,5,PROJECTION,2.667907
paging,q11,5,RESULT_COLLECTOR,0.006291
paging,q11,5,RESULT_COLLECTOR,0.00768
paging,q11,5,SORT_PARTITION,0.008413
paging,q11,5,SORT_PARTITION,0.011047
paging,q11,5,SORT_SAMPLE,0.014039
paging,q11,5,SORT_SAMPLE,0.017323
paging,q11,5,UNGROUPED_AGGREGATE,0.698445
paging,q11,5,UNGROUPED_AGGREGATE,4.1012569999999995
paging,q12,1,CONCAT,1.344346
paging,q12,1,CONCAT,1.560034
paging,q12,1,DYNAMIC_FILTER,8.852117
paging,q12,1,DYNAMIC_FILTER,8.769072
paging,q12,1,FILTER,43.291527
paging,q12,1,FILTER,31.491018
paging,q12,1,GPU_SCAN,4167.0461190000005
paging,q12,1,GPU_SCAN,4177.408127999999
paging,q12,1,HASH_GROUP_BY,2.257537
paging,q12,1,HASH_GROUP_BY,1.088953
paging,q12,1,HASH_JOIN,2.045688
paging,q12,1,HASH_JOIN,2.599059
paging,q12,1,MERGE_GROUP_BY,0.031716
paging,q12,1,MERGE_GROUP_BY,0.052463
paging,q12,1,MERGE_SORT,0.545831
paging,q12,1,MERGE_SORT,0.204848
paging,q12,1,ORDER_BY,5.281034
paging,q12,1,ORDER_BY,0.275461
paging,q12,1,PARTITION,0.47445200000000004
paging,q12,1,PARTITION,0.6499569999999998
paging,q12,1,PROJECTION,6.577097
paging,q12,1,PROJECTION,0.977016
paging,q12,1,RESULT_COLLECTOR,0.644053
paging,q12,1,RESULT_COLLECTOR,0.576484
paging,q12,1,SORT_PARTITION,0.190343
paging,q12,1,SORT_PARTITION,0.172965
paging,q12,1,SORT_SAMPLE,0.082673
paging,q12,1,SORT_SAMPLE,0.129174
paging,q12,2,CONCAT,1.253766
paging,q12,2,CONCAT,1.4566189999999999
paging,q12,2,DYNAMIC_FILTER,7.013698
paging,q12,2,DYNAMIC_FILTER,6.937660999999999
paging,q12,2,FILTER,44.69068199999999
paging,q12,2,FILTER,46.515403000000006
paging,q12,2,GPU_SCAN,3770.759682
paging,q12,2,GPU_SCAN,3708.372446
paging,q12,2,HASH_GROUP_BY,1.239108
paging,q12,2,HASH_GROUP_BY,1.13006
paging,q12,2,HASH_JOIN,2.406149
paging,q12,2,HASH_JOIN,2.135168
paging,q12,2,MERGE_GROUP_BY,0.009021
paging,q12,2,MERGE_GROUP_BY,0.062362
paging,q12,2,MERGE_SORT,0.363873
paging,q12,2,MERGE_SORT,0.275538
paging,q12,2,ORDER_BY,0.16459
paging,q12,2,ORDER_BY,0.193058
paging,q12,2,PARTITION,0.413882
paging,q12,2,PARTITION,0.6422289999999999
paging,q12,2,PROJECTION,0.629955
paging,q12,2,PROJECTION,0.532821
paging,q12,2,RESULT_COLLECTOR,0.112213
paging,q12,2,RESULT_COLLECTOR,0.358708
paging,q12,2,SORT_PARTITION,0.196954
paging,q12,2,SORT_PARTITION,0.23049
paging,q12,2,SORT_SAMPLE,0.127726
paging,q12,2,SORT_SAMPLE,0.102022
paging,q12,3,CONCAT,1.606265
paging,q12,3,CONCAT,1.374905
paging,q12,3,DYNAMIC_FILTER,6.662642
paging,q12,3,DYNAMIC_FILTER,5.163136
paging,q12,3,FILTER,54.459722
paging,q12,3,FILTER,44.791742000000006
paging,q12,3,GPU_SCAN,3767.3266960000005
paging,q12,3,GPU_SCAN,3925.9050970000003
paging,q12,3,HASH_GROUP_BY,1.158476
paging,q12,3,HASH_GROUP_BY,1.092223
paging,q12,3,HASH_JOIN,2.120538
paging,q12,3,HASH_JOIN,1.987769
paging,q12,3,MERGE_GROUP_BY,0.026736
paging,q12,3,MERGE_GROUP_BY,0.053539
paging,q12,3,MERGE_SORT,0.956756
paging,q12,3,MERGE_SORT,0.585287
paging,q12,3,ORDER_BY,0.203476
paging,q12,3,ORDER_BY,0.250679
paging,q12,3,PARTITION,0.634914
paging,q12,3,PARTITION,0.6834410000000001
paging,q12,3,PROJECTION,0.538539
paging,q12,3,PROJECTION,0.509827
paging,q12,3,RESULT_COLLECTOR,0.287413
paging,q12,3,RESULT_COLLECTOR,0.329312
paging,q12,3,SORT_PARTITION,0.198975
paging,q12,3,SORT_PARTITION,0.164715
paging,q12,3,SORT_SAMPLE,0.093531
paging,q12,3,SORT_SAMPLE,0.071132
paging,q12,4,CONCAT,1.702966
paging,q12,4,CONCAT,1.764961
paging,q12,4,DYNAMIC_FILTER,5.434137
paging,q12,4,DYNAMIC_FILTER,5.385044
paging,q12,4,FILTER,37.653691000000016
paging,q12,4,FILTER,27.065449999999995
paging,q12,4,GPU_SCAN,3641.9030959999996
paging,q12,4,GPU_SCAN,3475.565072000001
paging,q12,4,HASH_GROUP_BY,1.112908
paging,q12,4,HASH_GROUP_BY,1.103631
paging,q12,4,HASH_JOIN,2.018573
paging,q12,4,HASH_JOIN,2.008754
paging,q12,4,MERGE_GROUP_BY,0.029691
paging,q12,4,MERGE_GROUP_BY,0.029904
paging,q12,4,MERGE_SORT,0.770465
paging,q12,4,MERGE_SORT,0.20895
paging,q12,4,ORDER_BY,0.167464
paging,q12,4,ORDER_BY,0.154976
paging,q12,4,PARTITION,1.052466
paging,q12,4,PARTITION,0.6863600000000002
paging,q12,4,PROJECTION,0.528845
paging,q12,4,PROJECTION,0.509074
paging,q12,4,RESULT_COLLECTOR,0.280153
paging,q12,4,RESULT_COLLECTOR,0.254752
paging,q12,4,SORT_PARTITION,0.219296
paging,q12,4,SORT_PARTITION,0.190398
paging,q12,4,SORT_SAMPLE,0.189259
paging,q12,4,SORT_SAMPLE,0.142886
paging,q12,5,CONCAT,1.2548780000000002
paging,q12,5,CONCAT,1.3386529999999999
paging,q12,5,DYNAMIC_FILTER,5.5703000000000005
paging,q12,5,DYNAMIC_FILTER,5.169726
paging,q12,5,FILTER,35.845905
paging,q12,5,FILTER,24.389871000000003
paging,q12,5,GPU_SCAN,3453.827477
paging,q12,5,GPU_SCAN,3375.0950310000007
paging,q12,5,HASH_GROUP_BY,1.114626
paging,q12,5,HASH_GROUP_BY,1.258605
paging,q12,5,HASH_JOIN,2.009481
paging,q12,5,HASH_JOIN,2.0447
paging,q12,5,MERGE_GROUP_BY,0.026662
paging,q12,5,MERGE_GROUP_BY,0.030309
paging,q12,5,MERGE_SORT,0.819951
paging,q12,5,MERGE_SORT,0.830496
paging,q12,5,ORDER_BY,0.156118
paging,q12,5,ORDER_BY,0.183725
paging,q12,5,PARTITION,0.572954
paging,q12,5,PARTITION,0.49190999999999996
paging,q12,5,PROJECTION,0.501006
paging,q12,5,PROJECTION,0.512378
paging,q12,5,RESULT_COLLECTOR,0.257875
paging,q12,5,RESULT_COLLECTOR,0.32226
paging,q12,5,SORT_PARTITION,0.181431
paging,q12,5,SORT_PARTITION,0.206137
paging,q12,5,SORT_SAMPLE,0.077103
paging,q12,5,SORT_SAMPLE,0.07786
paging,q13,1,CONCAT,21.536548
paging,q13,1,CONCAT,21.573486
paging,q13,1,GPU_SCAN,2056.491527
paging,q13,1,GPU_SCAN,1985.405845
paging,q13,1,HASH_GROUP_BY,19.096155
paging,q13,1,HASH_GROUP_BY,18.766407
paging,q13,1,HASH_JOIN,123.864784
paging,q13,1,HASH_JOIN,120.739829
paging,q13,1,MERGE_GROUP_BY,0.067623
paging,q13,1,MERGE_GROUP_BY,0.037261
paging,q13,1,MERGE_SORT,0.010997
paging,q13,1,MERGE_SORT,0.005034
paging,q13,1,ORDER_BY,0.249615
paging,q13,1,ORDER_BY,0.462707
paging,q13,1,PARTITION,0.15398199999999998
paging,q13,1,PARTITION,0.26476500000000003
paging,q13,1,PROJECTION,0.061113
paging,q13,1,PROJECTION,0.036143999999999996
paging,q13,1,RESULT_COLLECTOR,0.199614
paging,q13,1,RESULT_COLLECTOR,0.191646
paging,q13,1,SORT_PARTITION,0.012781
paging,q13,1,SORT_PARTITION,0.005073
paging,q13,1,SORT_SAMPLE,0.018875
paging,q13,1,SORT_SAMPLE,0.00652
paging,q13,2,CONCAT,21.150018
paging,q13,2,CONCAT,23.343145
paging,q13,2,GPU_SCAN,2008.1585720000003
paging,q13,2,GPU_SCAN,2419.0845090000003
paging,q13,2,HASH_GROUP_BY,18.569596
paging,q13,2,HASH_GROUP_BY,18.693856
paging,q13,2,HASH_JOIN,120.722111
paging,q13,2,HASH_JOIN,120.740183
paging,q13,2,MERGE_GROUP_BY,0.047155
paging,q13,2,MERGE_GROUP_BY,0.033825999999999995
paging,q13,2,MERGE_SORT,0.004861
paging,q13,2,MERGE_SORT,0.006188
paging,q13,2,ORDER_BY,0.420718
paging,q13,2,ORDER_BY,0.206224
paging,q13,2,PARTITION,0.07928
paging,q13,2,PARTITION,0.212658
paging,q13,2,PROJECTION,0.024828000000000003
paging,q13,2,PROJECTION,0.029059
paging,q13,2,RESULT_COLLECTOR,0.083596
paging,q13,2,RESULT_COLLECTOR,0.178713
paging,q13,2,SORT_PARTITION,0.006142
paging,q13,2,SORT_PARTITION,0.006044
paging,q13,2,SORT_SAMPLE,0.005047
paging,q13,2,SORT_SAMPLE,0.007962
paging,q13,3,CONCAT,22.411535
paging,q13,3,CONCAT,21.868679
paging,q13,3,GPU_SCAN,2446.6321150000003
paging,q13,3,GPU_SCAN,2002.7296309999997
paging,q13,3,HASH_GROUP_BY,18.709796
paging,q13,3,HASH_GROUP_BY,18.500815
paging,q13,3,HASH_JOIN,120.537383
paging,q13,3,HASH_JOIN,121.069184
paging,q13,3,MERGE_GROUP_BY,0.071661
paging,q13,3,MERGE_GROUP_BY,0.023856000000000002
paging,q13,3,MERGE_SORT,0.006504
paging,q13,3,MERGE_SORT,0.005086
paging,q13,3,ORDER_BY,0.458346
paging,q13,3,ORDER_BY,0.199416
paging,q13,3,PARTITION,0.221949
paging,q13,3,PARTITION,0.16636599999999999
paging,q13,3,PROJECTION,0.026492
paging,q13,3,PROJECTION,0.02441
paging,q13,3,RESULT_COLLECTOR,0.180012
paging,q13,3,RESULT_COLLECTOR,0.079817
paging,q13,3,SORT_PARTITION,0.005454
paging,q13,3,SORT_PARTITION,0.005358
paging,q13,3,SORT_SAMPLE,0.007735
paging,q13,3,SORT_SAMPLE,0.005171
paging,q13,4,CONCAT,22.112047999999998
paging,q13,4,CONCAT,22.065318
paging,q13,4,GPU_SCAN,1032.564399
paging,q13,4,GPU_SCAN,1029.396174
paging,q13,4,HASH_GROUP_BY,18.949427999999997
paging,q13,4,HASH_GROUP_BY,18.98798
paging,q13,4,HASH_JOIN,120.977534
paging,q13,4,HASH_JOIN,120.811065
paging,q13,4,MERGE_GROUP_BY,0.101727
paging,q13,4,MERGE_GROUP_BY,0.052435999999999997
paging,q13,4,MERGE_SORT,0.011069
paging,q13,4,MERGE_SORT,0.008468
paging,q13,4,ORDER_BY,0.454721
paging,q13,4,ORDER_BY,0.450778
paging,q13,4,PARTITION,0.32875499999999996
paging,q13,4,PARTITION,0.191666
paging,q13,4,PROJECTION,0.055453
paging,q13,4,PROJECTION,0.07353699999999999
paging,q13,4,RESULT_COLLECTOR,0.2132
paging,q13,4,RESULT_COLLECTOR,0.074067
paging,q13,4,SORT_PARTITION,0.006415
paging,q13,4,SORT_PARTITION,0.004415
paging,q13,4,SORT_SAMPLE,0.010574
paging,q13,4,SORT_SAMPLE,0.009069
paging,q13,5,CONCAT,22.53248
paging,q13,5,CONCAT,22.270537
paging,q13,5,GPU_SCAN,1036.11806
paging,q13,5,GPU_SCAN,1029.8504619999999
paging,q13,5,HASH_GROUP_BY,18.487804999999998
paging,q13,5,HASH_GROUP_BY,18.489395
paging,q13,5,HASH_JOIN,119.711462
paging,q13,5,HASH_JOIN,120.609598
paging,q13,5,MERGE_GROUP_BY,0.037819
paging,q13,5,MERGE_GROUP_BY,0.049695
paging,q13,5,MERGE_SORT,0.006183
paging,q13,5,MERGE_SORT,0.00555
paging,q13,5,ORDER_BY,0.431744
paging,q13,5,ORDER_BY,0.438785
paging,q13,5,PARTITION,0.21105499999999996
paging,q13,5,PARTITION,0.15862
paging,q13,5,PROJECTION,0.032969
paging,q13,5,PROJECTION,0.024068
paging,q13,5,RESULT_COLLECTOR,0.101005
paging,q13,5,RESULT_COLLECTOR,0.068668
paging,q13,5,SORT_PARTITION,0.004681
paging,q13,5,SORT_PARTITION,0.005051
paging,q13,5,SORT_SAMPLE,0.007743
paging,q13,5,SORT_SAMPLE,0.006856
paging,q14,1,CONCAT,0.419087
paging,q14,1,CONCAT,6.265873
paging,q14,1,GPU_SCAN,4725.429732
paging,q14,1,GPU_SCAN,4669.244879
paging,q14,1,HASH_JOIN,11.224827
paging,q14,1,HASH_JOIN,10.504157
paging,q14,1,MERGE_AGGREGATE,0.018579
paging,q14,1,MERGE_AGGREGATE,0.028406
paging,q14,1,PARTITION,0.129375
paging,q14,1,PARTITION,0.18064999999999998
paging,q14,1,PROJECTION,2.409629
paging,q14,1,PROJECTION,1.5364
paging,q14,1,RESULT_COLLECTOR,0.171
paging,q14,1,RESULT_COLLECTOR,0.189803
paging,q14,1,UNGROUPED_AGGREGATE,0.738194
paging,q14,1,UNGROUPED_AGGREGATE,0.706659
paging,q14,2,CONCAT,7.062787
paging,q14,2,CONCAT,6.951088
paging,q14,2,GPU_SCAN,4725.246213999999
paging,q14,2,GPU_SCAN,4671.470125999999
paging,q14,2,HASH_JOIN,10.946755
paging,q14,2,HASH_JOIN,10.817927
paging,q14,2,MERGE_AGGREGATE,0.024463
paging,q14,2,MERGE_AGGREGATE,0.030525
paging,q14,2,PARTITION,0.31690699999999994
paging,q14,2,PARTITION,0.15466900000000003
paging,q14,2,PROJECTION,1.717968
paging,q14,2,PROJECTION,1.27131
paging,q14,2,RESULT_COLLECTOR,0.190274
paging,q14,2,RESULT_COLLECTOR,0.114171
paging,q14,2,UNGROUPED_AGGREGATE,0.774506
paging,q14,2,UNGROUPED_AGGREGATE,0.757079
paging,q14,3,CONCAT,6.978559000000001
paging,q14,3,CONCAT,7.103466
paging,q14,3,GPU_SCAN,4779.040034000001
paging,q14,3,GPU_SCAN,4726.649968
paging,q14,3,HASH_JOIN,10.855591
paging,q14,3,HASH_JOIN,10.657397
paging,q14,3,MERGE_AGGREGATE,0.039408
paging,q14,3,MERGE_AGGREGATE,0.063229
paging,q14,3,PARTITION,0.31595999999999996
paging,q14,3,PARTITION,0.38042899999999996
paging,q14,3,PROJECTION,1.679115
paging,q14,3,PROJECTION,1.537533
paging,q14,3,RESULT_COLLECTOR,0.247793
paging,q14,3,RESULT_COLLECTOR,0.176412
paging,q14,3,UNGROUPED_AGGREGATE,0.803702
paging,q14,3,UNGROUPED_AGGREGATE,0.755069
paging,q14,4,CONCAT,6.926718999999999
paging,q14,4,CONCAT,6.915991
paging,q14,4,GPU_SCAN,4729.8140410000005
paging,q14,4,GPU_SCAN,4706.937766000001
paging,q14,4,HASH_JOIN,10.765668
paging,q14,4,HASH_JOIN,10.544714
paging,q14,4,MERGE_AGGREGATE,0.015713
paging,q14,4,MERGE_AGGREGATE,0.072794
paging,q14,4,PARTITION,0.22225900000000004
paging,q14,4,PARTITION,0.16777000000000003
paging,q14,4,PROJECTION,1.312837
paging,q14,4,PROJECTION,1.6312529999999998
paging,q14,4,RESULT_COLLECTOR,0.102025
paging,q14,4,RESULT_COLLECTOR,0.209165
paging,q14,4,UNGROUPED_AGGREGATE,0.751532
paging,q14,4,UNGROUPED_AGGREGATE,0.753799
paging,q14,5,CONCAT,7.027785
paging,q14,5,CONCAT,6.875196
paging,q14,5,GPU_SCAN,4897.096662999999
paging,q14,5,GPU_SCAN,4905.785218
paging,q14,5,HASH_JOIN,10.904323
paging,q14,5,HASH_JOIN,10.764226
paging,q14,5,MERGE_AGGREGATE,0.073726
paging,q14,5,MERGE_AGGREGATE,0.018288
paging,q14,5,PARTITION,0.274604
paging,q14,5,PARTITION,0.25861
paging,q14,5,PROJECTION,1.500484
paging,q14,5,PROJECTION,1.6241050000000001
paging,q14,5,RESULT_COLLECTOR,0.143247
paging,q14,5,RESULT_COLLECTOR,0.210208
paging,q14,5,UNGROUPED_AGGREGATE,0.832362
paging,q14,5,UNGROUPED_AGGREGATE,0.773996
paging,q15,1,CONCAT,0.09752899999999999
paging,q15,1,CONCAT,0.06092299999999999
paging,q15,1,CTE,0.024342
paging,q15,1,CTE,0.006072
paging,q15,1,GPU_SCAN,4679.975988
paging,q15,1,GPU_SCAN,4772.912871
paging,q15,1,HASH_GROUP_BY,16.580232
paging,q15,1,HASH_GROUP_BY,18.233290999999998
paging,q15,1,HASH_JOIN,4.819570000000001
paging,q15,1,HASH_JOIN,1.5187309999999998
paging,q15,1,MERGE_AGGREGATE,0.171227
paging,q15,1,MERGE_AGGREGATE,0.040569
paging,q15,1,MERGE_GROUP_BY,5.327158
paging,q15,1,MERGE_GROUP_BY,4.835259
paging,q15,1,MERGE_SORT,0.03966
paging,q15,1,MERGE_SORT,0.031713
paging,q15,1,ORDER_BY,0.715425
paging,q15,1,ORDER_BY,0.293007
paging,q15,1,PARTITION,0.3967299999999999
paging,q15,1,PARTITION,0.23463
paging,q15,1,PROJECTION,10.069434000000003
paging,q15,1,PROJECTION,9.165444
paging,q15,1,RESULT_COLLECTOR,0.216865
paging,q15,1,RESULT_COLLECTOR,0.148144
paging,q15,1,SORT_PARTITION,1.598896
paging,q15,1,SORT_PARTITION,0.581119
paging,q15,1,SORT_SAMPLE,0.238647
paging,q15,1,SORT_SAMPLE,0.060117
paging,q15,1,UNGROUPED_AGGREGATE,9.33621
paging,q15,1,UNGROUPED_AGGREGATE,0.659079
paging,q15,2,CONCAT,0.026783
paging,q15,2,CONCAT,0.070077
paging,q15,2,CTE,0.005613
paging,q15,2,CTE,0.011801
paging,q15,2,GPU_SCAN,4579.020021
paging,q15,2,GPU_SCAN,4607.426608000001
paging,q15,2,HASH_GROUP_BY,22.135092
paging,q15,2,HASH_GROUP_BY,23.072071
paging,q15,2,HASH_JOIN,1.486363
paging,q15,2,HASH_JOIN,1.335478
paging,q15,2,MERGE_AGGREGATE,0.037647
paging,q15,2,MERGE_AGGREGATE,0.034640000000000004
paging,q15,2,MERGE_GROUP_BY,4.821541
paging,q15,2,MERGE_GROUP_BY,4.944628
paging,q15,2,MERGE_SORT,0.012775
paging,q15,2,MERGE_SORT,0.013503
paging,q15,2,ORDER_BY,0.285924
paging,q15,2,ORDER_BY,0.299182
paging,q15,2,PARTITION,0.292893
paging,q15,2,PARTITION,0.480948
paging,q15,2,PROJECTION,11.901775
paging,q15,2,PROJECTION,12.624038
paging,q15,2,RESULT_COLLECTOR,0.151384
paging,q15,2,RESULT_COLLECTOR,0.227866
paging,q15,2,SORT_PARTITION,0.513
paging,q15,2,SORT_PARTITION,0.933576
paging,q15,2,SORT_SAMPLE,0.044118
paging,q15,2,SORT_SAMPLE,0.093502
paging,q15,2,UNGROUPED_AGGREGATE,0.790899
paging,q15,2,UNGROUPED_AGGREGATE,0.92467
paging,q15,3,CONCAT,0.07842500000000001
paging,q15,3,CONCAT,0.039284
paging,q15,3,CTE,0.007911
paging,q15,3,CTE,0.024015
paging,q15,3,GPU_SCAN,4728.973457
paging,q15,3,GPU_SCAN,4756.499287000001
paging,q15,3,HASH_GROUP_BY,21.528875
paging,q15,3,HASH_GROUP_BY,30.690928
paging,q15,3,HASH_JOIN,1.2459660000000001
paging,q15,3,HASH_JOIN,2.234005
paging,q15,3,MERGE_AGGREGATE,0.030656000000000003
paging,q15,3,MERGE_AGGREGATE,0.047347
paging,q15,3,MERGE_GROUP_BY,5.341657
paging,q15,3,MERGE_GROUP_BY,4.915902
paging,q15,3,MERGE_SORT,0.013608
paging,q15,3,MERGE_SORT,0.033264
paging,q15,3,ORDER_BY,0.316425
paging,q15,3,ORDER_BY,0.639877
paging,q15,3,PARTITION,0.24635699999999996
paging,q15,3,PARTITION,0.33514900000000003
paging,q15,3,PROJECTION,13.741184999999998
paging,q15,3,PROJECTION,9.650133
paging,q15,3,RESULT_COLLECTOR,0.215315
paging,q15,3,RESULT_COLLECTOR,0.164397
paging,q15,3,SORT_PARTITION,0.689032
paging,q15,3,SORT_PARTITION,0.638012
paging,q15,3,SORT_SAMPLE,0.155179
paging,q15,3,SORT_SAMPLE,0.061158
paging,q15,3,UNGROUPED_AGGREGATE,0.44810300000000003
paging,q15,3,UNGROUPED_AGGREGATE,0.4037
paging,q15,4,CONCAT,0.074546
paging,q15,4,CONCAT,0.029057
paging,q15,4,CTE,0.052671
paging,q15,4,CTE,0.020787
paging,q15,4,GPU_SCAN,4674.141536000001
paging,q15,4,GPU_SCAN,4677.864558
paging,q15,4,HASH_GROUP_BY,21.045251
paging,q15,4,HASH_GROUP_BY,22.211495999999997
paging,q15,4,HASH_JOIN,2.077712
paging,q15,4,HASH_JOIN,2.167259
paging,q15,4,MERGE_AGGREGATE,0.099347
paging,q15,4,MERGE_AGGREGATE,0.058781
paging,q15,4,MERGE_GROUP_BY,5.350899
paging,q15,4,MERGE_GROUP_BY,4.882853
paging,q15,4,MERGE_SORT,0.012362
paging,q15,4,MERGE_SORT,0.009387
paging,q15,4,ORDER_BY,0.711573
paging,q15,4,ORDER_BY,0.331313
paging,q15,4,PARTITION,0.365765
paging,q15,4,PARTITION,0.282984
paging,q15,4,PROJECTION,8.518358000000001
paging,q15,4,PROJECTION,12.304239
paging,q15,4,RESULT_COLLECTOR,0.178468
paging,q15,4,RESULT_COLLECTOR,0.152001
paging,q15,4,SORT_PARTITION,1.33945
paging,q15,4,SORT_PARTITION,0.593521
paging,q15,4,SORT_SAMPLE,0.156389
paging,q15,4,SORT_SAMPLE,0.051707
paging,q15,4,UNGROUPED_AGGREGATE,0.756404
paging,q15,4,UNGROUPED_AGGREGATE,0.36316800000000005
paging,q15,5,CONCAT,0.026695000000000003
paging,q15,5,CONCAT,0.062196
paging,q15,5,CTE,0.005356
paging,q15,5,CTE,0.026707
paging,q15,5,GPU_SCAN,4648.8791219999985
paging,q15,5,GPU_SCAN,4678.25587
paging,q15,5,HASH_GROUP_BY,20.575109000000005
paging,q15,5,HASH_GROUP_BY,23.379669999999997
paging,q15,5,HASH_JOIN,1.388107
paging,q15,5,HASH_JOIN,1.315072
paging,q15,5,MERGE_AGGREGATE,0.030747999999999998
paging,q15,5,MERGE_AGGREGATE,0.033005
paging,q15,5,MERGE_GROUP_BY,4.769377
paging,q15,5,MERGE_GROUP_BY,4.942328
paging,q15,5,MERGE_SORT,0.029939
paging,q15,5,MERGE_SORT,0.012037
paging,q15,5,ORDER_BY,0.253137
paging,q15,5,ORDER_BY,0.322333
paging,q15,5,PARTITION,0.20901599999999998
paging,q15,5,PARTITION,0.279049
paging,q15,5,PROJECTION,6.7538659999999995
paging,q15,5,PROJECTION,11.438424
paging,q15,5,RESULT_COLLECTOR,0.150622
paging,q15,5,RESULT_COLLECTOR,0.175274
paging,q15,5,SORT_PARTITION,0.458529
paging,q15,5,SORT_PARTITION,0.666314
paging,q15,5,SORT_SAMPLE,0.043987
paging,q15,5,SORT_SAMPLE,0.098175
paging,q15,5,UNGROUPED_AGGREGATE,0.319723
paging,q15,5,UNGROUPED_AGGREGATE,0.638199
paging,q16,1,CONCAT,0.30483299999999997
paging,q16,1,CONCAT,0.15819499999999997
paging,q16,1,DYNAMIC_FILTER,1.107515
paging,q16,1,DYNAMIC_FILTER,1.119344
paging,q16,1,FILTER,6.325829000000001
paging,q16,1,FILTER,6.293219000000001
paging,q16,1,GPU_SCAN,183.22671200000002
paging,q16,1,GPU_SCAN,154.63353800000002
paging,q16,1,HASH_GROUP_BY,92.480524
paging,q16,1,HASH_GROUP_BY,82.505876
paging,q16,1,HASH_JOIN,9.030531
paging,q16,1,HASH_JOIN,8.30103
paging,q16,1,MERGE_GROUP_BY,1.149742
paging,q16,1,MERGE_GROUP_BY,0.376073
paging,q16,1,MERGE_SORT,0.007646
paging,q16,1,MERGE_SORT,0.006209
paging,q16,1,ORDER_BY,2.316702
paging,q16,1,ORDER_BY,2.357586
paging,q16,1,PARTITION,0.20518999999999998
paging,q16,1,PARTITION,0.049962999999999994
paging,q16,1,PROJECTION,0.014752
paging,q16,1,PROJECTION,0.013912
paging,q16,1,RESULT_COLLECTOR,0.693129
paging,q16,1,RESULT_COLLECTOR,0.75404
paging,q16,1,SORT_PARTITION,0.005665
paging,q16,1,SORT_PARTITION,0.004772
paging,q16,1,SORT_SAMPLE,0.008937
paging,q16,1,SORT_SAMPLE,0.007203
paging,q16,2,CONCAT,1.8298980000000002
paging,q16,2,CONCAT,1.805764
paging,q16,2,DYNAMIC_FILTER,1.110497
paging,q16,2,DYNAMIC_FILTER,1.114809
paging,q16,2,FILTER,14.701995
paging,q16,2,FILTER,13.750060999999999
paging,q16,2,GPU_SCAN,126.82092399999999
paging,q16,2,GPU_SCAN,125.045348
paging,q16,2,HASH_GROUP_BY,81.275492
paging,q16,2,HASH_GROUP_BY,81.778028
paging,q16,2,HASH_JOIN,9.228173
paging,q16,2,HASH_JOIN,9.185406
paging,q16,2,MERGE_GROUP_BY,0.965082
paging,q16,2,MERGE_GROUP_BY,0.432121
paging,q16,2,MERGE_SORT,0.032163
paging,q16,2,MERGE_SORT,0.022327
paging,q16,2,ORDER_BY,2.927951
paging,q16,2,ORDER_BY,2.956526
paging,q16,2,PARTITION,0.252522
paging,q16,2,PARTITION,0.250681
paging,q16,2,PROJECTION,0.012844
paging,q16,2,PROJECTION,0.013192
paging,q16,2,RESULT_COLLECTOR,2.496872
paging,q16,2,RESULT_COLLECTOR,0.836722
paging,q16,2,SORT_PARTITION,0.008599
paging,q16,2,SORT_PARTITION,0.023434
paging,q16,2,SORT_SAMPLE,0.016268
paging,q16,2,SORT_SAMPLE,0.038237
paging,q16,3,CONCAT,2.12898
paging,q16,3,CONCAT,1.9036349999999997
paging,q16,3,DYNAMIC_FILTER,1.155404
paging,q16,3,DYNAMIC_FILTER,1.152673
paging,q16,3,FILTER,14.721961999999998
paging,q16,3,FILTER,14.856126999999999
paging,q16,3,GPU_SCAN,130.02917300000001
paging,q16,3,GPU_SCAN,131.96642
paging,q16,3,HASH_GROUP_BY,82.059431
paging,q16,3,HASH_GROUP_BY,81.347101
paging,q16,3,HASH_JOIN,9.093639
paging,q16,3,HASH_JOIN,9.198609
paging,q16,3,MERGE_GROUP_BY,1.110668
paging,q16,3,MERGE_GROUP_BY,1.023516
paging,q16,3,MERGE_SORT,0.038554
paging,q16,3,MERGE_SORT,0.063685
paging,q16,3,ORDER_BY,2.809524
paging,q16,3,ORDER_BY,2.90095
paging,q16,3,PARTITION,0.527594
paging,q16,3,PARTITION,0.320715
paging,q16,3,PROJECTION,0.01853
paging,q16,3,PROJECTION,0.019453
paging,q16,3,RESULT_COLLECTOR,1.109985
paging,q16,3,RESULT_COLLECTOR,1.46124
paging,q16,3,SORT_PARTITION,0.023621
paging,q16,3,SORT_PARTITION,0.023734
paging,q16,3,SORT_SAMPLE,0.04052
paging,q16,3,SORT_SAMPLE,0.039907
paging,q16,4,CONCAT,1.860993
paging,q16,4,CONCAT,1.937071
paging,q16,4,DYNAMIC_FILTER,1.17318
paging,q16,4,DYNAMIC_FILTER,1.150844
paging,q16,4,FILTER,14.93579
paging,q16,4,FILTER,14.879415999999999
paging,q16,4,GPU_SCAN,129.361495
paging,q16,4,GPU_SCAN,129.053299
paging,q16,4,HASH_GROUP_BY,81.437475
paging,q16,4,HASH_GROUP_BY,82.243568
paging,q16,4,HASH_JOIN,9.609283999999999
paging,q16,4,HASH_JOIN,9.127746
paging,q16,4,MERGE_GROUP_BY,0.975439
paging,q16,4,MERGE_GROUP_BY,0.665245
paging,q16,4,MERGE_SORT,0.009937
paging,q16,4,MERGE_SORT,0.010153
paging,q16,4,ORDER_BY,2.678352
paging,q16,4,ORDER_BY,2.75277
paging,q16,4,PARTITION,0.19742
paging,q16,4,PARTITION,0.299238
paging,q16,4,PROJECTION,0.020736
paging,q16,4,PROJECTION,0.017738
paging,q16,4,RESULT_COLLECTOR,1.313984
paging,q16,4,RESULT_COLLECTOR,0.901923
paging,q16,4,SORT_PARTITION,0.01376
paging,q16,4,SORT_PARTITION,0.007653
paging,q16,4,SORT_SAMPLE,0.019868
paging,q16,4,SORT_SAMPLE,0.013604
paging,q16,5,CONCAT,1.7088240000000001
paging,q16,5,CONCAT,1.7512489999999998
paging,q16,5,DYNAMIC_FILTER,1.109632
paging,q16,5,DYNAMIC_FILTER,1.109784
paging,q16,5,FILTER,12.964297
paging,q16,5,FILTER,12.162386999999999
paging,q16,5,GPU_SCAN,125.838955
paging,q16,5,GPU_SCAN,126.68206299999999
paging,q16,5,HASH_GROUP_BY,81.248679
paging,q16,5,HASH_GROUP_BY,81.379702
paging,q16,5,HASH_JOIN,9.146455
paging,q16,5,HASH_JOIN,8.468985
paging,q16,5,MERGE_GROUP_BY,0.961002
paging,q16,5,MERGE_GROUP_BY,0.943667
paging,q16,5,MERGE_SORT,0.008167
paging,q16,5,MERGE_SORT,0.031016
paging,q16,5,ORDER_BY,2.942027
paging,q16,5,ORDER_BY,2.420223
paging,q16,5,PARTITION,0.13873200000000002
paging,q16,5,PARTITION,0.19334500000000002
paging,q16,5,PROJECTION,0.015441
paging,q16,5,PROJECTION,0.020385
paging,q16,5,RESULT_COLLECTOR,1.591131
paging,q16,5,RESULT_COLLECTOR,1.014865
paging,q16,5,SORT_PARTITION,0.007466
paging,q16,5,SORT_PARTITION,0.006764
paging,q16,5,SORT_SAMPLE,0.014872
paging,q16,5,SORT_SAMPLE,0.013241
paging,q17,1,CONCAT,0.48251799999999995
paging,q17,1,CONCAT,0.5539519999999999
paging,q17,1,DYNAMIC_FILTER,33.434264000000006
paging,q17,1,DYNAMIC_FILTER,27.911143
paging,q17,1,FILTER,0.116611
paging,q17,1,FILTER,0.13565
paging,q17,1,GPU_SCAN,6387.848687
paging,q17,1,GPU_SCAN,6081.762244999999
paging,q17,1,HASH_GROUP_BY,30.782222
paging,q17,1,HASH_GROUP_BY,83.464696
paging,q17,1,HASH_JOIN,190.791417
paging,q17,1,HASH_JOIN,118.102053
paging,q17,1,LEFT_DELIM_JOIN,0.244311
paging,q17,1,LEFT_DELIM_JOIN,0.245903
paging,q17,1,MERGE_AGGREGATE,0.006807
paging,q17,1,MERGE_AGGREGATE,0.016539
paging,q17,1,MERGE_GROUP_BY,0.525048
paging,q17,1,MERGE_GROUP_BY,0.5518069999999999
paging,q17,1,PARTITION,0.446922
paging,q17,1,PARTITION,0.4930049999999999
paging,q17,1,PROJECTION,0.764826
paging,q17,1,PROJECTION,7.6579299999999995
paging,q17,1,RESULT_COLLECTOR,0.093616
paging,q17,1,RESULT_COLLECTOR,0.089154
paging,q17,1,UNGROUPED_AGGREGATE,0.153683
paging,q17,1,UNGROUPED_AGGREGATE,0.193039
paging,q17,2,CONCAT,0.551453
paging,q17,2,CONCAT,0.6369290000000001
paging,q17,2,DYNAMIC_FILTER,33.702394
paging,q17,2,DYNAMIC_FILTER,27.084007999999997
paging,q17,2,FILTER,0.162985
paging,q17,2,FILTER,0.137335
paging,q17,2,GPU_SCAN,6038.680955
paging,q17,2,GPU_SCAN,5990.587301
paging,q17,2,HASH_GROUP_BY,14.406541000000002
paging,q17,2,HASH_GROUP_BY,54.059108
paging,q17,2,HASH_JOIN,186.36598999999998
paging,q17,2,HASH_JOIN,170.467208
paging,q17,2,LEFT_DELIM_JOIN,0.295947
paging,q17,2,LEFT_DELIM_JOIN,0.214129
paging,q17,2,MERGE_AGGREGATE,0.028476
paging,q17,2,MERGE_AGGREGATE,0.025815
paging,q17,2,MERGE_GROUP_BY,0.672572
paging,q17,2,MERGE_GROUP_BY,0.628764
paging,q17,2,PARTITION,0.5106590000000001
paging,q17,2,PARTITION,0.866467
paging,q17,2,PROJECTION,15.984903000000003
paging,q17,2,PROJECTION,1.033218
paging,q17,2,RESULT_COLLECTOR,0.103944
paging,q17,2,RESULT_COLLECTOR,0.108138
paging,q17,2,UNGROUPED_AGGREGATE,0.259773
paging,q17,2,UNGROUPED_AGGREGATE,0.194651
paging,q17,3,CONCAT,0.5950660000000001
paging,q17,3,CONCAT,0.69679
paging,q17,3,DYNAMIC_FILTER,28.282514
paging,q17,3,DYNAMIC_FILTER,26.913342
paging,q17,3,FILTER,0.117631
paging,q17,3,FILTER,0.117678
paging,q17,3,GPU_SCAN,5977.425753000001
paging,q17,3,GPU_SCAN,5945.9628170000005
paging,q17,3,HASH_GROUP_BY,7.9143930000000005
paging,q17,3,HASH_GROUP_BY,4.223097000000001
paging,q17,3,HASH_JOIN,183.258097
paging,q17,3,HASH_JOIN,137.434048
paging,q17,3,LEFT_DELIM_JOIN,0.459608
paging,q17,3,LEFT_DELIM_JOIN,0.236712
paging,q17,3,MERGE_AGGREGATE,0.016075
paging,q17,3,MERGE_AGGREGATE,0.031099
paging,q17,3,MERGE_GROUP_BY,0.905383
paging,q17,3,MERGE_GROUP_BY,0.6247159999999999
paging,q17,3,PARTITION,0.7743669999999998
paging,q17,3,PARTITION,0.502048
paging,q17,3,PROJECTION,0.383553
paging,q17,3,PROJECTION,0.6195959999999999
paging,q17,3,RESULT_COLLECTOR,0.08154
paging,q17,3,RESULT_COLLECTOR,0.151923
paging,q17,3,UNGROUPED_AGGREGATE,0.14459
paging,q17,3,UNGROUPED_AGGREGATE,0.142497
paging,q17,4,CONCAT,0.55808
paging,q17,4,CONCAT,0.481206
paging,q17,4,DYNAMIC_FILTER,32.952225000000006
paging,q17,4,DYNAMIC_FILTER,28.860116
paging,q17,4,FILTER,0.133389
paging,q17,4,FILTER,0.326207
paging,q17,4,GPU_SCAN,6156.427693999999
paging,q17,4,GPU_SCAN,6026.661032
paging,q17,4,HASH_GROUP_BY,6.2569989999999995
paging,q17,4,HASH_GROUP_BY,6.620816
paging,q17,4,HASH_JOIN,128.70162
paging,q17,4,HASH_JOIN,128.620145
paging,q17,4,LEFT_DELIM_JOIN,0.216736
paging,q17,4,LEFT_DELIM_JOIN,0.229894
paging,q17,4,MERGE_AGGREGATE,0.016585
paging,q17,4,MERGE_AGGREGATE,0.033233
paging,q17,4,MERGE_GROUP_BY,0.5342319999999999
paging,q17,4,MERGE_GROUP_BY,0.601114
paging,q17,4,PARTITION,0.5292080000000001
paging,q17,4,PARTITION,0.43644599999999995
paging,q17,4,PROJECTION,0.539478
paging,q17,4,PROJECTION,0.453594
paging,q17,4,RESULT_COLLECTOR,0.086958
paging,q17,4,RESULT_COLLECTOR,0.102498
paging,q17,4,UNGROUPED_AGGREGATE,0.160996
paging,q17,4,UNGROUPED_AGGREGATE,0.33484
paging,q17,5,CONCAT,0.337882
paging,q17,5,CONCAT,0.381358
paging,q17,5,DYNAMIC_FILTER,30.201216999999996
paging,q17,5,DYNAMIC_FILTER,27.113738
paging,q17,5,FILTER,0.327218
paging,q17,5,FILTER,0.119258
paging,q17,5,GPU_SCAN,6002.613347
paging,q17,5,GPU_SCAN,5985.114158000001
paging,q17,5,HASH_GROUP_BY,4.233516999999999
paging,q17,5,HASH_GROUP_BY,5.881317
paging,q17,5,HASH_JOIN,125.41808199999998
paging,q17,5,HASH_JOIN,132.34337
paging,q17,5,LEFT_DELIM_JOIN,0.252305
paging,q17,5,LEFT_DELIM_JOIN,0.226561
paging,q17,5,MERGE_AGGREGATE,0.032004
paging,q17,5,MERGE_AGGREGATE,0.03308
paging,q17,5,MERGE_GROUP_BY,0.598558
paging,q17,5,MERGE_GROUP_BY,0.688725
paging,q17,5,PARTITION,0.4862209999999999
paging,q17,5,PARTITION,0.713117
paging,q17,5,PROJECTION,0.274699
paging,q17,5,PROJECTION,0.39975700000000003
paging,q17,5,RESULT_COLLECTOR,0.083667
paging,q17,5,RESULT_COLLECTOR,0.08588
paging,q17,5,UNGROUPED_AGGREGATE,0.426574
paging,q17,5,UNGROUPED_AGGREGATE,0.151729
paging,q18,1,CONCAT,0.669096
paging,q18,1,CONCAT,4.265963999999999
paging,q18,1,DYNAMIC_FILTER,29.452008999999997
paging,q18,1,DYNAMIC_FILTER,31.353869
paging,q18,1,FILTER,7.6574480000000005
paging,q18,1,FILTER,7.4607779999999995
paging,q18,1,GPU_SCAN,3513.9376749999997
paging,q18,1,GPU_SCAN,3365.457203000001
paging,q18,1,HASH_GROUP_BY,182.778301
paging,q18,1,HASH_GROUP_BY,269.018142
paging,q18,1,HASH_JOIN,4.10412
paging,q18,1,HASH_JOIN,4.490724999999999
paging,q18,1,MERGE_GROUP_BY,308.732697
paging,q18,1,MERGE_GROUP_BY,309.521228
paging,q18,1,MERGE_SORT,0.724959
paging,q18,1,MERGE_SORT,0.536961
paging,q18,1,ORDER_BY,0.470916
paging,q18,1,ORDER_BY,0.47736
paging,q18,1,PARTITION,77.52483899999999
paging,q18,1,PARTITION,59.15705400000002
paging,q18,1,PROJECTION,0.013634
paging,q18,1,PROJECTION,0.012433
paging,q18,1,RESULT_COLLECTOR,0.462742
paging,q18,1,RESULT_COLLECTOR,0.423483
paging,q18,1,SORT_PARTITION,0.635254
paging,q18,1,SORT_PARTITION,0.320483
paging,q18,1,SORT_SAMPLE,0.050809
paging,q18,1,SORT_SAMPLE,0.030484
paging,q18,2,CONCAT,0.47551099999999996
paging,q18,2,CONCAT,0.6438870000000001
paging,q18,2,DYNAMIC_FILTER,29.920949
paging,q18,2,DYNAMIC_FILTER,29.60719
paging,q18,2,FILTER,7.51098
paging,q18,2,FILTER,7.747147999999999
paging,q18,2,GPU_SCAN,3422.017602
paging,q18,2,GPU_SCAN,3143.284977
paging,q18,2,HASH_GROUP_BY,253.760609
paging,q18,2,HASH_GROUP_BY,269.090508
paging,q18,2,HASH_JOIN,5.049506
paging,q18,2,HASH_JOIN,3.9864869999999994
paging,q18,2,MERGE_GROUP_BY,314.785623
paging,q18,2,MERGE_GROUP_BY,309.2192519999999
paging,q18,2,MERGE_SORT,1.169344
paging,q18,2,MERGE_SORT,1.072769
paging,q18,2,ORDER_BY,0.47764
paging,q18,2,ORDER_BY,0.387047
paging,q18,2,PARTITION,60.605287000000004
paging,q18,2,PARTITION,60.22491100000001
paging,q18,2,PROJECTION,0.01512
paging,q18,2,PROJECTION,0.012864
paging,q18,2,RESULT_COLLECTOR,0.688796
paging,q18,2,RESULT_COLLECTOR,0.215859
paging,q18,2,SORT_PARTITION,0.986935
paging,q18,2,SORT_PARTITION,0.779784
paging,q18,2,SORT_SAMPLE,0.046542
paging,q18,2,SORT_SAMPLE,0.027795
paging,q18,3,CONCAT,0.516201
paging,q18,3,CONCAT,0.985784
paging,q18,3,DYNAMIC_FILTER,31.915818
paging,q18,3,DYNAMIC_FILTER,30.437919
paging,q18,3,FILTER,7.477385
paging,q18,3,FILTER,7.689094000000001
paging,q18,3,GPU_SCAN,3431.2453950000004
paging,q18,3,GPU_SCAN,3472.9808340000004
paging,q18,3,HASH_GROUP_BY,222.76637800000003
paging,q18,3,HASH_GROUP_BY,247.01519
paging,q18,3,HASH_JOIN,4.759639999999999
paging,q18,3,HASH_JOIN,4.948394
paging,q18,3,MERGE_GROUP_BY,306.007166
paging,q18,3,MERGE_GROUP_BY,307.10965899999997
paging,q18,3,MERGE_SORT,0.999386
paging,q18,3,MERGE_SORT,1.019683
paging,q18,3,ORDER_BY,0.396473
paging,q18,3,ORDER_BY,0.519249
paging,q18,3,PARTITION,59.814606
paging,q18,3,PARTITION,59.304429999999996
paging,q18,3,PROJECTION,0.039128
paging,q18,3,PROJECTION,0.040993
paging,q18,3,RESULT_COLLECTOR,0.225867
paging,q18,3,RESULT_COLLECTOR,0.347017
paging,q18,3,SORT_PARTITION,0.726969
paging,q18,3,SORT_PARTITION,0.755528
paging,q18,3,SORT_SAMPLE,0.033213
paging,q18,3,SORT_SAMPLE,0.03358
paging,q18,4,CONCAT,0.5541860000000001
paging,q18,4,CONCAT,0.45936699999999997
paging,q18,4,DYNAMIC_FILTER,36.599872
paging,q18,4,DYNAMIC_FILTER,28.81332
paging,q18,4,FILTER,7.057975000000001
paging,q18,4,FILTER,7.255648000000001
paging,q18,4,GPU_SCAN,3516.7106120000003
paging,q18,4,GPU_SCAN,3489.5918810000003
paging,q18,4,HASH_GROUP_BY,251.772661
paging,q18,4,HASH_GROUP_BY,246.410748
paging,q18,4,HASH_JOIN,4.77386
paging,q18,4,HASH_JOIN,4.048419
paging,q18,4,MERGE_GROUP_BY,310.31443399999995
paging,q18,4,MERGE_GROUP_BY,307.401455
paging,q18,4,MERGE_SORT,1.17549
paging,q18,4,MERGE_SORT,1.184103
paging,q18,4,ORDER_BY,0.489122
paging,q18,4,ORDER_BY,0.434388
paging,q18,4,PARTITION,60.458946999999995
paging,q18,4,PARTITION,60.24428600000001
paging,q18,4,PROJECTION,0.015752
paging,q18,4,PROJECTION,0.012774
paging,q18,4,RESULT_COLLECTOR,0.289174
paging,q18,4,RESULT_COLLECTOR,0.365146
paging,q18,4,SORT_PARTITION,0.954553
paging,q18,4,SORT_PARTITION,0.716753
paging,q18,4,SORT_SAMPLE,0.047841
paging,q18,4,SORT_SAMPLE,0.032579
paging,q18,5,CONCAT,0.630976
paging,q18,5,CONCAT,0.49459700000000006
paging,q18,5,DYNAMIC_FILTER,37.867634
paging,q18,5,DYNAMIC_FILTER,30.948484000000004
paging,q18,5,FILTER,8.048502000000001
paging,q18,5,FILTER,7.733973
paging,q18,5,GPU_SCAN,3433.136951
paging,q18,5,GPU_SCAN,3466.5714139999995
paging,q18,5,HASH_GROUP_BY,248.37070799999998
paging,q18,5,HASH_GROUP_BY,247.01762300000004
paging,q18,5,HASH_JOIN,5.172206
paging,q18,5,HASH_JOIN,4.371208
paging,q18,5,MERGE_GROUP_BY,307.57325199999997
paging,q18,5,MERGE_GROUP_BY,307.602196
paging,q18,5,MERGE_SORT,0.900554
paging,q18,5,MERGE_SORT,0.977718
paging,q18,5,ORDER_BY,0.433917
paging,q18,5,ORDER_BY,0.417408
paging,q18,5,PARTITION,60.61830900000001
paging,q18,5,PARTITION,61.01926599999999
paging,q18,5,PROJECTION,0.040701
paging,q18,5,PROJECTION,0.015824
paging,q18,5,RESULT_COLLECTOR,0.139838
paging,q18,5,RESULT_COLLECTOR,0.138552
paging,q18,5,SORT_PARTITION,0.753388
paging,q18,5,SORT_PARTITION,0.871922
paging,q18,5,SORT_SAMPLE,0.081071
paging,q18,5,SORT_SAMPLE,0.04176
paging,q19,1,CONCAT,3.821412
paging,q19,1,DYNAMIC_FILTER,3.729981
paging,q19,1,FILTER,30.990119999999997
paging,q19,1,GPU_SCAN,4960.001813000001
paging,q19,1,HASH_JOIN,21.193783
paging,q19,1,MERGE_AGGREGATE,0.006952
paging,q19,1,PARTITION,0.41885800000000006
paging,q19,1,PROJECTION,0.07962
paging,q19,1,RESULT_COLLECTOR,0.07495
paging,q19,1,UNGROUPED_AGGREGATE,0.149224
paging,q19,2,CONCAT,3.5656299999999996
paging,q19,2,DYNAMIC_FILTER,3.735902
paging,q19,2,FILTER,35.21995600000001
paging,q19,2,GPU_SCAN,4845.159825000002
paging,q19,2,HASH_JOIN,21.406278
paging,q19,2,MERGE_AGGREGATE,0.021161
paging,q19,2,PARTITION,0.34987099999999993
paging,q19,2,PROJECTION,0.103486
paging,q19,2,RESULT_COLLECTOR,0.215302
paging,q19,2,UNGROUPED_AGGREGATE,0.149615
paging,q19,3,CONCAT,3.648735
paging,q19,3,DYNAMIC_FILTER,3.764365
paging,q19,3,FILTER,34.29270600000001
paging,q19,3,GPU_SCAN,4922.980455999999
paging,q19,3,HASH_JOIN,21.461821
paging,q19,3,MERGE_AGGREGATE,0.061677
paging,q19,3,PARTITION,0.5613760000000001
paging,q19,3,PROJECTION,0.094895
paging,q19,3,RESULT_COLLECTOR,0.239655
paging,q19,3,UNGROUPED_AGGREGATE,0.17873
paging,q19,4,CONCAT,3.6196390000000003
paging,q19,4,DYNAMIC_FILTER,3.783279
paging,q19,4,FILTER,32.394529999999996
paging,q19,4,GPU_SCAN,4903.931118
paging,q19,4,HASH_JOIN,21.353153
paging,q19,4,MERGE_AGGREGATE,0.02973
paging,q19,4,PARTITION,0.38525700000000007
paging,q19,4,PROJECTION,0.138395
paging,q19,4,RESULT_COLLECTOR,0.137236
paging,q19,4,UNGROUPED_AGGREGATE,0.195777
paging,q19,5,CONCAT,3.556082
paging,q19,5,DYNAMIC_FILTER,3.757919
paging,q19,5,FILTER,32.65091
paging,q19,5,GPU_SCAN,4894.667611
paging,q19,5,HASH_JOIN,21.372011
paging,q19,5,MERGE_AGGREGATE,0.017969
paging,q19,5,PARTITION,0.3325949999999999
paging,q19,5,PROJECTION,0.07696
paging,q19,5,RESULT_COLLECTOR,0.095035
paging,q19,5,UNGROUPED_AGGREGATE,0.141699
paging,q20,1,CONCAT,0.571661
paging,q20,1,DYNAMIC_FILTER,7.724286
paging,q20,1,FILTER,0.318166
paging,q20,1,GPU_SCAN,4051.7376830000003
paging,q20,1,HASH_GROUP_BY,0.869501
paging,q20,1,HASH_JOIN,3.6163680000000005
paging,q20,1,LEFT_DELIM_JOIN,0.444255
paging,q20,1,MERGE_GROUP_BY,0.028454
paging,q20,1,MERGE_SORT,1.657252
paging,q20,1,ORDER_BY,3.456108
paging,q20,1,PARTITION,0.22541799999999998
paging,q20,1,PROJECTION,0.132284
paging,q20,1,RESULT_COLLECTOR,0.448245
paging,q20,1,SORT_PARTITION,1.140777
paging,q20,1,SORT_SAMPLE,0.180982
paging,q20,2,CONCAT,0.8093740000000001
paging,q20,2,DYNAMIC_FILTER,7.812803000000001
paging,q20,2,FILTER,0.26418
paging,q20,2,GPU_SCAN,3981.328699
paging,q20,2,HASH_GROUP_BY,0.876072
paging,q20,2,HASH_JOIN,3.9101760000000003
paging,q20,2,LEFT_DELIM_JOIN,0.698241
paging,q20,2,MERGE_GROUP_BY,0.152937
paging,q20,2,MERGE_SORT,3.53995
paging,q20,2,ORDER_BY,3.448722
paging,q20,2,PARTITION,0.45752899999999996
paging,q20,2,PROJECTION,0.159228
paging,q20,2,RESULT_COLLECTOR,0.542183
paging,q20,2,SORT_PARTITION,1.166142
paging,q20,2,SORT_SAMPLE,0.277366
paging,q20,3,CONCAT,0.9937730000000001
paging,q20,3,DYNAMIC_FILTER,7.2757700000000005
paging,q20,3,FILTER,0.31908
paging,q20,3,GPU_SCAN,4428.352857
paging,q20,3,HASH_GROUP_BY,1.056083
paging,q20,3,HASH_JOIN,4.483935
paging,q20,3,LEFT_DELIM_JOIN,0.593835
paging,q20,3,MERGE_GROUP_BY,0.040598
paging,q20,3,MERGE_SORT,1.70533
paging,q20,3,ORDER_BY,3.468544
paging,q20,3,PARTITION,0.386698
paging,q20,3,PROJECTION,0.163112
paging,q20,3,RESULT_COLLECTOR,0.528832
paging,q20,3,SORT_PARTITION,1.192925
paging,q20,3,SORT_SAMPLE,0.132643
paging,q20,4,CONCAT,0.7514599999999999
paging,q20,4,DYNAMIC_FILTER,7.361332000000001
paging,q20,4,FILTER,0.203808
paging,q20,4,GPU_SCAN,4331.455281
paging,q20,4,HASH_GROUP_BY,0.743585
paging,q20,4,HASH_JOIN,3.674305
paging,q20,4,LEFT_DELIM_JOIN,0.527347
paging,q20,4,MERGE_GROUP_BY,0.031205
paging,q20,4,MERGE_SORT,1.392276
paging,q20,4,ORDER_BY,3.420729
paging,q20,4,PARTITION,0.34979
paging,q20,4,PROJECTION,0.114366
paging,q20,4,RESULT_COLLECTOR,0.471108
paging,q20,4,SORT_PARTITION,1.966102
paging,q20,4,SORT_SAMPLE,0.440505
paging,q20,5,CONCAT,0.8826940000000001
paging,q20,5,DYNAMIC_FILTER,10.434898000000002
paging,q20,5,FILTER,0.238419
paging,q20,5,GPU_SCAN,4379.176098999999
paging,q20,5,HASH_GROUP_BY,0.714672
paging,q20,5,HASH_JOIN,2.992026
paging,q20,5,LEFT_DELIM_JOIN,0.552399
paging,q20,5,MERGE_GROUP_BY,0.029913000000000002
paging,q20,5,MERGE_SORT,2.709652
paging,q20,5,ORDER_BY,3.41784
paging,q20,5,PARTITION,0.468986
paging,q20,5,PROJECTION,0.19192499999999998
paging,q20,5,RESULT_COLLECTOR,0.947689
paging,q20,5,SORT_PARTITION,2.56941
paging,q20,5,SORT_SAMPLE,0.453848
paging,q21,1,CONCAT,133.21946399999996
paging,q21,1,DYNAMIC_FILTER,108.34926900000002
paging,q21,1,FILTER,88.75920200000002
paging,q21,1,GPU_SCAN,10977.133492
paging,q21,1,HASH_GROUP_BY,33.243052
paging,q21,1,HASH_JOIN,1288.1723639999998
paging,q21,1,MERGE_GROUP_BY,5.983337
paging,q21,1,MERGE_SORT,10.894233
paging,q21,1,ORDER_BY,6.101281
paging,q21,1,PARTITION,0.6648260000000001
paging,q21,1,PROJECTION,0.9405519999999999
paging,q21,1,RESULT_COLLECTOR,2.642021
paging,q21,1,RIGHT_DELIM_JOIN,32.39451
paging,q21,1,SORT_PARTITION,3.338814
paging,q21,1,SORT_SAMPLE,0.131858
paging,q21,2,CONCAT,137.242739
paging,q21,2,DYNAMIC_FILTER,71.22024999999996
paging,q21,2,FILTER,68.107993
paging,q21,2,GPU_SCAN,9000.905993999999
paging,q21,2,HASH_GROUP_BY,1.093299
paging,q21,2,HASH_JOIN,986.0870609999998
paging,q21,2,MERGE_GROUP_BY,3.9888950000000003
paging,q21,2,MERGE_SORT,0.854571
paging,q21,2,ORDER_BY,2.126389
paging,q21,2,PARTITION,1.0422300000000002
paging,q21,2,PROJECTION,0.5938870000000002
paging,q21,2,RESULT_COLLECTOR,0.481195
paging,q21,2,RIGHT_DELIM_JOIN,13.946558000000001
paging,q21,2,SORT_PARTITION,0.288129
paging,q21,2,SORT_SAMPLE,0.135388
paging,q21,3,CONCAT,79.64459800000002
paging,q21,3,DYNAMIC_FILTER,68.24012199999999
paging,q21,3,FILTER,78.95615699999998
paging,q21,3,GPU_SCAN,10058.549155000002
paging,q21,3,HASH_GROUP_BY,1.369993
paging,q21,3,HASH_JOIN,1126.3149849999998
paging,q21,3,MERGE_GROUP_BY,5.994399
paging,q21,3,MERGE_SORT,1.225879
paging,q21,3,ORDER_BY,2.166454
paging,q21,3,PARTITION,1.2318769999999999
paging,q21,3,PROJECTION,1.2624090000000001
paging,q21,3,RESULT_COLLECTOR,1.299431
paging,q21,3,RIGHT_DELIM_JOIN,13.353
paging,q21,3,SORT_PARTITION,0.260478
paging,q21,3,SORT_SAMPLE,0.084008
paging,q21,4,CONCAT,89.32828899999998
paging,q21,4,DYNAMIC_FILTER,64.94171700000001
paging,q21,4,FILTER,69.10636400000001
paging,q21,4,GPU_SCAN,10008.234567
paging,q21,4,HASH_GROUP_BY,1.136304
paging,q21,4,HASH_JOIN,1087.544299
paging,q21,4,MERGE_GROUP_BY,6.177681000000001
paging,q21,4,MERGE_SORT,0.577204
paging,q21,4,ORDER_BY,2.225243
paging,q21,4,PARTITION,0.8473210000000001
paging,q21,4,PROJECTION,0.329586
paging,q21,4,RESULT_COLLECTOR,1.408473
paging,q21,4,RIGHT_DELIM_JOIN,12.875401
paging,q21,4,SORT_PARTITION,0.276244
paging,q21,4,SORT_SAMPLE,0.16471
paging,q21,5,CONCAT,88.85857399999999
paging,q21,5,DYNAMIC_FILTER,61.60293599999999
paging,q21,5,FILTER,85.96155800000001
paging,q21,5,GPU_SCAN,10249.749308000004
paging,q21,5,HASH_GROUP_BY,1.232944
paging,q21,5,HASH_JOIN,1123.5764220000003
paging,q21,5,MERGE_GROUP_BY,6.64886
paging,q21,5,MERGE_SORT,0.536087
paging,q21,5,ORDER_BY,2.157288
paging,q21,5,PARTITION,0.8020830000000001
paging,q21,5,PROJECTION,0.32006500000000004
paging,q21,5,RESULT_COLLECTOR,1.319271
paging,q21,5,RIGHT_DELIM_JOIN,13.34119
paging,q21,5,SORT_PARTITION,0.226663
paging,q21,5,SORT_SAMPLE,0.081353
paging,q22,1,CONCAT,0.16311199999999998
paging,q22,1,GPU_SCAN,310.127699
paging,q22,1,HASH_GROUP_BY,0.71778
paging,q22,1,HASH_JOIN,29.616410000000002
paging,q22,1,MERGE_AGGREGATE,6.424225
paging,q22,1,MERGE_GROUP_BY,0.092178
paging,q22,1,MERGE_SORT,0.011122
paging,q22,1,NESTED_LOOP_JOIN,7.712136
paging,q22,1,ORDER_BY,0.694744
paging,q22,1,PARTITION,0.142628
paging,q22,1,PROJECTION,5.0536900000000005
paging,q22,1,RESULT_COLLECTOR,0.580588
paging,q22,1,RIGHT_DELIM_JOIN,0.829896
paging,q22,1,SORT_PARTITION,0.016932
paging,q22,1,SORT_SAMPLE,0.027691
paging,q22,1,UNGROUPED_AGGREGATE,8.748473
paging,q22,2,CONCAT,1.6093989999999998
paging,q22,2,GPU_SCAN,180.47453
paging,q22,2,HASH_GROUP_BY,0.529902
paging,q22,2,HASH_JOIN,28.222127
paging,q22,2,MERGE_AGGREGATE,0.12379100000000001
paging,q22,2,MERGE_GROUP_BY,0.0483
paging,q22,2,MERGE_SORT,0.006914
paging,q22,2,NESTED_LOOP_JOIN,1.235708
paging,q22,2,ORDER_BY,0.586873
paging,q22,2,PARTITION,0.327643
paging,q22,2,PROJECTION,0.370122
paging,q22,2,RESULT_COLLECTOR,0.256201
paging,q22,2,RIGHT_DELIM_JOIN,0.692002
paging,q22,2,SORT_PARTITION,0.00523
paging,q22,2,SORT_SAMPLE,0.007907
paging,q22,2,UNGROUPED_AGGREGATE,0.389152
paging,q22,3,CONCAT,1.7718479999999999
paging,q22,3,GPU_SCAN,181.99783200000002
paging,q22,3,HASH_GROUP_BY,0.590448
paging,q22,3,HASH_JOIN,28.269708
paging,q22,3,MERGE_AGGREGATE,0.148871
paging,q22,3,MERGE_GROUP_BY,0.014905000000000002
paging,q22,3,MERGE_SORT,0.007628
paging,q22,3,NESTED_LOOP_JOIN,0.854681
paging,q22,3,ORDER_BY,0.588155
paging,q22,3,PARTITION,0.25793099999999997
paging,q22,3,PROJECTION,0.38916100000000003
paging,q22,3,RESULT_COLLECTOR,0.097662
paging,q22,3,RIGHT_DELIM_JOIN,0.645903
paging,q22,3,SORT_PARTITION,0.011602
paging,q22,3,SORT_SAMPLE,0.016344
paging,q22,3,UNGROUPED_AGGREGATE,0.38594
paging,q22,4,CONCAT,1.5341429999999998
paging,q22,4,GPU_SCAN,183.127132
paging,q22,4,HASH_GROUP_BY,0.795171
paging,q22,4,HASH_JOIN,28.543225999999997
paging,q22,4,MERGE_AGGREGATE,0.062668
paging,q22,4,MERGE_GROUP_BY,0.058514
paging,q22,4,MERGE_SORT,0.022005
paging,q22,4,NESTED_LOOP_JOIN,0.861859
paging,q22,4,ORDER_BY,0.605829
paging,q22,4,PARTITION,0.415112
paging,q22,4,PROJECTION,0.526788
paging,q22,4,RESULT_COLLECTOR,0.360159
paging,q22,4,RIGHT_DELIM_JOIN,0.657262
paging,q22,4,SORT_PARTITION,0.005782
paging,q22,4,SORT_SAMPLE,0.00939
paging,q22,4,UNGROUPED_AGGREGATE,0.318768
paging,q22,5,CONCAT,1.703422
paging,q22,5,GPU_SCAN,180.99622700000003
paging,q22,5,HASH_GROUP_BY,0.584126
paging,q22,5,HASH_JOIN,28.485502999999998
paging,q22,5,MERGE_AGGREGATE,0.122483
paging,q22,5,MERGE_GROUP_BY,0.054726000000000004
paging,q22,5,MERGE_SORT,0.006047
paging,q22,5,NESTED_LOOP_JOIN,0.865757
paging,q22,5,ORDER_BY,0.573831
paging,q22,5,PARTITION,0.2743009999999999
paging,q22,5,PROJECTION,0.40452200000000005
paging,q22,5,RESULT_COLLECTOR,0.269892
paging,q22,5,RIGHT_DELIM_JOIN,0.638946
paging,q22,5,SORT_PARTITION,0.007244
paging,q22,5,SORT_SAMPLE,0.014911
paging,q22,5,UNGROUPED_AGGREGATE,0.428467
